类别	根名	宿主	核心字用数	扩展字用数	合计
主根	已		1	0	1
主根	竹		1	0	1
主根	击		2	0	2
主根	秉		1	2	3
主根	雨		2	2	4
主根	厉		5	0	5
主根	卵		2	3	5
主根	赢字架		5	0	5
主根	商		3	4	7
主根	专		7	1	8
主根	无		8	0	8
主根	丽		8	2	10
主根	来		11	0	11
主根	乐		9	2	11
主根	长		11	0	11
主根	以		5	7	12
主根	象		4	10	14
主根	向		6	9	15
主根	暴		4	11	15
主根	览字头		14	2	16
主根	变字头		15	2	17
主根	永		8	10	18
主根	佥		18	1	19
主根	尧		19	0	19
主根	丘		7	13	20
主根	刍		16	5	21
主根	西		12	10	22
主根	井		8	15	23
主根	单		21	2	23
主根	韦		22	1	23
主根	龙		22	2	24
主根	居		11	13	24
主根	之		7	17	24
主根	夷		6	20	26
主根	行		17	15	32
主根	利		9	24	33
主根	弟		12	21	33
主根	及		12	24	36
主根	车		33	3	36
主根	兔		8	29	37
主根	片		7	30	37
主根	禸		14	26	40
主根	付		13	27	40
主根	见		37	3	40
主根	五		23	18	41
主根	弗		12	33	45
主根	莫		21	24	45
主根	足		10	35	45
主根	未		9	39	48
主根	牙		18	31	49
主根	民		11	38	49
主根	氏		12	42	54
主根	饣		47	8	55
主根	俞		22	34	56
主根	追字心		9	48	57
主根	鬲		15	42	57
主根	交		23	35	58
主根	气		23	36	59
主根	兼		16	46	62
主根	九		21	41	62
主根	母		26	46	72
主根	也		16	56	72
主根	卩		15	58	73
主根	乃		23	51	74
主根	衣		36	43	79
主根	定字底		27	52	79
主根	竖		22	58	80
主根	乙		22	61	83
主根	美字头		18	66	84
主根	鬼		25	60	85
主根	皮		25	64	89
主根	马		88	4	92
主根	束		26	66	92
主根	牛		29	65	94
主根	至		28	67	95
主根	业无横		22	74	96
主根	争字底		33	64	97
主根	黑		19	82	101
主根	角		29	73	102
主根	骨		23	81	104
主根	文		41	64	105
主根	鸟		101	5	106
主根	鹿		18	89	107
主根	甫		35	76	111
主根	瓦		15	96	111
主根	且		36	78	114
主根	辛		33	84	117
主根	古		46	71	117
主根	音		37	85	122
主根	臣		6	119	125
主根	今		28	101	129
主根	里		41	97	138
主根	艮		55	84	139
主根	干		36	104	140
主根	鱼		131	10	141
主根	矢		45	98	143
主根	毛		29	115	144
主根	予		42	105	147
主根	勿		25	133	158
主根	耂		56	105	161
主根	横		57	106	163
主根	礻		48	115	163
主根	降下角		25	146	171
主根	讠		167	8	175
主根	纟		177	15	192
主根	丰		44	156	200
主根	示		75	138	213
主根	斤		57	158	215
主根	豕		54	164	218
主根	廿		45	174	219
主根	殳		44	176	220
主根	几		62	172	234
主根	彳		42	194	236
主根	匚		68	172	240
主根	享字头		84	156	240
主根	方		80	165	245
主根	点		49	226	275
主根	夕		86	190	276
主根	钅		272	18	290
主根	犭		89	202	291
主根	习		88	206	294
主根	小		105	193	298
主根	子		105	199	304
主根	耳		70	261	331
主根	立		75	258	333
主根	爫		77	257	334
主根	皿		72	263	335
主根	力		112	241	353
主根	刀		101	252	353
主根	戈		64	292	356
主根	止		93	290	383
主根	米		117	267	384
主根	工		76	313	389
主根	卜		88	308	396
主根	尸		124	281	405
主根	卧人		109	314	423
主根	寸		127	300	427
主根	广		119	330	449
主根	白		135	314	449
主根	巾		102	355	457
主根	囗		119	356	475
主根	辶		160	318	478
主根	石		148	338	486
主根	忄		154	382	536
主根	隹		126	428	554
主根	王		226	343	569
主根	儿		115	478	593
主根	禾		127	468	595
主根	月		204	458	662
主根	田		169	493	662
主根	亠		195	519	714
主根	火		184	547	731
主根	匕		195	570	765
主根	山		196	572	768
主根	虫		199	590	789
主根	大		261	547	808
主根	厶		233	591	824
主根	又		262	570	832
主根	撇		145	692	837
主根	扌		309	637	946
主根	女		267	691	958
主根	宀		282	693	975
主根	人		205	801	1006
主根	亻		361	710	1071
主根	土		411	957	1368
主根	十		291	1106	1397
主根	氵		525	911	1436
主根	艹		557	1343	1900
主根	木		557	1408	1965
主根	八		420	1948	2368
主根	日		594	1909	2503
主根	折		429	2352	2781
主根	口		1148	2912	4060
锚定	秉	争字底	1	2	3
锚定	州	竖	3	6	9
锚定	师字旁	竖	9	1	10
锚定	川	竖	9	18	27
锚定	羊	鹿	28	59	87
锚定	南字心	鹿	18	97	115
锚定	巛	竖	18	124	142
锚定	舟	车	40	109	149
锚定	彡	撇	85	265	350
锚定	三	横	21	522	543
锚定	二	横	169	859	1028
附属	负字头	刀	0	0	0
附属	卵字旁	卵	0	0	0
附属	乌省	鸟	0	0	0
附属	辛旁	辛	1	0	1
附属	卯字旁	卵	1	0	1
附属	毋	母	2	0	2
附属	弟省	弟	1	1	2
附属	岛	鸟	2	0	2
附属	拣字边	车	3	0	3
附属	鸟省	鸟	3	0	3
附属	巸	臣	1	3	4
附属	办	力	4	0	4
附属	印	卵	3	1	4
附属	印字旁	卵	0	4	4
附属	戶	尸	1	4	5
附属	豙	立	1	4	5
附属	辡	辛	4	1	5
附属	曰	日	2	3	5
附属	乌	鸟	5	0	5
附属	应字心	小	5	1	6
附属	龵	美字头	4	2	6
附属	为	力	6	0	6
附属	囱字框	向	1	5	6
附属	飞	折	1	6	7
附属	龟字底	田	2	5	7
附属	署	皿	3	4	7
附属	带字头	艹	4	4	8
附属	节字底	卩	5	3	8
附属	东	车	8	1	9
附属	臧字框	戈	2	7	9
附属	鹿旁	鹿	3	6	9
附属	互	争字底	2	7	9
附属	乂	交	4	5	9
附属	贤字头	览字头	8	2	10
附属	襄省	衣	5	5	10
附属	夜下角	夕	4	6	10
附属	互中间	争字底	10	0	10
附属	制字旁	牛	2	8	10
附属	四	皿	3	7	10
附属	乔	竖	11	1	12
附属	亦	变字头	5	7	12
附属	斥	斤	5	7	12
附属	颐字旁	臣	5	8	13
附属	卬	卩	5	8	13
附属	两	丽	12	1	13
附属	才	寸	7	6	13
附属	爪	爫	4	9	13
附属	在字框	十	5	9	14
附属	戋	戈	15	0	15
附属	戉	戈	4	11	15
附属	餐字头	夕	4	12	16
附属	毌	母	4	13	17
附属	豖	豕	7	10	17
附属	太	大	7	10	17
附属	采	爫	5	12	17
附属	彑	争字底	2	15	17
附属	恭字底	忄	7	11	18
附属	学无子	宀	9	9	18
附属	囊字头	宀	7	11	18
附属	丬	片	13	5	18
附属	熏	黑	6	12	18
附属	轻字边	工	18	1	19
附属	杨字边	勿	20	0	20
附属	肄字旁	匕	5	15	20
附属	久	又	6	14	20
附属	旅下角	氏	5	16	21
附属	卅	艹	1	21	22
附属	尺	尸	10	12	22
附属	向字框	向	7	16	23
附属	囱	向	5	18	23
附属	卯	卵	9	14	23
附属	末	未	7	17	24
附属	朿	束	7	21	28
附属	囟	向	8	22	30
附属	卌	艹	1	30	31
附属	免	兔	12	19	31
附属	玨	王	9	22	31
附属	了	子	12	19	31
附属	甲	田	13	19	32
附属	啇	商	8	24	32
附属	祭字头	夕	13	20	33
附属	叟字头	白	14	19	33
附属	血	皿	6	27	33
附属	乡	纟	9	25	34
附属	朱	未	13	22	35
附属	襄	衣	15	20	35
附属	亦字底	变字头	9	28	37
附属	尤	龙	15	22	37
附属	面	雨	9	28	37
附属	失	矢	10	28	38
附属	化字边	匕	14	24	38
附属	荒字底	竖	17	24	41
附属	㡀	八	12	29	41
附属	养字头	美字头	10	32	42
附属	玉	王	17	26	43
附属	官字底	追字心	16	30	46
附属	巨	匚	14	33	47
附属	留字头	夕	14	34	48
附属	然左角	夕	3	46	49
附属	亚	业无横	27	22	49
附属	己	已	28	22	50
附属	录字头	争字底	12	38	50
附属	氐	氏	16	35	51
附属	北字旁	片	12	41	53
附属	甘	廿	18	35	53
附属	丌	儿	14	40	54
附属	聿	争字底	18	36	54
附属	柬	束	12	45	57
附属	瓜	爫	18	40	58
附属	爿	片	7	52	59
附属	龴	厶	21	39	60
附属	电	田	20	40	60
附属	七	匕	21	40	61
附属	凡	几	11	51	62
附属	必	忄	19	44	63
附属	豸	豕	15	49	64
附属	帝字头	宀	26	40	66
附属	身	向	9	58	67
附属	入	人	3	65	68
附属	匃	匚	20	48	68
附属	车旁	车	67	1	68
附属	丸	九	17	53	70
附属	疋	定字底	22	49	71
附属	出	山	19	54	73
附属	页	见	69	4	73
附属	贵字头	虫	13	61	74
附属	壬	土	29	45	74
附属	春字头	美字头	29	45	74
附属	釆	爫	23	54	77
附属	令	今	28	51	79
附属	具字头	且	31	49	80
附属	手	扌	20	62	82
附属	门	匚	77	5	82
附属	乙	折	22	61	83
附属	禺字底	禸	20	63	83
附属	少三	小	25	59	84
附属	弋	戈	29	57	86
附属	廴	辶	33	55	88
附属	登字头	夕	20	68	88
附属	金	钅	17	72	89
附属	尚头	宀	22	70	92
附属	龹	美字头	24	68	92
附属	各	又	36	57	93
附属	周字框	几	33	63	96
附属	夫	大	19	81	100
附属	于	干	34	71	105
附属	天	大	37	69	106
附属	牜	牛	21	86	107
附属	差字头	美字头	28	80	108
附属	缶	击	27	85	112
附属	戊	戈	34	80	114
附属	申	田	20	96	116
附属	巴	已	38	80	118
附属	其字头	廿	40	78	118
附属	告字头	牛	39	79	118
附属	衣省	衣	27	95	122
附属	肀	争字底	24	99	123
附属	可	寸	50	75	125
附属	巳	已	35	92	127
附属	水	氵	28	100	128
附属	而	雨	40	89	129
附属	畏字底带横	定字底	31	98	129
附属	丁	寸	31	101	132
附属	走	足	20	112	132
附属	非	片	38	97	135
附属	反字框	撇	44	93	137
附属	风省	几	21	117	138
附属	由	田	38	108	146
附属	歹	夕	37	111	148
附属	户	尸	50	101	151
附属	乔字底	竖	36	122	158
附属	㔾	已	66	94	160
附属	糸	纟	39	133	172
附属	犬	大	46	127	173
附属	贝	见	161	14	175
附属	氺	氵	45	131	176
附属	彐	争字底	38	139	177
附属	比字旁	匕	63	118	181
附属	覀	西	51	134	185
附属	千	干	52	136	188
附属	兀	儿	49	144	193
附属	革	廿	41	153	194
附属	冬字底	点	71	130	201
附属	弓	折	45	161	206
附属	廾	艹	62	163	225
附属	臼	白	52	181	233
附属	尚字头	小	82	151	233
附属	酉	西	78	177	255
附属	即字旁	艮	25	245	270
附属	雨头	雨	68	216	284
附属	衤	礻	64	230	294
附属	冫	氵	80	215	295
附属	龶	丰	106	190	296
附属	足旁	足	103	223	326
附属	士	土	71	258	329
附属	疒	广	104	227	331
附属	刂	刀	103	237	340
附属	凵	匚	98	270	368
附属	自	白	39	356	395
附属	龷	廿	97	313	410
附属	鱼省	鱼	0	418	418
附属	举字底	扌	64	378	442
附属	攵	又	128	320	448
附属	罒	皿	78	371	449
附属	勹	匚	124	340	464
附属	㐅	交	141	324	465
附属	夂	又	102	369	471
附属	左字框	十	114	366	480
附属	⺈	刀	143	395	538
附属	青字底	月	144	411	555
附属	阝	卩	203	385	588
附属	竹头	竹	134	456	590
附属	心	忄	146	465	611
附属	言	讠	33	633	666
附属	金字底	钅	2	738	740
附属	厂	广	154	593	747
附属	卢字头	卜	164	584	748
附属	冖	宀	203	598	801
附属	幺	纟	52	770	822
附属	冂	匚	165	770	935
附属	见二	匚	36	936	972
附属	丷	八	284	715	999
附属	丨	竖	117	1119	1236
附属	目	日	136	1147	1283
附属	灬	火	63	1397	1460
附属	丿	撇	229	1254	1483
附属	丶	点	133	1572	1705
附属	全字头	人	220	1513	1733
附属	一	横	895	4114	5009
