sequence	key	display	name	role	host	side	char	pinyin	split	full	short	candidate_count
1	y	两	两	附属根	丽	首	两	liǎng	两	llyy	ll	1
2	y	两	两	附属根	丽	末	俩	liǎ	亻 ＋ 两	llfy lxfy	lx	10
3	j	𠃓	杨字边	附属根	勿	末	汤	tāng	氵 ＋ 𠃓	thbj	th	18
4	m	里	里	主根	里	首	墅	shù	里 ＋ 予 ＋ 土	uumt	uum	3
5	m	里	里	主根	里	末	里	lǐ	里	limm	li	35
6	p	在字框	在字框	附属根	十	首	存	cún	在字框 ＋ 子	cypn	cy	2
7	a	乔字底	乔字底	附属根	竖	末	奡	ào	一 ＋ 自 ＋ 大 ＋ 乔字底	aona	aon	26
8	y	末	末	附属根	未	首	末	mò	末	moyy	moy	1
9	y	末	末	附属根	未	末	抹	mǒ	扌 ＋ 末	maly moly	mal	7
10	i	⺶	差字头	附属根	美字头	首	差	chà / chā / chāi	⺶ ＋ 工	ciie iaie idie	ia	15
11	e	工	工	主根	工	首	工	gōng	工	gsee	gse	15
12	e	工	工	主根	工	末	红	hóng	纟 ＋ 工	hsje	hs	45
13	n	爿	爿	附属根	片	首	牁	kē	爿 ＋ 可	keny	ken	5
14	n	爿	爿	附属根	片	末	爿	pán	爿	pjnn	pjn	1
15	w	匚	匚	主根	匚	首	欧	ōu	匚 ＋ 㐅 ＋ ⺈ ＋ 人	ouwg	ou	24
16	w	匚	匚	主根	匚	末	汇	huì	氵 ＋ 匚	hvbw	hvb	2
17	o	㠯	官字底	附属根	追字心	末	馆	guǎn	饣 ＋ 宀 ＋ 㠯	grao	gra	12
18	r	永	永	主根	永	首	昶	chǎng	永 ＋ 日	ihrq	ihr	2
19	r	永	永	主根	永	末	脉	mài	月 ＋ 永	mdvr movr	mdv	7
20	g	全字头	全字头	附属根	人	首	个	gè	全字头 ＋ 丨	gega	ge	42
21	w	干	干	主根	干	首	干	gàn / gān	干	gjww	gjw	4
22	w	干	干	主根	干	末	岸	àn	山 ＋ 厂 ＋ 干	anyw	any	29
23	m	革	革	附属根	廿	首	鞍	ān	革 ＋ 宀 ＋ 女	anmz	anm	34
24	m	革	革	附属根	廿	末	革	gé	革	gemm	gem	2
25	i	户	户	附属根	尸	首	户	hù	户	huii	hu	21
26	i	户	户	附属根	尸	末	护	hù	扌 ＋ 户	huli	hul	9
27	q	秉	秉	主根	秉	末	秉	bǐng	秉	bkqq	bkq	1
28	a	弟	弟	主根	弟	首	剃	tì	弟 ＋ 刂	tias	tia	4
29	a	弟	弟	主根	弟	末	弟	dì	弟	diaa	dia	9
30	y	丽	丽	主根	丽	首	丽	lì	丽	liyy	liy	4
31	y	丽	丽	主根	丽	末	骊	lí	马 ＋ 丽	licy	lic	5
32	m	习	习	主根	习	首	戳	chuō	习 ＋ 习 ＋ 隹 ＋ 戈	iomr	io	15
33	m	习	习	主根	习	末	翁	wēng	八 ＋ 厶 ＋ 习 ＋ 习	wgam	wg	47
34	k	𦣞	颐字旁	附属根	臣	首	颐	yí	𦣞 ＋ 页	yikz	yik	2
35	k	𦣞	颐字旁	附属根	臣	末	茝	chǎi	艹 ＋ 𦣞	idxk	idx	3
36	t	肄左	肄字旁	附属根	匕	首	疑	yí	肄左 ＋ 龴 ＋ 疋	yitk	yit	2
37	b	氺	氺	附属根	氵	末	康	kāng	广 ＋ 肀 ＋ 氺	khsb	kh	28
38	a	川	川	锚定根	竖	首	顺	shùn	川 ＋ 页	uyaz	uy	2
39	a	川	川	锚定根	竖	末	川	chuān	川	iraa	ira	8
40	q	彐	彐	附属根	争字底	首	灵	líng	彐 ＋ 火	lkqr	lkq	5
41	q	彐	彐	附属根	争字底	末	扫	sǎo	扌 ＋ 彐	sclq	sc	16
42	m	𠀎	冓头	主根	冓头	首	遘	gòu	𠀎 ＋ 冂 ＋ 土 ＋ 辶	gzmp	gzmp	3
43	s	厂	厂	附属根	广	首	厕	cè	厂 ＋ 贝 ＋ 刂	cess	ces	34
44	s	厂	厂	附属根	广	末	厂	chǎng	厂	ihss	ihs	1
45	t	佥	佥	主根	佥	首	剑	jiàn	佥 ＋ 刂	jmts	jmt	3
46	t	佥	佥	主根	佥	末	捡	jiǎn	扌 ＋ 佥	jmlt	jml	14
47	p	田	田	主根	田	首	町	dīng	田 ＋ 丁	dkpy	dkp	26
48	p	田	田	主根	田	末	畚	běn	厶 ＋ 大 ＋ 田	bftp	bft	71
49	p	十	十	主根	十	首	南	nán	十 ＋ 冂 ＋ 南字心	napk njpk	nj	37
50	p	十	十	主根	十	末	平	píng	一 ＋ 丷 ＋ 十	pknp	p	143
51	y	鱼	鱼	主根	鱼	首	鲍	bào	鱼 ＋ 勹 ＋ 巳	bcyv	bcy	109
52	y	鱼	鱼	主根	鱼	末	鲎	hòu	学无子 ＋ 鱼	hziy	hzi	12
53	s	广	广	主根	广	首	度	dù	广 ＋ 廿 ＋ 又	dosq dusq	du	69
54	s	广	广	主根	广	末	广	guǎng	广	glss	gls	7
55	l	𣦼	餐字头	附属根	夕	首	餐	cān	𣦼 ＋ 全字头 ＋ 丶 ＋ 艮	cjlc	cjl	2
56	w	千	千	附属根	干	首	乱	luàn	千 ＋ 口 ＋ 折	lrwo	lr	17
57	w	千	千	附属根	干	末	忏	chàn	忄 ＋ 千	ijcw	ijc	11
58	g	止	止	主根	止	首	此	cǐ	止 ＋ 匕	cigt	ci	33
59	g	止	止	主根	止	末	斌	bīn	文 ＋ 一 ＋ 弋 ＋ 止	bbag	bb	24
60	p	母	母	主根	母	首	母	mǔ	母	mupp	mup	1
61	p	母	母	主根	母	末	毒	dú	龶 ＋ 母	duwp	duw	20
62	r	竹	竹	主根	竹	末	竹	zhú	竹	vurr	vur	1
63	r	免	免	附属根	兔	首	勉	miǎn	免 ＋ 力	mmrp	mmrp	2
64	r	免	免	附属根	兔	末	免	miǎn	免	mmrr	mmr	8
65	l	井	井	主根	井	首	进	jìn	井 ＋ 辶	jblp	jbl	2
66	l	井	井	主根	井	末	耕	gēng	耒 ＋ 井	ggnl	ggn	6
67	w	巨	巨	附属根	匚	首	巨	jù	巨	juww	juww	1
68	w	巨	巨	附属根	匚	末	拒	jù	扌 ＋ 巨	julw	jul	11
69	y	示	示	主根	示	首	示	shì	示	uiyy	uiy	1
70	y	示	示	主根	示	末	擦	cā	扌 ＋ 宀 ＋ 祭字头 ＋ 示	caly	ca	63
71	n	一	一	附属根	横	首	不	bù	一 ＋ 亻 ＋ 点	buna	b	84
72	n	一	一	附属根	横	末	但	dàn	亻 ＋ 日 ＋ 一	djfn	dj	172
73	n	交	交	主根	交	首	交	jiāo	交	jnnn	jnn	4
74	n	交	交	主根	交	末	校	xiào	木 ＋ 交	jnon xnon	xn	19
75	x	卅	卅	附属根	艹	末	卅	sà	卅	saxx	sax	1
76	f	亻	亻	主根	亻	首	你	nǐ	亻 ＋ ⺈ ＋ 小	nifg	n	274
77	n	衣	衣	主根	衣	首	哀	āi	衣 ＋ 口	ainh	ain	12
78	n	衣	衣	主根	衣	末	装	zhuāng	丬 ＋ 士 ＋ 衣	vlnn	vl	19
79	l	瓦	瓦	主根	瓦	首	瓦	wǎ	瓦	wall	wa	1
80	l	瓦	瓦	主根	瓦	末	甏	bèng	士 ＋ 口 ＋ 丷 ＋ 一 ＋ 彡 ＋ 瓦	bgtl	bgt	15
81	x	带字头	带字头	附属根	艹	首	带	dài	带字头 ＋ 冖 ＋ 巾	ddxa	dd	1
82	a	身	身	附属根	向	首	躲	duǒ	身 ＋ 几 ＋ 木	doao	doa	6
83	a	身	身	附属根	向	末	身	shēn	身	ufaa	ufa	1
84	z	贝	贝	附属根	见	首	购	gòu	贝 ＋ 勹 ＋ 厶	gzzt	gz	38
85	z	贝	贝	附属根	见	末	贵	guì	𠀐 ＋ 贝	gvmz	gv	105
86	z	女	女	主根	女	首	奶	nǎi	女 ＋ 乃	ndzv	nd	155
87	z	女	女	主根	女	末	接	jiē	扌 ＋ 立 ＋ 女	jplz	jp	94
88	g	付	付	主根	付	首	付	fù	付	fugg	fug	1
89	g	付	付	主根	付	末	驸	fù	马 ＋ 付	fucg	fuc	12
90	p	力	力	主根	力	首	加	jiā	力 ＋ 口	jxph	jx	10
91	p	力	力	主根	力	末	动	dòng	二 ＋ 厶 ＋ 力	dsnp	ds	89
92	m	爫	爫	主根	爫	首	孚	fú	爫 ＋ 子	fumn	fum	17
93	k	行	行	主根	行	首	行	xíng / háng	行	hgkk hhkk xkkk	xk	12
94	k	行	行	主根	行	末	珩	héng	王 ＋ 行	hggk	hgg	5
95	d	龙	龙	主根	龙	首	龚	gōng	龙 ＋ 龷 ＋ 八	gsda	gsd	8
96	d	龙	龙	主根	龙	末	龙	lóng	龙	lsdd	ls	15
97	n	襄	襄	附属根	衣	首	瓤	ráng	襄 ＋ 瓜	rhnm	rhn	2
98	n	襄	襄	附属根	衣	末	曩	nǎng	日 ＋ 襄	nhqn	nhq	14
99	p	毋	毋	附属根	母	首	毋	wú	毋	wupp	wup	1
100	p	毋	毋	附属根	母	末	毐	ǎi	士 ＋ 毋	aitp	aitp	2
101	n	大	大	主根	大	首	套	tào	大 ＋ 一 ＋ ⺊ ＋ 二 ＋ 厶	tcnt	tc	27
102	n	大	大	主根	大	末	大	dà	大	dann ddnn	da	121
103	i	𦍌	美字头	主根	美字头	首	美	měi	𦍌 ＋ 大	mwin	mw	10
104	d	丸	丸	附属根	九	首	丸	wán	丸	wjdd	wjd	1
105	d	丸	丸	附属根	九	末	亵	xiè	衣 ＋ 扌 ＋ 丸	xpnd	xpn	6
106	j	印	印	附属根	卵	首	印	yìn	印	ybjj	ybj	1
107	j	印	印	附属根	卵	末	茚	yìn	艹 ＋ 印	ybxj	ybxj	3
108	i	宀	宀	主根	宀	首	安	ān	宀 ＋ 女	aniz	an	117
109	z	商	商	主根	商	首	商	shāng	商	uhzz	uhz	1
110	z	商	商	主根	商	末	熵	shāng	火 ＋ 商	uhrz	uhr	3
111	p	朿	朿	附属根	束	首	刺	cì	朿 ＋ 刂	cips	cip	4
112	p	朿	朿	附属根	束	末	策	cè	⺮ ＋ 朿	cerp	cer	3
113	a	饣	饣	主根	饣	首	饭	fàn	饣 ＋ 𠂆 ＋ 又	fjaq	fj	47
114	n	览字头	览字头	主根	览字头	首	监	jiān	览字头 ＋ 皿	jmna	jmn	4
115	r	黑	黑	主根	黑	首	黑	hēi	黑	hwrr	hw	13
116	r	黑	黑	主根	黑	末	嘿	hēi	口 ＋ 黑	hwhr	hwh	6
117	f	𠂉	卧人	主根	卧人	首	年	nián	𠂉 ＋ 横 ＋ 竖 ＋ 横 ＋ 竖	nmfa	nm	17
118	z	页	页	附属根	见	首	页	yè	页	yezz	yez	1
119	z	页	页	附属根	见	末	顿	dùn	一 ＋ 凵 ＋ 折 ＋ 页	dynz	dy	66
120	s	刀	刀	主根	刀	首	刀	dāo	刀	dcss	dcs	7
121	s	刀	刀	主根	刀	末	分	fēn / fèn	八 ＋ 刀	ffas	ff	32
122	a	向字框	向字框	附属根	向	首	奥	ào	向字框 ＋ 米 ＋ 大	aoan	ao	1
123	g	王	王	主根	王	首	弄	nòng	王 ＋ 廾	lsgx nsgx	ns	170
124	g	王	王	主根	王	末	全	quán	全字头 ＋ 王	qrgg	qr	51
125	c	艮	艮	主根	艮	首	退	tuì	艮 ＋ 辶	tvcp	tv	4
126	c	艮	艮	主根	艮	末	跟	gēn	⻊ ＋ 艮	gfzc	gf	48
127	t	厶	厶	主根	厶	首	欸	éi	厶 ＋ 矢 ＋ ⺈ ＋ 人	aitg eitg	ei	21
128	t	厶	厶	主根	厶	末	丢	diū	撇 ＋ 土 ＋ 厶	dqet dqwt	dq	71
129	n	夫	夫	附属根	大	首	夫	fū	夫	funn	fun	5
130	n	夫	夫	附属根	大	末	呋	fū	口 ＋ 夫	fuhn	fuh	12
131	r	臧字框	臧字框	附属根	戈	首	臧	zāng	臧字框 ＋ 臣	zhrk	zhr	1
132	a	皿	皿	主根	皿	首	皿	mǐn	皿	mbaa	mba	1
133	a	皿	皿	主根	皿	末	盘	pán	舟 ＋ 皿	pjea	pj	68
134	u	五	五	主根	五	首	五	wǔ	五	wuuu	wuu	4
135	u	五	五	主根	五	末	伍	wǔ	亻 ＋ 五	wufu	wufu	2
136	t	士	士	附属根	土	首	款	kuǎn	士 ＋ 示 ＋ ⺈ ＋ 人	krtg	kr	33
137	t	士	士	附属根	土	末	茌	chí	艹 ＋ 亻 ＋ 士	iixt	iix	4
138	m	釆	釆	附属根	爫	首	翻	fān	釆 ＋ 田 ＋ 习 ＋ 习	fjmm	fjm	7
139	a	卜	卜	主根	卜	首	虐	nüè	卜 ＋ 厂 ＋ 七 ＋ 匚 ＋ 一	ntan	nt	17
140	a	卜	卜	主根	卜	末	外	wài	夕 ＋ 卜	wdla	wd	26
141	p	节字底	节字底	附属根	卩	首	卫	wèi	节字底 ＋ 一	wwpn	wwp	1
142	p	节字底	节字底	附属根	卩	末	疖	jiē	疒 ＋ 节字底	jpsp	jps	4
143	p	龟字底	龟字底	附属根	田	末	龟	guī	⺈ ＋ 龟字底	gvsp jysp qqsp	gvs jys qqs	2
144	e	豕	豕	主根	豕	首	逐	zhú	豕 ＋ 辶	vuep	vue	5
145	e	豕	豕	主根	豕	末	家	jiā	宀 ＋ 豕	jxie	jxi	35
146	o	木	木	主根	木	首	本	běn	木 ＋ 一	bfon	bf	325
147	o	木	木	主根	木	末	困	kùn	囗 ＋ 木	kyeo	ky	144
148	q	录字头	录字头	附属根	争字底	首	剥	bāo / bō	录字头 ＋ 氺 ＋ 刂	bcqs boqs	bcq boq	3
149	t	莫	莫	主根	莫	首	鄚	mào	莫 ＋ 阝	mctp	mct	9
150	t	莫	莫	主根	莫	末	摸	mō	扌 ＋ 莫	molt	mo	13
151	v	乃	乃	主根	乃	首	尕	gǎ	乃 ＋ 小	gavg	gav	6
152	v	乃	乃	主根	乃	末	仍	réng	亻 ＋ 乃	rgfv	rg	16
153	m	𠀐	贵字头	附属根	虫	首	遣	qiǎn	𠀐 ＋ 㠯 ＋ 辶	qmmp	qmm	3
154	t	𠤎	化字边	附属根	匕	末	化	huà	亻 ＋ 𠤎	hxft	hx	6
155	c	⻗	雨头	附属根	雨	首	需	xū	⻗ ＋ 而	xucc	xu	36
156	q	久	久	附属根	又	首	灸	jiǔ	久 ＋ 火	jqqr	jqq	2
157	q	久	久	附属根	又	末	久	jiǔ	久	jqqq	jq	5
158	e	豸	豸	附属根	豕	首	豹	bào	豸 ＋ 勹 ＋ 丶	bcea	bce	13
159	e	豸	豸	附属根	豕	末	豸	zhì	豸	vdee viee	vde	1
160	l	夕	夕	主根	夕	首	名	míng	夕 ＋ 口	mklh	mk	11
161	l	夕	夕	主根	夕	末	多	duō	夕 ＋ 夕	doll	do	29
162	j	石	石	主根	石	首	泵	bèng	石 ＋ 水	bgjb	bg	125
163	j	石	石	主根	石	末	碧	bì	王 ＋ 白 ＋ 石	bigj	big	23
164	n	二	二	锚定根	横	首	二	èr	二	ernn	er	8
165	n	二	二	锚定根	横	末	兰	lán	丷 ＋ 一 ＋ 二	ljan	lj	8
166	o	弓	弓	附属根	折	首	张	zhāng	弓 ＋ 长	vhoe	vh	22
167	o	弓	弓	附属根	折	末	弼	bì	弓 ＋ 一 ＋ 白 ＋ 弓	bioo	bio	10
168	j	糸	糸	附属根	纟	末	索	suǒ	十 ＋ 冖 ＋ 糸	sopj	so	36
169	g	⺌	尚字头	附属根	小	首	当	dāng / dàng	⺌ ＋ 彐	dhgq	dh	10
170	m	瓜	瓜	附属根	爫	首	瓜	guā	瓜	gxmm	gxm	2
171	m	瓜	瓜	附属根	爫	末	瓣	bàn	辡 ＋ 瓜	bjsm	bjs	17
172	q	彑	彑	附属根	争字底	首	彘	zhì	彑 ＋ 比左 ＋ 矢 ＋ 匕	viqt	viq	2
173	e	丿	丿	附属根	撇	首	么	me	丿 ＋ 厶	meet	me	8
174	e	丿	丿	附属根	撇	末	产	chǎn	立 ＋ 丿	ijae	ij	40
175	m	其字头	其字头	附属根	廿	首	其	qí	其字头 ＋ 八	qima	qi	11
176	v	月	月	主根	月	首	脆	cuì	月 ＋ ⺈ ＋ 厂 ＋ 㔾	cvvv	cv	153
177	v	月	月	主根	月	末	朗	lǎng	丶 ＋ 即字旁 ＋ 月	lhav	lh	40
178	e	囗	囗	主根	囗	首	团	tuán	囗 ＋ 才	trey	tr	28
179	p	辶	辶	主根	辶	末	边	biān	力 ＋ 辶	bmpp	bm	160
180	w	禾	禾	主根	禾	首	秒	miǎo	禾 ＋ 小 ＋ 丿	mnwe	mn	78
181	w	禾	禾	主根	禾	末	禾	hé	禾	heww	hew	15
182	u	彳	彳	主根	彳	首	很	hěn	彳 ＋ 艮	hfuc	hf	33
183	u	彳	彳	主根	彳	末	彳	chì	彳	iiuu	iiu	1
184	a	四	四	附属根	皿	首	四	sì	四	siaa	sia	1
185	a	四	四	附属根	皿	末	泗	sì	氵 ＋ 四	siba	sib	3
186	m	毛	毛	主根	毛	首	毽	jiàn	毛 ＋ 聿 ＋ 廴	jmmp	jmm	8
187	m	毛	毛	主根	毛	末	笔	bǐ	⺮ ＋ 毛	birm	bir	23
188	h	口	口	主根	口	首	啊	a	口 ＋ 阝 ＋ 可	aahy	a	340
189	h	口	口	主根	口	末	和	hé	禾 ＋ 口	hewh howh huwh	h	420
190	c	忄	忄	主根	忄	首	怪	guài	忄 ＋ 又 ＋ 土	gkct	gk	150
191	x	专	专	主根	专	首	专	zhuān	专	vrxx	vrx	1
192	x	专	专	主根	专	末	转	zhuǎn / zhuàn	车旁 ＋ 专	vrex	vr	7
193	a	署	署	附属根	皿	首	署	shǔ	署	uuaa	uua	1
194	a	署	署	附属根	皿	末	曙	shǔ	日 ＋ 署	uuqa	uuqa	3
195	l	举字底	举字底	附属根	扌	末	胖	pàng	月 ＋ 丷 ＋ 举字底	phvl pjvl	ph	58
196	m	爪	爪	附属根	爫	首	爬	pá	爪 ＋ 巴	pamv	pam	2
197	m	爪	爪	附属根	爫	末	抓	zhuā	扌 ＋ 爪	vxlm	vx	3
198	n	犬	犬	附属根	大	首	飙	biāo	犬 ＋ 犬 ＋ 犬 ＋ ⺇ ＋ 㐅	bnnn	bnn	2
199	n	犬	犬	附属根	大	末	获	huò	艹 ＋ 犭 ＋ 犬	hoxn	hox	31
200	i	龹	龹	附属根	美字头	首	眷	juàn	龹 ＋ 目	jriq	jri	8
201	i	龵	龵	附属根	美字头	首	看	kàn / kān	龵 ＋ 目	kjiq	k	3
202	b	冫	冫	附属根	氵	首	凑	còu	冫 ＋ 𡗗 ＋ 天	czbn	cz	39
203	b	冫	冫	附属根	氵	末	均	jūn	土 ＋ 勹 ＋ 冫	jytb	jy	11
204	z	令	令	附属根	今	首	邻	lín	令 ＋ 阝	lbzp	lbz	6
205	z	令	令	附属根	今	末	冷	lěng	冫 ＋ 令	lgbz	lg	23
206	a	囟	囟	附属根	向	首	囟	xìn	囟	xbaa	xbaa	1
207	a	囟	囟	附属根	向	末	瑙	nǎo	王 ＋ 巛 ＋ 囟	ncga	ncg	3
208	a	荒字底	荒字底	附属根	竖	末	慌	huāng	忄 ＋ 艹 ＋ 亠 ＋ 折 ＋ 荒字底	hlca	hlc	14
209	x	艹	艹	主根	艹	首	草	cǎo	艹 ＋ 日 ＋ 十	ccxp	cc	422
210	x	艹	艹	主根	艹	末	编	biān	纟 ＋ 户 ＋ 冂 ＋ 艹	bmjx	bmj	20
211	a	兀	兀	附属根	儿	首	虺	huǐ	兀 ＋ 虫	hvam	hva	2
212	a	兀	兀	附属根	儿	末	光	guāng	⺌ ＋ 兀	glga	gl	39
213	i	尺	尺	附属根	尸	首	尺	chǐ	尺	ieii iiii	iei	5
214	i	尺	尺	附属根	尸	末	庹	tuǒ	广 ＋ 廿 ＋ 尺	tosi	tos	2
215	g	人	人	主根	人	首	从	cóng	人 ＋ 人	csgg	cs	7
216	g	人	人	主根	人	末	人	rén	人	rfgg	r	129
217	v	㔾	㔾	附属根	已	末	卷	juǎn / juàn	龹 ＋ 㔾	jriv	jr	57
218	r	戉	戉	附属根	戈	末	魆	xū	鬼 ＋ 戉	xupr	xup	4
219	z	走	走	附属根	足	首	超	chāo	走 ＋ 刀 ＋ 口	iczh	ic	17
220	z	走	走	附属根	足	末	走	zǒu	走	zzzz	zz	3
221	u	礻	礻	主根	礻	首	祊	bēng	礻 ＋ 方	bgus	bgu	48
222	e	东	东	附属根	车	首	鸫	dōng	东 ＋ 鸟	dsey	dsey	2
223	e	东	东	附属根	车	末	东	dōng	东	dsee	dse	7
224	z	击	击	主根	击	首	击	jī	击	jizz	jiz	1
225	z	击	击	主根	击	末	陆	lù	阝 ＋ 击	lqpz lupz	lup	2
226	p	办	办	附属根	力	首	办	bàn	办	bjpp	bjp	1
227	p	办	办	附属根	力	末	苏	sū	艹 ＋ 办	suxp	su	4
228	t	壬	壬	附属根	土	首	壬	rén	壬	rftt	rft	3
229	t	壬	壬	附属根	土	末	任	rèn / rén	亻 ＋ 壬	rfft	rf	9
230	z	缶	缶	附属根	击	首	缸	gāng	缶 ＋ 工	ghze	ghz	5
231	z	缶	缶	附属根	击	末	缶	fǒu	缶	fzzz	fzz	20
232	w	匃	匃	附属根	匚	末	噶	gá	口 ＋ 艹 ＋ 日 ＋ 匃	gahw	ga	17
233	y	未	未	主根	未	首	未	wèi	未	wwyy	wwy	4
234	y	未	未	主根	未	末	魅	mèi	鬼 ＋ 未	mwpy	mwp	6
235	d	尤	尤	附属根	龙	首	尤	yóu	尤	yzdd	yzd	1
236	d	尤	尤	附属根	龙	末	蹴	cù	⻊ ＋ 享字头 ＋ 小 ＋ 尤	cuzd	cuz	12
237	y	丁	丁	附属根	寸	首	丁	dīng	丁	dkyy	dky	2
238	y	丁	丁	附属根	寸	末	宁	níng	宀 ＋ 丁	nkiy	nk	30
239	g	小	小	主根	小	首	尜	gá	小 ＋ 大 ＋ 小	gagg	gag	5
240	g	小	小	主根	小	末	小	xiǎo	小	xngg	x	71
241	z	⻊	足旁	附属根	足	首	跌	diē	⻊ ＋ 失	dpzr	dp	99
242	p	电	电	附属根	田	首	电	diàn	电	dmpp	dmp	1
243	p	电	电	附属根	田	末	腌	yān	月 ＋ 大 ＋ 电	aavp yjvp	aav yjv	18
244	t	比左	比字旁	附属根	匕	首	毕	bì	比左 ＋ 匕 ＋ 十	bitp	bit	7
245	b	尧	尧	主根	尧	首	翘	qiào	尧 ＋ 习 ＋ 习	qnbm	qnb	2
246	b	尧	尧	主根	尧	末	绕	rào	纟 ＋ 尧	rcjb	rc	18
247	r	熏	熏	附属根	黑	首	熏	xūn	熏	xyrr	xyr	1
248	r	熏	熏	附属根	黑	末	醺	xūn	酉 ＋ 熏	xyer	xye	6
249	s	疒	疒	附属根	广	首	疼	téng	疒 ＋ 夂 ＋ 冬字底	tgsa	tg	102
250	k	畏下	畏字底带横	附属根	定字底	末	宸	chén	宀 ＋ 厂 ＋ 一 ＋ 畏下	ifik	ifi	21
251	p	廴	廴	附属根	辶	末	挺	tǐng	扌 ＋ 壬 ＋ 廴	tklp	tk	32
252	q	肀	肀	附属根	争字底	首	肃	sù	肀 ＋ 乔字底 ＋ 八	suqa	suq	2
253	y	岛	岛	附属根	鸟	首	岛	dǎo	岛	dcyy	dcy	1
254	y	岛	岛	附属根	鸟	末	捣	dǎo	扌 ＋ 岛	dcly	dcl	2
255	p	甲	甲	附属根	田	首	翈	xiá	甲 ＋ 习 ＋ 习	xxpm	xxp	3
256	p	甲	甲	附属根	田	末	钾	jiǎ	钅 ＋ 甲	jxkp	jxk	11
257	n	⺆	周字框	附属根	几	首	周	zhōu	⺆ ＋ 土 ＋ 口	vznh	vz	7
258	m	龷	龷	附属根	廿	首	共	gòng	龷 ＋ 八	gsma	gsm	9
259	o	𠂤	追字心	主根	追字心	首	追	zhuī	𠂤 ＋ 辶	vvop	vv	2
260	r	利	利	主根	利	首	犁	lí	利 ＋ 牛	lirc liwc	lirc liwc	3
261	r	利	利	主根	利	末	利	lì	利	lirr liws	lir	7
262	i	戶	戶	附属根	尸	首	所	suǒ	戶 ＋ 斤	soiy	s	1
263	a	乔	乔	附属根	竖	首	乔	qiáo	乔	qnaa	qna	1
264	a	乔	乔	附属根	竖	末	桥	qiáo	木 ＋ 乔	qnoa	qn	11
265	n	𧘇	衣省	附属根	衣	末	表	biǎo	龶 ＋ 𧘇	bnwn	bn	25
266	y	才	才	附属根	寸	首	鼒	zī	才 ＋ 目 ＋ 折 ＋ 一 ＋ 丿 ＋ 丨 ＋ 一 ＋ 丨 ＋ 折	ziyo	ziyo	2
267	y	才	才	附属根	寸	末	才	cái	才	cdyy	c	6
268	g	玉	玉	附属根	王	首	玉	yù	玉	yugg	yug	1
269	g	玉	玉	附属根	王	末	宝	bǎo	宀 ＋ 玉	bcig	bci	17
270	i	帝字头	帝字头	附属根	宀	首	帝	dì	帝字头 ＋ 巾	diia	dii	4
271	s	刂	刂	附属根	刀	末	别	bié	口 ＋ 力 ＋ 刂	bphs	bp	94
272	a	向	向	主根	向	首	向	xiàng	向	xlaa	xla	1
273	a	向	向	主根	向	末	晌	shǎng	日 ＋ 向	uhqa	uhq	6
274	v	巴	巴	附属根	已	首	巴	bā	巴	bavv	bav	2
275	v	巴	巴	附属根	已	末	色	sè	⺈ ＋ 巴	sesv udsv	se	37
276	d	言	言	附属根	讠	首	言	yán	言	yjdd	yjd	2
277	d	言	言	附属根	讠	末	儋	dān	亻 ＋ ⺈ ＋ 厂 ＋ 八 ＋ 言	djfd	djf	30
278	t	且	且	主根	且	首	助	zhù	且 ＋ 力	vutp	vut	5
279	t	且	且	主根	且	末	且	qiě	且	qptt	qp	30
280	a	豙	豙	附属根	立	首	毅	yì	豙 ＋ 殳	yiat	yiat	1
281	a	单	单	主根	单	首	郸	dān	单 ＋ 阝	djap	djap	3
282	a	单	单	主根	单	末	单	dān / shàn	单	djaa ijaa ujaa	dja uja	18
283	a	囱字框	囱字框	附属根	向	首	粤	yuè	囱字框 ＋ 米 ＋ 一 ＋ 折	ytao	yta	1
284	c	必	必	附属根	忄	首	邲	bì	必 ＋ 阝	bicp	bicp	2
285	c	必	必	附属根	忄	末	必	bì	必	bicc	bic	14
286	k	定字底	定字底	主根	定字底	末	定	dìng	宀 ＋ 定字底	dkik	dk	24
287	j	卯左	卯字旁	附属根	卵	首	卿	qīng	卯左 ＋ 即字旁 ＋ 卩	qkjp	qkj	1
288	c	制字旁	制字旁	附属根	牛	首	制	zhì	制字旁 ＋ 刂	vics	vic	2
289	h	兼	兼	主根	兼	首	歉	qiàn	兼 ＋ ⺈ ＋ 人	qmhg	qmh	3
290	h	兼	兼	主根	兼	末	兼	jiān	兼	jmhh	jmh	14
291	c	而	而	附属根	雨	首	鸸	ér	而 ＋ 鸟	ercy	erc	6
292	c	而	而	附属根	雨	末	而	ér	而	ercc	e	30
293	i	养字头	养字头	附属根	美字头	首	养	yǎng	养字头 ＋ 乔字底	yhia	yhi	1
294	i	养字头	养字头	附属根	美字头	末	醭	bú	酉 ＋ 业 ＋ 养字头	buei	bue	9
295	n	太	太	附属根	大	首	态	tài	太 ＋ 心	tdnc	tdn	2
296	n	太	太	附属根	大	末	太	tài	太	tdnn	td	6
297	n	襄省	襄省	附属根	衣	末	囊	náng	囊字头 ＋ 襄省	nhin	nh	5
298	w	丰	丰	主根	丰	首	丰	fēng	丰	fgww	fgw	11
299	w	丰	丰	主根	丰	末	拜	bài	龵 ＋ 一 ＋ 丰	bdiw bdlw	bdi	11
300	v	巳	巳	附属根	已	首	导	dǎo	巳 ＋ 寸	dcvy	dcv	4
301	v	巳	巳	附属根	已	末	跑	pǎo	⻊ ＋ 勹 ＋ 巳	pczv	pc	26
302	m	廿	廿	主根	廿	首	勤	qín	廿 ＋ 口 ＋ 龶 ＋ 力	qbmp	qbm	9
303	m	廿	廿	主根	廿	末	廿	niàn	廿	nmmm	nmm	1
304	w	见二	见二	附属根	匚	首	盎	àng	见二 ＋ 大 ＋ 皿	ahwa	ahw	8
305	e	车	车	主根	车	首	连	lián	车 ＋ 辶	lmep	lm	3
306	e	车	车	主根	车	末	车	chē	车	ieee juee	ie	22
307	p	鬼	鬼	主根	鬼	首	魃	bá	鬼 ＋ 𠂇 ＋ 又 ＋ 丶	bapa	bap	10
308	p	鬼	鬼	主根	鬼	末	瑰	guī	王 ＋ 鬼	gvgp	gvg	15
309	z	见	见	主根	见	首	觃	yàn	见 ＋ 子	yjzn	yjzn	2
310	z	见	见	主根	见	末	见	jiàn	见	jmzz xmzz	jm	35
311	u	享字头	享字头	主根	享字头	首	就	jiù	享字头 ＋ 小 ＋ 尤	jqud	j	23
312	e	豖	豖	附属根	豕	末	诼	zhuó	讠 ＋ 豖	vode	vod	7
313	a	血	血	附属根	皿	首	衄	nǜ	血 ＋ 折 ＋ 土	nvat	nva	4
314	a	血	血	附属根	皿	末	血	xiě	血	xpaa xtaa	xpa xta	3
315	y	斤	斤	主根	斤	首	近	jìn	斤 ＋ 辶	jbyp	jby	5
316	y	斤	斤	主根	斤	末	斯	sī	其字头 ＋ 八 ＋ 斤	simy	si	40
317	y	鸟省	鸟省	附属根	鸟	首	凫	fú	鸟省 ＋ 几	fuyn	fuy	3
318	p	丘	丘	主根	丘	首	兵	bīng	丘 ＋ 八	bkpa	bkp	6
319	p	丘	丘	主根	丘	末	蚯	qiū	虫 ＋ 丘	qqmp	qqmp	2
320	o	飞	飞	附属根	折	末	飞	fēi	飞	fwoo	fwo	1
321	y	山	山	主根	山	首	岑	cén	山 ＋ 今	cfyz	cf	134
322	y	山	山	主根	山	末	山	shān	山	ujyy	uj	24
323	y	鸟	鸟	主根	鸟	首	鹱	hù	鸟 ＋ 艹 ＋ 隹 ＋ 又	huyq	huy	3
324	y	鸟	鸟	主根	鸟	末	鸟	niǎo	鸟	nnyy	nn	99
325	k	巸	巸	附属根	臣	首	熙	xī	巸 ＋ 灬	xikr	xikr	1
326	c	面	面	附属根	雨	首	勔	miǎn	面 ＋ 力	mmcp	mmc	2
327	c	面	面	附属根	雨	末	面	miàn	面	mmcc	mm	8
328	e	长	长	主根	长	首	长	cháng / zhǎng	长	ihee vhee	ihe vhe	1
329	e	长	长	主根	长	末	怅	chàng	忄 ＋ 长	ihce	ihc	11
330	c	⺗	恭字底	附属根	忄	末	添	tiān	氵 ＋ 天 ＋ ⺗	tmbc	tmb	7
331	q	互	互	附属根	争字底	首	互	hù	互	huqq	huq	1
332	q	互	互	附属根	争字底	末	冱	hù	冫 ＋ 互	hubq	hubq	2
333	n	片	片	主根	片	首	版	bǎn	片 ＋ 𠂆 ＋ 又	bjnq	bj	6
334	n	片	片	主根	片	末	片	piàn	片	pmnn	pm	1
335	d	音	音	主根	音	首	戆	zhuàng	音 ＋ 十 ＋ 夂 ＋ 工 ＋ 贝 ＋ 心	ghdc vldc	ghd vld	11
336	d	音	音	主根	音	末	谙	ān	讠 ＋ 音	andd	and	7
337	n	三	三	锚定根	横	首	三	sān	三	sjnn	sj	5
338	n	三	三	锚定根	横	末	仨	sā	亻 ＋ 三	safn	saf	4
339	t	具字头	具字头	附属根	且	首	具	jù	具字头 ＋ 八	juta	jut	1
340	t	具字头	具字头	附属根	且	末	置	zhì	罒 ＋ 十 ＋ 具字头	viat	via	8
341	t	土	土	主根	土	首	去	qù	土 ＋ 厶	qutt	q	189
342	t	土	土	主根	土	末	在	zài	在字框 ＋ 土	zdpt	z	159
343	p	申	申	附属根	田	首	畅	chàng	申 ＋ 𠃓	ihpj	ihp	2
344	p	申	申	附属根	田	末	抻	chēn	扌 ＋ 申	iflp	ifl	13
345	q	日	日	主根	日	首	是	shì	日 ＋ 定字底	uiqk	u	136
346	q	日	日	主根	日	末	曾	céng / zēng	丷 ＋ 囗 ＋ ⺌ ＋ 日	cgaq zgaq	cg	148
347	n	非	非	附属根	片	首	斐	fěi	非 ＋ 文	fwna	fwn	10
348	n	非	非	附属根	片	末	非	fēi	非	fwnn	fw	24
349	t	弗	弗	主根	弗	首	艴	bó	弗 ＋ ⺈ ＋ 巴	botv	bot	3
350	t	弗	弗	主根	弗	末	佛	fó	亻 ＋ 弗	foft fuft	fo	9
351	d	居	居	主根	居	首	剧	jù	居 ＋ 刂	juds juis	jud	2
352	d	居	居	主根	居	末	据	jù	扌 ＋ 居	juld	ju	10
353	t	龴	龴	附属根	厶	首	通	tōng / tòng	龴 ＋ 冂 ＋ 举字底 ＋ 辶	tstp	tst	4
354	t	匕	匕	主根	匕	首	鸨	bǎo	匕 ＋ 十 ＋ 鸟	bcty	bct	6
355	t	匕	匕	主根	匕	末	比	bǐ	比左 ＋ 匕	bitt	bi	100
356	w	于	于	附属根	干	首	于	yú	于	yuww	yuw	4
357	w	于	于	附属根	干	末	圩	wéi / xū	土 ＋ 于	wwtw xutw	wwt	11
358	e	舟	舟	锚定根	车	首	航	háng	舟 ＋ 亠 ＋ 几	hhen	hh	37
359	e	舟	舟	锚定根	车	末	舟	zhōu	舟	vzee	vzee	2
360	c	⺧	告字头	附属根	牛	首	先	xiān	⺧ ＋ 儿	xmca	xm	9
361	q	攵	攵	附属根	又	末	放	fàng	方 ＋ 攵	fhsq	fh	87
362	p	卩	卩	主根	卩	末	却	què	土 ＋ 厶 ＋ 卩	qttp	qt	10
363	r	戈	戈	主根	戈	首	或	huò	戈 ＋ 口 ＋ 一	horn	ho	7
364	r	戈	戈	主根	戈	末	哦	ó / ò	口 ＋ 撇 ＋ 横 ＋ 折 ＋ 横 ＋ 戈	eehr oohr	o	32
365	y	可	可	附属根	寸	首	可	kě	可	keyy	ke	3
366	y	可	可	附属根	寸	末	阿	ā	阝 ＋ 可	aapy eepy	aa	47
367	r	矢	矢	主根	矢	首	矮	ǎi	矢 ＋ 禾 ＋ 女	airz	air	11
368	r	矢	矢	主根	矢	末	挨	ái / āi	扌 ＋ 厶 ＋ 矢	ailr	ail	26
369	a	丨	丨	附属根	竖	首	凹	āo	丨 ＋ 折 ＋ 见二 ＋ 一	aoan	aoa	5
370	a	丨	丨	附属根	竖	末	窜	cuàn	宀 ＋ 八 ＋ 口 ＋ 口 ＋ 丨	cria	cr	21
371	y	斥	斥	附属根	斤	首	斥	chì	斥	iiyy	iiy	1
372	y	斥	斥	附属根	斤	末	拆	chāi	扌 ＋ 斥	idly	id	5
373	p	由	由	附属根	田	首	迪	dí	由 ＋ 辶	dipp	dip	6
374	p	由	由	附属根	田	末	抽	chōu	扌 ＋ 由	izlp	iz	18
375	u	民	民	主根	民	首	愍	mǐn	民 ＋ 攵 ＋ 心	mbuc	mbu	2
376	u	民	民	主根	民	末	民	mín	民	mbuu	mb	8
377	z	啇	啇	附属根	商	末	滴	dī	氵 ＋ 啇	dibz	dib	7
378	u	牙	牙	主根	牙	首	邪	xié	牙 ＋ 阝	xpup	xpu	6
379	u	牙	牙	主根	牙	末	穿	chuān	宀 ＋ 八 ＋ 牙	iriu	ir	11
380	k	氐	氐	附属根	氏	首	邸	dǐ	氐 ＋ 阝	dikp	dik	3
381	k	氐	氐	附属根	氏	末	低	dī	亻 ＋ 氐	difk	dif	14
382	g	以	以	主根	以	首	以	yǐ	以	yigg	yig	1
383	g	以	以	主根	以	末	拟	nǐ	扌 ＋ 以	nilg	nil	5
384	j	幺	幺	附属根	纟	首	幺	yāo	幺	ycjj	ycj	4
385	j	幺	幺	附属根	纟	末	磁	cí	石 ＋ 丷 ＋ 一 ＋ 幺 ＋ 幺	cijj	cij	23
386	k	金	金	附属根	钅	首	鑫	xīn	金 ＋ 金 ＋ 金	xbkk	xbk	2
387	k	金	金	附属根	钅	末	金	jīn	金	jbkk	jb	17
388	r	气	气	主根	气	首	氨	ān	气 ＋ 宀 ＋ 女	anrz	anr	20
389	r	气	气	主根	气	末	汽	qì	氵 ＋ 气	qibr	qib	4
390	r	戋	戋	附属根	戈	首	刬	chàn	戋 ＋ 刂	ijrs	ijr	3
391	r	戋	戋	附属根	戈	末	贱	jiàn	贝 ＋ 戋	jmzr	jmz	13
392	k	金字底	金字底	附属根	钅	末	釜	fǔ	八 ＋ 㐅 ＋ 金字底	fuak	fuak	2
393	c	牛	牛	主根	牛	首	犇	bēn	牛 ＋ 牜 ＋ 牛	bfcc	bfc	2
394	c	牛	牛	主根	牛	末	牛	niú	牛	nqcc	nq	27
395	g	应字心	应字心	附属根	小	首	举	jǔ	应字心 ＋ 八 ＋ 举字底	jugl	jug	3
396	g	应字心	应字心	附属根	小	末	应	yīng / yìng	广 ＋ 应字心	yksg	yk	1
397	j	卵	卵	主根	卵	首	孵	fū	卵 ＋ 爫 ＋ 子	fujn	fuj	2
398	j	卵	卵	主根	卵	末	卵	luǎn	卵	lrjj	lrj	1
399	q	聿	聿	附属根	争字底	首	建	jiàn	聿 ＋ 廴	jmqp	jmq	2
400	q	聿	聿	附属根	争字底	末	津	jīn	氵 ＋ 聿	jbbq	jbb	9
401	l	癶	登字头	附属根	夕	首	登	dēng	癶 ＋ 一 ＋ 口 ＋ 丷 ＋ 一	dgln	dgl	4
402	k	鹿	鹿	主根	鹿	首	鏖	áo	鹿 ＋ 金	aokk	aok	10
403	k	鹿	鹿	主根	鹿	末	辘	lù	车旁 ＋ 鹿	luek	lue	5
404	a	弟省	弟省	附属根	弟	末	第	dì	⺮ ＋ 弟省	dira	dir	1
405	a	文	文	主根	文	首	刘	liú	文 ＋ 刂	lqas	lq	14
406	a	文	文	主根	文	末	坟	fén	土 ＋ 文	ffta	fft	17
407	n	贤字头	贤字头	附属根	览字头	首	紧	jǐn	贤字头 ＋ 糸	jbnj	jbn	5
408	n	鬲	鬲	主根	鬲	首	鬲	gé / lì	鬲	genn linn	gen	5
409	n	鬲	鬲	主根	鬲	末	滆	gé	氵 ＋ 鬲	gebn	geb	9
410	l	夜下角	夜下角	附属根	夕	末	液	yè	氵 ＋ 亠 ＋ 亻 ＋ 夜下角	yebl	yeb	4
411	w	角	角	主根	角	首	觥	gōng	角 ＋ ⺌ ＋ 兀	gswa	gsw	15
412	w	角	角	主根	角	末	角	jiǎo	角	jnww jtww	jnw jtw	7
413	y	朱	朱	附属根	未	首	朱	zhū	朱	vuyy	vuy	2
414	y	朱	朱	附属根	未	末	殊	shū	歹 ＋ 朱	uuly	uul	12
415	l	歹	歹	附属根	夕	首	列	liè	歹 ＋ 刂	lpls	lp	26
416	l	歹	歹	附属根	夕	末	夙	sù	⺇ ＋ 歹	sunl	sun	2
417	b	禸	禸	主根	禸	末	摛	chī	扌 ＋ 亠 ＋ 㐅 ＋ 凵 ＋ 禸	iilb	iil	14
418	e	覀	覀	附属根	西	首	票	piào	覀 ＋ 示	pney	pn	13
419	t	七	七	附属根	匕	首	七	qī	七	qitt	qit	2
420	t	七	七	附属根	匕	末	托	tuō	扌 ＋ 撇 ＋ 七	tolt	to	15
421	l	俞	俞	主根	俞	首	逾	yú	俞 ＋ 辶	yulp	yul	6
422	l	俞	俞	主根	俞	末	偷	tōu	亻 ＋ 俞	tzfl	tzf	17
423	e	酉	酉	附属根	西	首	配	pèi	酉 ＋ 己	pwev	pw	56
424	e	酉	酉	附属根	西	末	酒	jiǔ	氵 ＋ 酉	jqbe	jqb	7
425	i	党字头	党字头	附属根	宀	首	常	cháng	党字头 ＋ 口 ＋ 巾	ihia	ih	10
426	p	阝	阝	附属根	卩	首	陈	chén	阝 ＋ 东	ifpe	if	70
427	p	阝	阝	附属根	卩	末	都	dōu	耂 ＋ 日 ＋ 阝	dupp dzpp	dz	119
428	a	夷	夷	主根	夷	首	夷	yí	夷	yiaa	yiaa	1
429	a	夷	夷	主根	夷	末	荑	tí / yí	艹 ＋ 夷	tixa yixa	tix	6
430	n	几	几	主根	几	首	几	jǐ	几	jinn	jin	3
431	n	几	几	主根	几	末	坑	kēng	土 ＋ 亠 ＋ 几	kgtn	kg	44
432	y	白	白	主根	白	首	白	bái	白	bdyy	bd	29
433	y	白	白	主根	白	末	怕	pà	忄 ＋ 白	pacy	pa	41
434	l	乙	乙	附属根	折	首	乙	yǐ	乙	yill	yil	1
435	l	乙	乙	附属根	折	末	吃	chī	口 ＋ 𠂉 ＋ 乙	iihl	i	21
436	w	门	门	附属根	匚	首	问	wèn	门 ＋ 口	wfwh	wf	53
437	w	门	门	附属根	匚	末	们	men	亻 ＋ 门	mffw	mf	4
438	w	㐄	降下角	主根	降下角	末	舛	chuǎn	夕 ＋ 㐄	irlw	irl	19
439	e	彡	彡	锚定根	撇	首	须	xū	彡 ＋ 页	xuez	xue	2
440	e	彡	彡	锚定根	撇	末	参	cān / shēn	厶 ＋ 大 ＋ 彡	cfte cjte ufte	cj	56
441	a	⺊	卢字头	附属根	卜	首	卡	kǎ / qiǎ	⺊ ＋ 一 ＋ 卜	kaaa qxaa	ka	18
442	s	辡	辡	附属根	辛	首	辫	biàn	辡 ＋ 纟	bmsj	bmsj	4
443	p	亦字底	亦字底	附属根	变字头	末	赫	hè	土 ＋ 亦字底 ＋ 土 ＋ 亦字底	hetp	het	3
444	n	北字旁	北字旁	附属根	片	首	北	běi	北字旁 ＋ 匕	bwnt	bwn	4
445	e	皮	皮	主根	皮	首	皮	pí	皮	piee	pi	2
446	e	皮	皮	主根	皮	末	波	bō	氵 ＋ 皮	bobe	bo	23
447	p	耂	耂	主根	耂	首	考	kǎo	耂 ＋ 一 ＋ 折	kcpo	kc	12
448	j	勿	勿	主根	勿	首	匆	cōng	勿 ＋ 点	csja	csj	4
449	j	勿	勿	主根	勿	末	赐	cì	贝 ＋ 日 ＋ 勿	cizj	ciz	15
450	a	巛	巛	锚定根	竖	首	巢	cháo	巛 ＋ 日 ＋ 木	icao	ica	6
451	u	衤	衤	附属根	礻	首	被	bèi	衤 ＋ 皮	bwue	bw	64
452	s	⺈	⺈	附属根	刀	首	尔	ěr	⺈ ＋ 小	ersg	ers	14
453	y	自	自	附属根	白	首	自	zì	自	ziyy	zi	11
454	y	自	自	附属根	白	末	馗	kuí	九 ＋ 丷 ＋ 一 ＋ 自	kvdy	kvd	7
455	a	丶	丶	附属根	点	首	郎	láng	丶 ＋ 即字旁 ＋ 阝	lhap	lha	6
456	a	丶	丶	附属根	点	末	的	de	白 ＋ 勹 ＋ 丶	deya diya	d	64
457	k	鹿旁	鹿旁	附属根	鹿	首	鄜	fū	鹿旁 ＋ 阝	fukp	fuk	3
458	u	骨	骨	主根	骨	首	髌	bìn	骨 ＋ 宀 ＋ 丘 ＋ 八	bbua	bbu	19
459	u	骨	骨	主根	骨	末	骨	gǔ	骨	guuu	guu	5
460	m	虫	虫	主根	虫	首	蚌	bèng / bàng	虫 ＋ 丰	bgmw bhmw	bgm bhm	141
461	m	虫	虫	主根	虫	末	强	qiáng	弓 ＋ 口 ＋ 虫	jlom qlom	ql	59
462	x	廾	廾	附属根	艹	末	开	kāi	一 ＋ 廾	kdnx	kd	51
463	k	龰	走下	附属根	定字底	末	捷	jié	扌 ＋ 一 ＋ 肀 ＋ 龰	jplk	jpl	7
464	k	钅	钅	主根	钅	首	错	cuò	钅 ＋ 龷 ＋ 日	cokq	co	267
465	k	钅	钅	主根	钅	末	衔	xián	行 ＋ 钅	xmkk	xmk	1
466	w	亚	亚	附属根	业	首	恶	è	亚 ＋ 心	eewc wuwc	eew wuw	7
467	w	亚	亚	附属根	业	末	亚	yà	亚	yaww	ya	10
468	a	囱	囱	附属根	向	首	囱	cōng	囱	csaa	csa	1
469	a	囱	囱	附属根	向	末	窗	chuāng	宀 ＋ 八 ＋ 囱	ilia	ili	2
470	p	柬	柬	附属根	束	首	柬	jiǎn	柬	jmpp	jmp	1
471	p	柬	柬	附属根	束	末	谏	jiàn	讠 ＋ 柬	jmdp	jmd	12
472	v	已	已	主根	已	末	已	yǐ	已	yivv	yiv	1
473	w	业	业	主根	业	首	业	yè	业	yeww	yew	6
474	w	业	业	主根	业	末	壶	hú	士 ＋ 冖 ＋ 业	hutw	hut	7
475	y	出	出	附属根	山	首	祟	suì	出 ＋ 示	svyy	svy	4
476	y	出	出	附属根	山	末	出	chū	出	iuyy	iu	16
477	i	囊字头	囊字头	附属根	宀	首	蠹	dù	囊字头 ＋ 石 ＋ 虫 ＋ 虫	duim	dui	3
478	s	辛	辛	主根	辛	首	辛	xīn	辛	xbss	xbs	1
479	s	辛	辛	主根	辛	末	辞	cí	千 ＋ 口 ＋ 辛	ciws	ciw	17
480	r	⺮	竹头	附属根	竹	首	等	děng	⺮ ＋ 土 ＋ 寸	dgry	dg	129
481	d	九	九	主根	九	首	杂	zá	九 ＋ 一 ＋ 小	zadg	za	8
482	d	九	九	主根	九	末	轨	guǐ	车旁 ＋ 九	gved	gve	12
483	p	古	古	主根	古	首	剋	kēi	古 ＋ 儿 ＋ 刂	kwps	kw	10
484	p	古	古	主根	古	末	沽	gū	氵 ＋ 古	gubp	gub	27
485	e	耳	耳	主根	耳	首	聪	cōng	耳 ＋ 丷 ＋ 口 ＋ 心	csec	cse	22
486	e	耳	耳	主根	耳	末	洱	ěr	氵 ＋ 耳	erbe	erb	19
487	a	罒	罒	附属根	皿	首	罗	luó	罒 ＋ 夕	loal	lo	22
488	q	目	目	附属根	日	首	眼	yǎn	目 ＋ 艮	yjqc	yj	70
489	q	目	目	附属根	日	末	目	mù	目	muqq	mu	44
490	n	凡	凡	附属根	几	首	凡	fán	凡	fjnn	fjn	1
491	n	凡	凡	附属根	几	末	矾	fán	石 ＋ 凡	fjjn	fjj	8
492	i	𡗗	春字头	附属根	美字头	首	春	chūn	𡗗 ＋ 日	iyiq	iy	7
493	z	足	足	主根	足	首	足	zú	足	zuzz	zuz	1
494	z	足	足	主根	足	末	促	cù	亻 ＋ 足	cufz	cu	10
495	w	龶	龶	附属根	丰	首	熬	áo	龶 ＋ 折 ＋ 丿 ＋ 攵 ＋ 灬	aowr	aow	25
496	w	龶	龶	附属根	丰	末	生	shēng	丿 ＋ 龶	ugew	ug	30
497	a	立	立	主根	立	首	部	bù	立 ＋ 口 ＋ 阝	buap	bu	24
498	a	立	立	主根	立	末	拉	lā	扌 ＋ 立	lala	la	15
499	y	刍	刍	主根	刍	首	雏	chú	刍 ＋ 隹	iuyg	iuy	6
500	y	刍	刍	主根	刍	末	诌	zhōu	讠 ＋ 刍	vzdy	vzd	7
501	p	𠂇	左字框	附属根	十	首	布	bù	𠂇 ＋ 巾	bupa	bup	17
502	p	𠂇	左字框	附属根	十	末	贼	zéi	贝 ＋ 戈 ＋ 𠂇	zwzp	zw	5
503	g	无	无	主根	无	首	无	wú	无	mogg wugg	wu	1
504	g	无	无	主根	无	末	呒	m	口 ＋ 无	mmhg wuhg	mmh	8
505	n	乂	乂	附属根	交	末	吏	lì	横 ＋ 口 ＋ 乂	linn	lin	4
506	i	来	来	主根	来	首	赉	lài	来 ＋ 贝	ldiz	ldi	3
507	i	来	来	主根	来	末	来	lái	来	ldii	ld	9
508	g	隹	隹	主根	隹	首	雠	chóu	隹 ＋ 讠 ＋ 隹	izgg	izg	10
509	g	隹	隹	主根	隹	末	推	tuī	扌 ＋ 隹	tvlg	tvl	76
510	a	州	州	锚定根	竖	首	州	zhōu	州	vzaa	vza	1
511	a	州	州	锚定根	竖	末	酬	chóu	酉 ＋ 州	izea	ize	3
512	i	也	也	主根	也	首	也	yě	也	yeii	ye	2
513	i	也	也	主根	也	末	他	tā	亻 ＋ 也	tafi	t	14
514	y	寸	寸	主根	寸	首	过	guò	寸 ＋ 辶	goyp	go	2
515	y	寸	寸	主根	寸	末	得	de / dé / děi	彳 ＋ 日 ＋ 一 ＋ 寸	deuy dwuy	de dw	114
516	z	厉	厉	主根	厉	首	励	lì	厉 ＋ 力	lizp	liz	2
517	z	厉	厉	主根	厉	末	砺	lì	石 ＋ 厉	lijz	lij	4
518	c	雨	雨	主根	雨	首	雨	yǔ	雨	yucc	yuc	1
519	c	雨	雨	主根	雨	末	漏	lòu	氵 ＋ 尸 ＋ 雨	lzbc	lzb	2
520	e	西	西	主根	西	首	西	xī	西	xiee	xi	2
521	e	西	西	主根	西	末	晒	shài	日 ＋ 西	udqe	ud	11
522	t	殳	殳	主根	殳	首	殳	shū	殳	uutt	uut	1
523	t	殳	殳	主根	殳	末	段	duàn	撇 ＋ ⺊ ＋ 二 ＋ 殳	dret	dr	35
524	p	卬	卬	附属根	卩	首	卬	áng	卬	ahpp	ahp	2
525	p	卬	卬	附属根	卩	末	昂	áng	日 ＋ 卬	ahqp	ah	4
526	p	束	束	主根	束	首	剌	là	束 ＋ 刂	laps	lap	6
527	p	束	束	主根	束	末	辣	là	辛旁 ＋ 束	lasp	las	7
528	c	心	心	附属根	忄	首	心	xīn	心	xbcc	xbc	1
529	c	心	心	附属根	忄	末	嗯	ng	口 ＋ 囗 ＋ 大 ＋ 心	enhc nghc	en	144
530	q	甫	甫	主根	甫	首	逋	bū	甫 ＋ 辶	buqp	buq	4
531	q	甫	甫	主根	甫	末	哺	bǔ	口 ＋ 甫	buhq	buh	18
532	l	手	手	附属根	扌	首	手	shǒu	手	uzll	uz	1
533	l	手	手	附属根	扌	末	掣	chè	制字旁 ＋ 刂 ＋ 手	iecl	iec	20
534	v	韦	韦	主根	韦	首	韧	rèn	韦 ＋ 刀 ＋ 丶	rfva	rfv	6
535	v	韦	韦	主根	韦	末	韩	hán	十 ＋ 日 ＋ 十 ＋ 韦	hjpv	hjp	17
536	n	⺇	风省	附属根	几	首	风	fēng	⺇ ＋ 㐅	fgnn	fg	11
537	p	为	为	附属根	力	首	为	wéi / wèi	为	wwpp	ww	1
538	p	为	为	附属根	力	末	妫	guī	女 ＋ 为	gvzp	gvzp	6
539	n	了	了	附属根	子	首	了	le	了	lenn lnnn	l	6
540	n	了	了	附属根	子	末	哼	hēng	口 ＋ 享字头 ＋ 了	hghn	hgh	5
541	k	羊	羊	锚定根	鹿	首	善	shàn	羊 ＋ 丷 ＋ 一 ＋ 口	ujkh	ujk	3
542	k	羊	羊	锚定根	鹿	末	群	qún	争字底 ＋ 撇 ＋ 口 ＋ 羊	qyqk	qy	21
543	m	甘	甘	附属根	廿	首	某	mǒu	甘 ＋ 木	mzmo	mz	3
544	m	甘	甘	附属根	廿	末	绀	gàn	纟 ＋ 甘	gjjm	gjj	12
545	a	冬字底	冬字底	附属根	点	首	头	tóu	冬字底 ＋ 大	tzan	tz	2
546	a	冬字底	冬字底	附属根	点	末	图	tú	囗 ＋ 夂 ＋ 冬字底	tuea	tu	23
547	r	失	失	附属根	矢	首	迭	dié	失 ＋ 辶	dprp	dpr	2
548	r	失	失	附属根	矢	末	铁	tiě	钅 ＋ 失	tpkr	tp	9
549	r	戊	戊	附属根	戈	首	感	gǎn	戊 ＋ 一 ＋ 口 ＋ 心	gjrc	gj	11
550	r	戊	戊	附属根	戈	末	茂	mào	艹 ＋ 戊	mcxr	mcx	2
551	s	予	予	主根	予	首	矜	jīn	予 ＋ 丿 ＋ 今	jbsz	jbs	16
552	s	予	予	主根	予	末	舒	shū	全字头 ＋ 干 ＋ 口 ＋ 予	uugs	uug	9
553	n	耒	耒	主根	耒	首	耨	nòu	耒 ＋ 厂 ＋ 一 ＋ 畏下 ＋ 寸	nzny	nz	19
554	n	耒	耒	主根	耒	末	诔	lěi	讠 ＋ 耒	lwdn	lwd	2
555	r	兔	兔	主根	兔	首	兔	tù	兔	turr	tur	2
556	r	兔	兔	主根	兔	末	儳	chán	亻 ＋ ⺈ ＋ 口 ＋ 比左 ＋ 匕 ＋ 兔	ijfr	ijf	7
557	y	至	至	主根	至	首	到	dào	至 ＋ 刂	dcys	dc	5
558	y	至	至	主根	至	末	耋	dié	耂 ＋ 匕 ＋ 至	dppy	dpp	22
559	e	车旁	车旁	附属根	车	首	软	ruǎn	车旁 ＋ ⺈ ＋ 人	rreg	rr	58
560	e	车旁	车旁	附属根	车	末	载	zài / zǎi	十 ＋ 戈 ＋ 车旁	zdpe	zdp	1
561	n	丬	丬	附属根	片	首	将	jiāng	丬 ＋ 夕 ＋ 寸	jlny	jl	9
562	k	臣	臣	主根	臣	首	臣	chén	臣	ifkk	ifk	2
563	k	臣	臣	主根	臣	末	藏	cáng / zàng	艹 ＋ 臧字框 ＋ 臣	chxk zhxk	ch	4
564	p	变字头	变字头	主根	变字头	首	变	biàn	变字头 ＋ 又	bmpq	bmp	12
565	s	方	方	主根	方	首	方	fāng	方	fhss	fhs	21
566	s	方	方	主根	方	末	谤	bàng	讠 ＋ 帝字头 ＋ 方	bhds	bhd	38
567	s	暴	暴	主根	暴	首	暴	bào	暴	bcss	bcs	1
568	s	暴	暴	主根	暴	末	瀑	pù	氵 ＋ 暴	bcbs pubs	bcb	4
569	e	車	車	附属根	车	首	墼	jī	車 ＋ 凵 ＋ 殳 ＋ 土	jiet	jiet	1
570	p	毌	毌	附属根	母	首	贯	guàn	毌 ＋ 贝	grpz	grp	2
571	p	毌	毌	附属根	母	末	毌	guàn	毌	grpp	grpp	1
572	i	学无子	学无子	附属根	宀	首	觉	jué	学无子 ＋ 见	jniz jtiz	jt	8
573	a	师字旁	师字旁	锚定根	竖	首	归	guī	师字旁 ＋ 彐	gvaq	gva	3
574	l	祭字头	祭字头	附属根	夕	首	祭	jì	祭字头 ＋ 示	jily vdly	jily vdly	1
575	q	又	又	主根	又	首	对	duì	又 ＋ 寸	dvqy	dv	20
576	q	又	又	主根	又	末	爱	ài	爫 ＋ 冖 ＋ 𠂇 ＋ 又	aimq	ai	168
577	v	犭	犭	主根	犭	首	猫	māo	犭 ＋ 艹 ＋ 田	mcvp	mc	83
578	q	曰	曰	附属根	日	首	曰	yuē	曰	ytqq	ytq	1
579	q	曰	曰	附属根	日	末	汩	gǔ	氵 ＋ 曰	gubq	gubq	2
580	q	争字底	争字底	主根	争字底	首	逮	dǎi	争字底 ＋ 氺 ＋ 辶	ddqp	ddq	7
581	q	争字底	争字底	主根	争字底	末	琤	chēng	王 ＋ ⺈ ＋ 争字底	iggq	igg	13
582	q	及	及	主根	及	首	及	jí	及	jiqq	ji	1
583	q	及	及	主根	及	末	级	jí	纟 ＋ 及	jijq	jij	12
584	w	勹	勹	附属根	匚	首	包	bāo	勹 ＋ 巳	bcwv	bcw	17
585	r	火	火	主根	火	首	炯	jiǒng	火 ＋ 冂 ＋ 口	jsrh	js	118
586	r	火	火	主根	火	末	灭	miè	一 ＋ 火	mpnr	mp	59
587	y	臼	臼	附属根	白	首	毁	huǐ	臼 ＋ 工 ＋ 殳	hvyt	hvy	15
588	y	臼	臼	附属根	白	末	稻	dào	禾 ＋ 爫 ＋ 臼	dcwy	dcw	20
589	a	儿	儿	主根	儿	首	儿	ér	儿	eraa	era	1
590	a	儿	儿	主根	儿	末	况	kuàng	冫 ＋ 口 ＋ 儿	klba	kl	95
591	n	㐅	㐅	附属根	交	首	刹	shā	㐅 ＋ 一 ＋ 小 ＋ 刂	ians uans	ian	13
592	n	㐅	㐅	附属根	交	末	更	gèng	一 ＋ 日 ＋ 㐅	ggnn	g	65
593	y	叟字头	叟字头	附属根	白	首	叟	sǒu	叟字头 ＋ 又	szyq	szy	1
594	c	即字旁	即字旁	附属根	艮	首	即	jí	即字旁 ＋ 卩	jicp	jic	5
595	r	弋	弋	附属根	戈	首	贰	èr	弋 ＋ 二 ＋ 贝	errz	err	5
596	r	弋	弋	附属根	戈	末	代	dài	亻 ＋ 弋	ddfr	ddf	5
597	z	今	今	主根	今	首	盦	ān	今 ＋ 酉 ＋ 皿	anza	anz	7
598	z	今	今	主根	今	末	涔	cén	氵 ＋ 山 ＋ 今	cfbz	cfb	13
599	a	八	八	主根	八	首	公	gōng	八 ＋ 厶	gsat	gs	27
600	a	八	八	主根	八	末	黄	huáng	龷 ＋ 由 ＋ 八	hlma	hl	136
601	w	冂	冂	附属根	匚	首	刚	gāng	冂 ＋ 㐅 ＋ 刂	ghws	gh	11
602	w	冂	冂	附属根	匚	末	嶲	xī	山 ＋ 隹 ＋ 丨 ＋ 折 ＋ 冂	xiyw	xiyw	1
603	j	卯	卯	附属根	卵	首	卯	mǎo	卯	mcjj	mcj	1
604	j	卯	卯	附属根	卵	末	聊	liáo	耳 ＋ 卯	lnej	lne	9
605	l	象	象	主根	象	首	象	xiàng	象	xlll	xll	1
606	l	象	象	主根	象	末	像	xiàng	亻 ＋ 象	xlfl	xlf	4
607	n	子	子	主根	子	首	孙	sūn	子 ＋ 小	syng	sy	13
608	n	子	子	主根	子	末	好	hǎo / hào	女 ＋ 子	hczn	hc	64
609	a	丌	丌	附属根	儿	末	濞	bì	氵 ＋ 自 ＋ 田 ＋ 丌	biba	bib	8
610	k	南字心	南字心	锚定根	鹿	末	睾	gāo	丿 ＋ 罒 ＋ 土 ＋ 南字心	gcek	gce	13
611	g	玨	玨	附属根	王	首	班	bān	玨 ＋ 刂	bjgs	bjg	6
612	j	纟	纟	主根	纟	首	给	gěi	纟 ＋ 全字头 ＋ 一 ＋ 口	gwjh jijh	gw	167
613	j	纟	纟	主根	纟	末	丝	sī	纟 ＋ 纟	sijj	sij	3
614	w	凵	凵	附属根	匚	首	蚩	chī	凵 ＋ 丨 ＋ 一 ＋ 虫	iiwm	iiw	1
615	w	凵	凵	附属根	匚	末	脑	nǎo	月 ＋ 亠 ＋ 㐅 ＋ 凵	ncvw	nc	20
616	x	之	之	主根	之	首	之	zhī	之	vixx	vi	1
617	x	之	之	主根	之	末	贬	biǎn	贝 ＋ 撇 ＋ 之	bmzx	bmz	7
618	e	𢀖	轻字边	附属根	工	首	劲	jìn	𢀖 ＋ 力	jbep jkep	jbe	5
619	e	𢀖	轻字边	附属根	工	末	经	jīng	纟 ＋ 𢀖	jkje	jk	13
620	g	入	入	附属根	人	首	汆	cuān	入 ＋ 水	crgb	crg	3
621	g	入	入	附属根	人	末	入	rù	入	rugg	rug	1
622	i	冖	冖	附属根	宀	首	鹤	hè	冖 ＋ 隹 ＋ 鸟	heiy	hei	15
623	k	旅下角	旅下角	附属根	氏	末	旅	lǚ	方 ＋ 𠂉 ＋ 旅下角	lvsk	lvs	4
624	g	小	少三	附属根	小	首	少	shǎo	小 ＋ 丿	ucge	uc	3
625	e	𫠣	拣字边	附属根	车	末	练	liàn	纟 ＋ 𫠣	lmje	lmj	3
626	l	留字头	留字头	附属根	夕	首	留	liú	留字头 ＋ 田	lqlp	lql	4
627	a	丷	丷	附属根	八	首	并	bìng	丷 ＋ 一 ＋ 廾	bkax	bk	45
628	v	己	己	附属根	已	首	改	gǎi	己 ＋ 攵	gdvq	gdv	3
629	v	己	己	附属根	已	末	皑	ái	白 ＋ 山 ＋ 己	aiyv	aiy	21
630	b	氵	氵	主根	氵	首	没	méi	氵 ＋ 殳	mobt mwbt	m	488
631	b	氵	氵	主根	氵	末	衍	yǎn	行 ＋ 氵	yjkb	yjk	1
632	l	然左角	然左角	附属根	夕	首	然	rán	然左角 ＋ 犬 ＋ 灬	rjlr	rj	2
633	b	水	水	附属根	氵	首	凼	dàng	水 ＋ 凵	dhbw	dhb	5
634	b	水	水	附属根	氵	末	水	shuǐ	水	uvbb	uv	17
635	k	疋	疋	附属根	定字底	首	蛋	dàn	疋 ＋ 虫	djkm	djk	3
636	k	疋	疋	附属根	定字底	末	楚	chǔ	木 ＋ 木 ＋ 疋	iuok	iuo	14
637	d	讠	讠	主根	讠	首	该	gāi	讠 ＋ 亠 ＋ 折 ＋ 丿 ＋ 人	gddg	gd	157
638	d	讠	讠	主根	讠	末	辩	biàn	辡 ＋ 讠	bmsd	bms	1
639	d	乐	乐	主根	乐	首	乐	lè	乐	ledd ytdd	le	1
640	d	乐	乐	主根	乐	末	铄	shuò	钅 ＋ 乐	uokd	uok	9
641	v	⺝	青字底	附属根	月	末	有	yǒu	𠂇 ＋ ⺝	yzpv	y	112
642	a	巾	巾	主根	巾	首	帆	fān	巾 ＋ 凡	fjan	fja	27
643	a	巾	巾	主根	巾	末	帮	bāng	三 ＋ 丿 ＋ 阝 ＋ 巾	bhna	bh	67
644	q	各	各	附属根	又	首	各	gè	各	geqq	geq	2
645	q	各	各	附属根	又	末	略	lüè	田 ＋ 各	ltpq	lt	33
646	a	㡀	㡀	附属根	八	首	弊	bì	㡀 ＋ 攵 ＋ 廾	biax	bia	6
647	a	㡀	㡀	附属根	八	末	黹	zhǐ	业 ＋ 㡀	viwa	viwa	1
648	e	𠂆	反字框	附属根	撇	首	后	hòu	𠂆 ＋ 一 ＋ 口	hzeh	hz	13
649	p	亦	亦	附属根	变字头	首	亦	yì	亦	yipp	yip	4
650	p	亦	亦	附属根	变字头	末	㑊	yì	亻 ＋ 亦	yifp	yifp	2
651	l	扌	扌	主根	扌	首	把	bǎ	扌 ＋ 巴	balv	ba	295
652	d	米	米	主根	米	首	类	lèi	米 ＋ 大	lwdn	lw	45
653	d	米	米	主根	米	末	米	mǐ	米	midd	mi	22
654	n	天	天	附属根	大	首	天	tiān	天	tmnn	tm	4
655	n	天	天	附属根	大	末	关	guān	丷 ＋ 天	gran	gr	26
656	c	牜	牜	附属根	牛	首	特	tè	牜 ＋ 土 ＋ 寸	tecy	te	20
657	c	马	马	主根	马	首	骠	biāo / piào	马 ＋ 覀 ＋ 示	bncy pncy	bnc pnc	67
658	c	马	马	主根	马	末	吗	ma	口 ＋ 马	mahc	ma	23
659	r	灬	灬	附属根	火	末	点	diǎn	⺊ ＋ 口 ＋ 灬	dmar	dm	56
660	k	氏	氏	主根	氏	首	昏	hūn	氏 ＋ 日	hykq	hyk	2
661	k	氏	氏	主根	氏	末	𬨂	qí	车旁 ＋ 氏	qiek	qie	7
662	q	夂	夂	附属根	又	首	条	tiáo	夂 ＋ 一 ＋ 小	tnqg	tn	11
663	q	夂	夂	附属根	又	末	复	fù	𠂉 ＋ 日 ＋ 夂	fufq	fuf	48
664	j	乡	乡	附属根	纟	首	乡	xiāng	乡	xljj	xlj	2
665	j	乡	乡	附属根	纟	末	芗	xiāng	艹 ＋ 乡	xlxj	xlx	2
666	i	尸	尸	主根	尸	首	尼	ní	尸 ＋ 匕	niit	ni	53
667	i	尸	尸	主根	尸	末	卢	lú	⺊ ＋ 尸	luai	lua	10
668	y	乌	乌	附属根	鸟	首	乌	wū	乌	wuyy	wuy	2
669	y	乌	乌	附属根	鸟	末	钨	wū	钅 ＋ 乌	wuky	wuk	4
670	m	采	采	附属根	爫	首	采	cǎi	采	cdmm	cdm	2
671	m	采	采	附属根	爫	末	菜	cài	艹 ＋ 采	cdxm	cd	4
672	v	亠	亠	主根	亠	首	率	lǜ / shuài	亠 ＋ 幺 ＋ 冫 ＋ 撇 ＋ 点 ＋ 十	lvvp ukvp	lv uk	38
673	v	亠	亠	主根	亠	末	丹	dān	⺆ ＋ 亠	djnv	djn	4
