词	当前码	建议码	SUBTLEX拼音	SUBTLEX词频	处理建议
什么	uime	ufme	shen2 me5	236517	第一批；应用前抽查并按基础词表原顺序重排新码位候选
了解	lejp	lnjp	liao3 jie3	10127	第一批；应用前抽查并按基础词表原顺序重排新码位候选
长官	ihgr	vhgr	zhang3 guan1	6780	第一批；应用前抽查并按基础词表原顺序重排新码位候选
调查	tnia	dnia	diao4 cha2	6319	第一批；应用前抽查并按基础词表原顺序重排新码位候选
的确	deqt	diqt	di2 que4	4803	第一批；应用前抽查并按基础词表原顺序重排新码位候选
音乐	yble	ybyt	yin1 yue4	4776	第一批；应用前抽查并按基础词表原顺序重排新码位候选
重新	vsxb	isxb	chong2 xin1	4637	第一批；应用前抽查并按基础词表原顺序重排新码位候选
钥匙	ytii	ycui	yao4 shi5	3751	第一批；应用前抽查并按基础词表原顺序重排新码位候选
银行	ybxk	ybhh	yin2 hang2	3003	第一批；应用前抽查并按基础词表原顺序重排新码位候选
子弹	zitj	zidj	zi3 dan4	2488	第一批；应用前抽查并按基础词表原顺序重排新码位候选
角色	jnse	jtse	jue2 se4	2403	第一批；应用前抽查并按基础词表原顺序重排新码位候选
炸弹	vatj	vadj	zha4 dan4	2268	第一批；应用前抽查并按基础词表原顺序重排新码位候选
乐队	ledv	ytdv	yue4 dui4	2126	第一批；应用前抽查并按基础词表原顺序重排新码位候选
目的	mude	mudi	mu4 di4	1835	第一批；应用前抽查并按基础词表原顺序重排新码位候选
长大	ihda	vhda	zhang3 da4	1797	第一批；应用前抽查并按基础词表原顺序重排新码位候选
队长	dvih	dvvh	dui4 zhang3	1731	第一批；应用前抽查并按基础词表原顺序重排新码位候选
仔细	zdxi	zixi	zi3 xi4	1696	第一批；应用前抽查并按基础词表原顺序重排新码位候选
船长	irih	irvh	chuan2 zhang3	1396	第一批；应用前抽查并按基础词表原顺序重排新码位候选
重复	vsfu	isfu	chong2 fu4	1262	第一批；应用前抽查并按基础词表原顺序重排新码位候选
熟悉	uzxi	uuxi	shu2 xi1	1221	第一批；应用前抽查并按基础词表原顺序重排新码位候选
血液	xpye	xtye	xue4 ye4	1182	第一批；应用前抽查并按基础词表原顺序重排新码位候选
成熟	iguz	iguu	cheng2 shu2	1055	第一批；应用前抽查并按基础词表原顺序重排新码位候选
市长	uiih	uivh	shi4 zhang3	1042	第一批；应用前抽查并按基础词表原顺序重排新码位候选
校长	xnih	xnvh	xiao4 zhang3	932	第一批；应用前抽查并按基础词表原顺序重排新码位候选
便宜	bmyi	pmyi	pian2 yi5	860	第一批；应用前抽查并按基础词表原顺序重排新码位候选
成长	igih	igvh	cheng2 zhang3	858	第一批；应用前抽查并按基础词表原顺序重排新码位候选
流血	lqxp	lqxt	liu2 xue4	849	第一批；应用前抽查并按基础词表原顺序重排新码位候选
局长	juih	juvh	ju2 zhang3	822	第一批；应用前抽查并按基础词表原顺序重排新码位候选
香槟	xlbk	xlbb	xiang1 bin1	810	第一批；应用前抽查并按基础词表原顺序重排新码位候选
血迹	xpji	xtji	xue4 ji1	793	第一批；应用前抽查并按基础词表原顺序重排新码位候选
主角	vujn	vujt	zhu3 jue2	791	第一批；应用前抽查并按基础词表原顺序重排新码位候选
睡着	uvve	uvvc	shui4 zhao2	782	第一批；应用前抽查并按基础词表原顺序重排新码位候选
着急	veji	vcji	zhao2 ji2	700	第一批；应用前抽查并按基础词表原顺序重排新码位候选
家长	jxih	jxvh	jia1 zhang3	672	第一批；应用前抽查并按基础词表原顺序重排新码位候选
可恶	keee	kewu	ke3 wu4	657	第一批；应用前抽查并按基础词表原顺序重排新码位候选
大夫	dafu	ddfu	dai4 fu5	654	第一批；应用前抽查并按基础词表原顺序重排新码位候选
投降	tzjl	tzxl	tou2 xiang2	648	第一批；应用前抽查并按基础词表原顺序重排新码位候选
透露	tzlz	tzlu	tou4 lu4	559	第一批；应用前抽查并按基础词表原顺序重排新码位候选
部长	buih	buvh	bu4 zhang3	539	第一批；应用前抽查并按基础词表原顺序重排新码位候选
着火	veho	vcho	zhao2 huo3	522	第一批；应用前抽查并按基础词表原顺序重排新码位候选
导弹	dctj	dcdj	dao3 dan4	510	第一批；应用前抽查并按基础词表原顺序重排新码位候选
了结	lejp	lnjp	liao3 jie2	475	第一批；应用前抽查并按基础词表原顺序重排新码位候选
行业	xkye	hhye	hang2 ye4	475	第一批；应用前抽查并按基础词表原顺序重排新码位候选
核弹	hetj	hedj	he2 dan4	461	第一批；应用前抽查并按基础词表原顺序重排新码位候选
州长	vzih	vzvh	zhou1 zhang3	447	第一批；应用前抽查并按基础词表原顺序重排新码位候选
勒索	lwso	leso	le4 suo3	445	第一批；应用前抽查并按基础词表原顺序重排新码位候选
着迷	vemi	vcmi	zhao2 mi2	444	第一批；应用前抽查并按基础词表原顺序重排新码位候选
重建	vsjm	isjm	chong2 jian4	442	第一批；应用前抽查并按基础词表原顺序重排新码位候选
恐吓	ksxx	kshe	kong3 he4	391	第一批；应用前抽查并按基础词表原顺序重排新码位候选
血压	xpya	xtya	xue4 ya1	389	第一批；应用前抽查并按基础词表原顺序重排新码位候选
刻薄	kebc	kebo	ke4 bo2	386	第一批；应用前抽查并按基础词表原顺序重排新码位候选
露出	lziu	luiu	lu4 chu1	338	第一批；应用前抽查并按基础词表原顺序重排新码位候选
着陆	velu	volu	zhuo2 lu4	332	第一批；应用前抽查并按基础词表原顺序重排新码位候选
仿佛	fhfo	fhfu	fang3 fu2	331	第一批；应用前抽查并按基础词表原顺序重排新码位候选
没收	mwuz	mouz	mo4 shou1	331	第一批；应用前抽查并按基础词表原顺序重排新码位候选
宝藏	bcch	bczh	bao3 zang4	327	第一批；应用前抽查并按基础词表原顺序重排新码位候选
畜生	xuug	iuug	chu4 sheng5	327	第一批；应用前抽查并按基础词表原顺序重排新码位候选
血管	xpgr	xtgr	xue4 guan3	316	第一批；应用前抽查并按基础词表原顺序重排新码位候选
血统	xpts	xtts	xue4 tong3	316	第一批；应用前抽查并按基础词表原顺序重排新码位候选
鲜血	xmxp	xmxt	xian1 xue4	312	第一批；应用前抽查并按基础词表原顺序重排新码位候选
会计	hvji	kkji	kuai4 ji4	300	第一批；应用前抽查并按基础词表原顺序重排新码位候选
着手	veuz	vouz	zhuo2 shou3	288	第一批；应用前抽查并按基础词表原顺序重排新码位候选
双重	ulvs	ulis	shuang1 chong2	287	第一批；应用前抽查并按基础词表原顺序重排新码位候选
生长	ugih	ugvh	sheng1 zhang3	285	第一批；应用前抽查并按基础词表原顺序重排新码位候选
首都	uzdz	uzdu	shou3 du1	284	第一批；应用前抽查并按基础词表原顺序重排新码位候选
长相	ihxl	vhxl	zhang3 xiang1	278	第一批；应用前抽查并按基础词表原顺序重排新码位候选
血腥	xpxk	xtxk	xue4 xing1	274	第一批；应用前抽查并按基础词表原顺序重排新码位候选
出血	iuxp	iuxt	chu1 xue4	266	第一批；应用前抽查并按基础词表原顺序重排新码位候选
剥夺	bcdo	bodo	bo1 duo2	266	第一批；应用前抽查并按基础词表原顺序重排新码位候选
中弹	vstj	vsdj	zhong4 dan4	259	第一批；应用前抽查并按基础词表原顺序重排新码位候选
出差	iuia	iuid	chu1 chai1	258	第一批；应用前抽查并按基础词表原顺序重排新码位候选
弹药	tjyc	djyc	dan4 yao4	256	第一批；应用前抽查并按基础词表原顺序重排新码位候选
盛大	igda	ugda	sheng4 da4	255	第一批；应用前抽查并按基础词表原顺序重排新码位候选
强调	qltn	qldn	qiang2 diao4	252	第一批；应用前抽查并按基础词表原顺序重排新码位候选
会长	hvih	hvvh	hui4 zhang3	249	第一批；应用前抽查并按基础词表原顺序重排新码位候选
熟人	uzrf	uurf	shu2 ren2	238	第一批；应用前抽查并按基础词表原顺序重排新码位候选
偿还	ihhd	ihhr	chang2 huan2	236	第一批；应用前抽查并按基础词表原顺序重排新码位候选
眼熟	yjuz	yjuu	yan3 shu2	220	第一批；应用前抽查并按基础词表原顺序重排新码位候选
薄荷	bche	bohe	bo4 he5	216	第一批；应用前抽查并按基础词表原顺序重排新码位候选
院长	yrih	yrvh	yuan4 zhang3	215	第一批；应用前抽查并按基础词表原顺序重排新码位候选
生还	ughd	ughr	sheng1 huan2	213	第一批；应用前抽查并按基础词表原顺序重排新码位候选
机长	jiih	jivh	ji1 zhang3	210	第一批；应用前抽查并按基础词表原顺序重排新码位候选
都市	dzui	duui	du1 shi4	200	第一批；应用前抽查并按基础词表原顺序重排新码位候选
重演	vsyj	isyj	chong2 yan3	194	第一批；应用前抽查并按基础词表原顺序重排新码位候选
重返	vsfj	isfj	chong2 fan3	186	第一批；应用前抽查并按基础词表原顺序重排新码位候选
失血	uixp	uixt	shi1 xue4	182	第一批；应用前抽查并按基础词表原顺序重排新码位候选
酋长	qqih	qqvh	qiu2 zhang3	176	第一批；应用前抽查并按基础词表原顺序重排新码位候选
重现	vsxm	isxm	chong2 xian4	176	第一批；应用前抽查并按基础词表原顺序重排新码位候选
血型	xpxk	xtxk	xue4 xing2	174	第一批；应用前抽查并按基础词表原顺序重排新码位候选
弹道	tjdc	djdc	dan4 dao4	171	第一批；应用前抽查并按基础词表原顺序重排新码位候选
长老	ihlc	vhlc	zhang3 lao3	170	第一批；应用前抽查并按基础词表原顺序重排新码位候选
差事	iaui	idui	chai1 shi5	165	第一批；应用前抽查并按基础词表原顺序重排新码位候选
归还	gvhd	gvhr	gui1 huan2	164	第一批；应用前抽查并按基础词表原顺序重排新码位候选
角逐	jnvu	jtvu	jue2 zhu2	164	第一批；应用前抽查并按基础词表原顺序重排新码位候选
重组	vszu	iszu	chong2 zu3	161	第一批；应用前抽查并按基础词表原顺序重排新码位候选
舰长	jmih	jmvh	jian4 zhang3	158	第一批；应用前抽查并按基础词表原顺序重排新码位候选
还击	hdji	hrji	huan2 ji1	155	第一批；应用前抽查并按基础词表原顺序重排新码位候选
炮弹	pctj	pcdj	pao4 dan4	153	第一批；应用前抽查并按基础词表原顺序重排新码位候选
出没	iumw	iumo	chu1 mo4	152	第一批；应用前抽查并按基础词表原顺序重排新码位候选
伎俩	jilx	jill	ji4 liang3	146	第一批；应用前抽查并按基础词表原顺序重排新码位候选
止血	vixp	vixt	zhi3 xue4	143	第一批；应用前抽查并按基础词表原顺序重排新码位候选
坦率	tjlv	tjuk	tan3 shuai4	139	第一批；应用前抽查并按基础词表原顺序重排新码位候选
淹没	yjmw	yjmo	yan1 mo4	139	第一批；应用前抽查并按基础词表原顺序重排新码位候选
伺候	sihz	cihz	ci4 hou4	138	第一批；应用前抽查并按基础词表原顺序重排新码位候选
社长	ueih	uevh	she4 zhang3	138	第一批；应用前抽查并按基础词表原顺序重排新码位候选
心血	xbxp	xbxt	xin1 xue4	136	第一批；应用前抽查并按基础词表原顺序重排新码位候选
血清	xpqk	xtqk	xue4 qing1	135	第一批；应用前抽查并按基础词表原顺序重排新码位候选
萝卜	lobu	lobo	luo2 bo5	134	第一批；应用前抽查并按基础词表原顺序重排新码位候选
重逢	vsfg	isfg	chong2 feng2	132	第一批；应用前抽查并按基础词表原顺序重排新码位候选
草率	cclv	ccuk	cao3 shuai4	130	第一批；应用前抽查并按基础词表原顺序重排新码位候选
堵塞	dusd	duse	du3 se4	124	第一批；应用前抽查并按基础词表原顺序重排新码位候选
反省	fjug	fjxk	fan3 xing3	123	第一批；应用前抽查并按基础词表原顺序重排新码位候选
铃铛	lkig	lkdh	ling2 dang1	121	第一批；应用前抽查并按基础词表原顺序重排新码位候选
衣着	yive	yivo	yi1 zhuo2	120	第一批；应用前抽查并按基础词表原顺序重排新码位候选
埋怨	mdyr	mjyr	man2 yuan4	118	第一批；应用前抽查并按基础词表原顺序重排新码位候选
弹头	tjtz	djtz	dan4 tou2	118	第一批；应用前抽查并按基础词表原顺序重排新码位候选
班长	bjih	bjvh	ban1 zhang3	117	第一批；应用前抽查并按基础词表原顺序重排新码位候选
邮差	yzia	yzid	you2 chai1	117	第一批；应用前抽查并按基础词表原顺序重排新码位候选
热血	rexp	rext	re4 xue4	116	第一批；应用前抽查并按基础词表原顺序重排新码位候选
行列	xklp	hhlp	hang2 lie4	116	第一批；应用前抽查并按基础词表原顺序重排新码位候选
镇长	vfih	vfvh	zhen4 zhang3	115	第一批；应用前抽查并按基础词表原顺序重排新码位候选
丰盛	fgig	fgug	feng1 sheng4	114	第一批；应用前抽查并按基础词表原顺序重排新码位候选
自传	ziir	zivr	zi4 zhuan4	112	第一批；应用前抽查并按基础词表原顺序重排新码位候选
流露	lqlz	lqlu	liu2 lu4	111	第一批；应用前抽查并按基础词表原顺序重排新码位候选
强劲	qljb	qljk	qiang2 jing4	110	第一批；应用前抽查并按基础词表原顺序重排新码位候选
行家	xkjx	hhjx	hang2 jia1	107	第一批；应用前抽查并按基础词表原顺序重排新码位候选
熟练	uzlm	uulm	shu2 lian4	105	第一批；应用前抽查并按基础词表原顺序重排新码位候选
重申	vsuf	isuf	chong2 shen1	102	第一批；应用前抽查并按基础词表原顺序重排新码位候选
憎恶	zgee	zgwu	zeng1 wu4	99	第一批；应用前抽查并按基础词表原顺序重排新码位候选
着装	vevl	vovl	zhuo2 zhuang1	99	第一批；应用前抽查并按基础词表原顺序重排新码位候选
重温	vswf	iswf	chong2 wen1	96	第一批；应用前抽查并按基础词表原顺序重排新码位候选
血肉	xprz	xtrz	xue4 rou4	94	第一批；应用前抽查并按基础词表原顺序重排新码位候选
盛宴	igyj	ugyj	sheng4 yan4	93	第一批；应用前抽查并按基础词表原顺序重排新码位候选
村长	cyih	cyvh	cun1 zhang3	89	第一批；应用前抽查并按基础词表原顺序重排新码位候选
音调	ybtn	ybdn	yin1 diao4	89	第一批；应用前抽查并按基础词表原顺序重排新码位候选
贫血	pbxp	pbxt	pin2 xue4	86	第一批；应用前抽查并按基础词表原顺序重排新码位候选
外行	wdxk	wdhh	wai4 hang2	84	第一批；应用前抽查并按基础词表原顺序重排新码位候选
弹孔	tjks	djks	dan4 kong3	83	第一批；应用前抽查并按基础词表原顺序重排新码位候选
血债	xpvd	xtvd	xue4 zhai4	81	第一批；应用前抽查并按基础词表原顺序重排新码位候选
调子	tnzi	dnzi	diao4 zi5	81	第一批；应用前抽查并按基础词表原顺序重排新码位候选
轻率	qklv	qkuk	qing1 shuai4	81	第一批；应用前抽查并按基础词表原顺序重排新码位候选
还原	hdyr	hryr	huan2 yuan2	81	第一批；应用前抽查并按基础词表原顺序重排新码位候选
削弱	xnro	xtro	xue1 ruo4	80	第一批；应用前抽查并按基础词表原顺序重排新码位候选
旺盛	whig	whug	wang4 sheng4	80	第一批；应用前抽查并按基础词表原顺序重排新码位候选
防弹	fhtj	fhdj	fang2 dan4	80	第一批；应用前抽查并按基础词表原顺序重排新码位候选
着魔	vemo	vcmo	zhao2 mo2	79	第一批；应用前抽查并按基础词表原顺序重排新码位候选
单调	djtn	djdn	dan1 diao4	77	第一批；应用前抽查并按基础词表原顺序重排新码位候选
咯咯	lolo	gege	ge1 ge1	77	第一批；应用前抽查并按基础词表原顺序重排新码位候选
熟知	uzvi	uuvi	shu2 zhi1	76	第一批；应用前抽查并按基础词表原顺序重排新码位候选
调度	tndu	dndu	diao4 du4	76	第一批；应用前抽查并按基础词表原顺序重排新码位候选
牲畜	ugxu	ugiu	sheng1 chu4	75	第一批；应用前抽查并按基础词表原顺序重排新码位候选
阻塞	zusd	zuse	zu3 se4	75	第一批；应用前抽查并按基础词表原顺序重排新码位候选
剥削	bcxn	boxt	bo1 xue1	73	第一批；应用前抽查并按基础词表原顺序重排新码位候选
重生	vsug	isug	chong2 sheng1	73	第一批；应用前抽查并按基础词表原顺序重排新码位候选
显露	xmlz	xmlu	xian3 lu4	70	第一批；应用前抽查并按基础词表原顺序重排新码位候选
盛装	igvl	ugvl	sheng4 zhuang1	70	第一批；应用前抽查并按基础词表原顺序重排新码位候选
血流	xplq	xtlq	xue4 liu2	70	第一批；应用前抽查并按基础词表原顺序重排新码位候选
长辈	ihbw	vhbw	zhang3 bei4	70	第一批；应用前抽查并按基础词表原顺序重排新码位候选
组长	zuih	zuvh	zu3 zhang3	68	第一批；应用前抽查并按基础词表原顺序重排新码位候选
输血	uuxp	uuxt	shu1 xue4	68	第一批；应用前抽查并按基础词表原顺序重排新码位候选
重塑	vssu	issu	chong2 su4	68	第一批；应用前抽查并按基础词表原顺序重排新码位候选
着眼	veyj	voyj	zhuo2 yan3	66	第一批；应用前抽查并按基础词表原顺序重排新码位候选
膀胱	bhgl	phgl	pang2 guang1	66	第一批；应用前抽查并按基础词表原顺序重排新码位候选
血脉	xpmd	xtmd	xue4 mai4	65	第一批；应用前抽查并按基础词表原顺序重排新码位候选
验血	yjxp	yjxt	yan4 xue4	64	第一批；应用前抽查并按基础词表原顺序重排新码位候选
差遣	iaqm	idqm	chai1 qian3	63	第一批；应用前抽查并按基础词表原顺序重排新码位候选
配角	pwjn	pwjt	pei4 jue2	63	第一批；应用前抽查并按基础词表原顺序重排新码位候选
慰藉	wwji	wwjp	wei4 jie4	61	第一批；应用前抽查并按基础词表原顺序重排新码位候选
熟睡	uzuv	uuuv	shu2 shui4	60	第一批；应用前抽查并按基础词表原顺序重排新码位候选
还手	hduz	hruz	huan2 shou3	60	第一批；应用前抽查并按基础词表原顺序重排新码位候选
长子	ihzi	vhzi	zhang3 zi3	60	第一批；应用前抽查并按基础词表原顺序重排新码位候选
情调	qktn	qkdn	qing2 diao4	59	第一批；应用前抽查并按基础词表原顺序重排新码位候选
乐谱	lepu	ytpu	yue4 pu3	58	第一批；应用前抽查并按基础词表原顺序重排新码位候选
浅薄	qmbc	qmbo	qian3 bo2	58	第一批；应用前抽查并按基础词表原顺序重排新码位候选
率领	lvlk	uklk	shuai4 ling3	58	第一批；应用前抽查并按基础词表原顺序重排新码位候选
声乐	ugle	ugyt	sheng1 yue4	57	第一批；应用前抽查并按基础词表原顺序重排新码位候选
着实	veui	voui	zhuo2 shi2	56	第一批；应用前抽查并按基础词表原顺序重排新码位候选
盛会	ighv	ughv	sheng4 hui4	55	第一批；应用前抽查并按基础词表原顺序重排新码位候选
弹弓	tjgs	djgs	dan4 gong1	53	第一批；应用前抽查并按基础词表原顺序重排新码位候选
盛开	igkd	ugkd	sheng4 kai1	53	第一批；应用前抽查并按基础词表原顺序重排新码位候选
献血	xmxp	xmxt	xian4 xue4	52	第一批；应用前抽查并按基础词表原顺序重排新码位候选
扒手	bauz	pauz	pa2 shou3	51	第一批；应用前抽查并按基础词表原顺序重排新码位候选
血浆	xpjl	xtjl	xue4 jiang1	51	第一批；应用前抽查并按基础词表原顺序重排新码位候选
重叠	vsdp	isdp	chong2 die2	51	第一批；应用前抽查并按基础词表原顺序重排新码位候选
调换	tnhr	dnhr	diao4 huan4	50	第一批；应用前抽查并按基础词表原顺序重排新码位候选
着凉	vell	vcll	zhao2 liang2	49	第一批；应用前抽查并按基础词表原顺序重排新码位候选
团长	trih	trvh	tuan2 zhang3	47	第一批；应用前抽查并按基础词表原顺序重排新码位候选
校准	xnvy	jnvy	jiao4 zhun3	46	第一批；应用前抽查并按基础词表原顺序重排新码位候选
乐曲	lequ	ytqu	yue4 qu3	45	第一批；应用前抽查并按基础词表原顺序重排新码位候选
抽血	izxp	izxt	chou1 xue4	45	第一批；应用前抽查并按基础词表原顺序重排新码位候选
曲调	qutn	qudn	qu3 diao4	44	第一批；应用前抽查并按基础词表原顺序重排新码位候选
直率	vilv	viuk	zhi2 shuai4	44	第一批；应用前抽查并按基础词表原顺序重排新码位候选
披露	pilz	pilu	pi1 lu4	43	第一批；应用前抽查并按基础词表原顺序重排新码位候选
分行	ffxk	ffhh	fen1 hang2	42	第一批；应用前抽查并按基础词表原顺序重排新码位候选
未了	wwle	wwln	wei4 liao3	42	第一批；应用前抽查并按基础词表原顺序重排新码位候选
步调	butn	budn	bu4 diao4	42	第一批；应用前抽查并按基础词表原顺序重排新码位候选
血汗	xphj	xthj	xue4 han4	42	第一批；应用前抽查并按基础词表原顺序重排新码位候选
早熟	zcuz	zcuu	zao3 shu2	41	第一批；应用前抽查并按基础词表原顺序重排新码位候选
盛行	igxk	ugxk	sheng4 xing2	41	第一批；应用前抽查并按基础词表原顺序重排新码位候选
相称	xlig	xlif	xiang1 chen4	41	第一批；应用前抽查并按基础词表原顺序重排新码位候选
露宿	lzsu	lusu	lu4 su4	41	第一批；应用前抽查并按基础词表原顺序重排新码位候选
实弹	uitj	uidj	shi2 dan4	40	第一批；应用前抽查并按基础词表原顺序重排新码位候选
血块	xpkk	xtkk	xue4 kuai4	40	第一批；应用前抽查并按基础词表原顺序重排新码位候选
行情	xkqk	hhqk	hang2 qing2	40	第一批；应用前抽查并按基础词表原顺序重排新码位候选
科长	keih	kevh	ke1 zhang3	39	第一批；应用前抽查并按基础词表原顺序重排新码位候选
本行	bfxk	bfhh	ben3 hang2	38	第一批；应用前抽查并按基础词表原顺序重排新码位候选
血栓	xpur	xtur	xue4 shuan1	37	第一批；应用前抽查并按基础词表原顺序重排新码位候选
倔强	jtql	jtjl	jue2 jiang4	36	第一批；应用前抽查并按基础词表原顺序重排新码位候选
没落	mwlo	molo	mo4 luo4	36	第一批；应用前抽查并按基础词表原顺序重排新码位候选
开辟	kdbi	kdpi	kai1 pi4	35	第一批；应用前抽查并按基础词表原顺序重排新码位候选
朴素	pnsu	pusu	pu3 su4	35	第一批；应用前抽查并按基础词表原顺序重排新码位候选
附着	fuve	fuvo	fu4 zhuo2	35	第一批；应用前抽查并按基础词表原顺序重排新码位候选
勒令	lwlk	lelk	le4 ling4	34	第一批；应用前抽查并按基础词表原顺序重排新码位候选
声调	ugtn	ugdn	sheng1 diao4	34	第一批；应用前抽查并按基础词表原顺序重排新码位候选
盛情	igqk	ugqk	sheng4 qing2	34	第一批；应用前抽查并按基础词表原顺序重排新码位候选
血洗	xpxi	xtxi	xue4 xi3	34	第一批；应用前抽查并按基础词表原顺序重排新码位候选
退还	tvhd	tvhr	tui4 huan2	34	第一批；应用前抽查并按基础词表原顺序重排新码位候选
地壳	dike	diqn	di4 qiao4	33	第一批；应用前抽查并按基础词表原顺序重排新码位候选
埋没	mdmw	mdmo	mai2 mo4	33	第一批；应用前抽查并按基础词表原顺序重排新码位候选
血肿	xpvs	xtvs	xue4 zhong3	33	第一批；应用前抽查并按基础词表原顺序重排新码位候选
行话	xkhx	hhhx	hang2 hua4	33	第一批；应用前抽查并按基础词表原顺序重排新码位候选
率先	lvxm	ukxm	shuai4 xian1	32	第一批；应用前抽查并按基础词表原顺序重排新码位候选
内行	nwxk	nwhh	nei4 hang2	31	第一批；应用前抽查并按基础词表原顺序重排新码位候选
改行	gdxk	gdhh	gai3 hang2	31	第一批；应用前抽查并按基础词表原顺序重排新码位候选
重提	vsti	isti	chong2 ti2	30	第一批；应用前抽查并按基础词表原顺序重排新码位候选
午觉	wujt	wujn	wu3 jiao4	29	第一批；应用前抽查并按基础词表原顺序重排新码位候选
家畜	jxxu	jxiu	jia1 chu4	29	第一批；应用前抽查并按基础词表原顺序重排新码位候选
血案	xpan	xtan	xue4 an4	29	第一批；应用前抽查并按基础词表原顺序重排新码位候选
弦乐	xmle	xmyt	xian2 yue4	28	第一批；应用前抽查并按基础词表原顺序重排新码位候选
湖泊	hubo	hupo	hu2 po1	28	第一批；应用前抽查并按基础词表原顺序重排新码位候选
充血	isxp	isxt	chong1 xue4	27	第一批；应用前抽查并按基础词表原顺序重排新码位候选
娴熟	xmuz	xmuu	xian2 shu2	27	第一批；应用前抽查并按基础词表原顺序重排新码位候选
盛典	igdm	ugdm	sheng4 dian3	27	第一批；应用前抽查并按基础词表原顺序重排新码位候选
色调	setn	sedn	se4 diao4	27	第一批；应用前抽查并按基础词表原顺序重排新码位候选
剥离	bcli	boli	bo1 li2	26	第一批；应用前抽查并按基础词表原顺序重排新码位候选
助长	vuih	vuvh	zhu4 zhang3	26	第一批；应用前抽查并按基础词表原顺序重排新码位候选
校正	xnvg	jnvg	jiao4 zheng4	26	第一批；应用前抽查并按基础词表原顺序重排新码位候选
胳臂	gebi	gebw	ge1 bei5	26	第一批；应用前抽查并按基础词表原顺序重排新码位候选
微薄	wwbc	wwbo	wei1 bo2	25	第一批；应用前抽查并按基础词表原顺序重排新码位候选
排行	pdxk	pdhh	pai2 hang2	25	第一批；应用前抽查并按基础词表原顺序重排新码位候选
朴实	pnui	puui	pu3 shi2	25	第一批；应用前抽查并按基础词表原顺序重排新码位候选
血战	xpvj	xtvj	xue4 zhan4	25	第一批；应用前抽查并按基础词表原顺序重排新码位候选
基调	jitn	jidn	ji1 diao4	24	第一批；应用前抽查并按基础词表原顺序重排新码位候选
奏乐	zzle	zzyt	zou4 yue4	24	第一批；应用前抽查并按基础词表原顺序重排新码位候选
总得	zsde	zsdw	zong3 dei3	24	第一批；应用前抽查并按基础词表原顺序重排新码位候选
懂行	dsxk	dshh	dong3 hang2	24	第一批；应用前抽查并按基础词表原顺序重排新码位候选
放血	fhxp	fhxt	fang4 xue4	24	第一批；应用前抽查并按基础词表原顺序重排新码位候选
匀称	yyig	yyif	yun2 chen4	23	第一批；应用前抽查并按基础词表原顺序重排新码位候选
血色	xpse	xtse	xue4 se4	23	第一批；应用前抽查并按基础词表原顺序重排新码位候选
了事	leui	lnui	liao3 shi4	22	第一批；应用前抽查并按基础词表原顺序重排新码位候选
转行	vrxk	vrhh	zhuan3 hang2	22	第一批；应用前抽查并按基础词表原顺序重排新码位候选
呜咽	wuyj	wuye	wu1 ye4	21	第一批；应用前抽查并按基础词表原顺序重排新码位候选
淤血	yuxp	yuxt	yu1 xue4	21	第一批；应用前抽查并按基础词表原顺序重排新码位候选
耙子	bazi	pazi	pa2 zi5	20	第一批；应用前抽查并按基础词表原顺序重排新码位候选
造血	zcxp	zcxt	zao4 xue4	20	第一批；应用前抽查并按基础词表原顺序重排新码位候选
重围	vsww	isww	chong2 wei2	20	第一批；应用前抽查并按基础词表原顺序重排新码位候选
流弹	lqtj	lqdj	liu2 dan4	19	第一批；应用前抽查并按基础词表原顺序重排新码位候选
着色	vese	vose	zhuo2 se4	19	第一批；应用前抽查并按基础词表原顺序重排新码位候选
简朴	jmpn	jmpu	jian3 pu3	19	第一批；应用前抽查并按基础词表原顺序重排新码位候选
论调	lytn	lydn	lun4 diao4	19	第一批；应用前抽查并按基础词表原顺序重排新码位候选
正传	vgir	vgvr	zheng4 zhuan4	18	第一批；应用前抽查并按基础词表原顺序重排新码位候选
茂盛	mcig	mcug	mao4 sheng4	18	第一批；应用前抽查并按基础词表原顺序重排新码位候选
血渍	xpzi	xtzi	xue4 zi4	18	第一批；应用前抽查并按基础词表原顺序重排新码位候选
还魂	hdhy	hrhy	huan2 hun2	18	第一批；应用前抽查并按基础词表原顺序重排新码位候选
血库	xpku	xtku	xue4 ku4	17	第一批；应用前抽查并按基础词表原顺序重排新码位候选
还价	hdjx	hrjx	huan2 jia4	17	第一批；应用前抽查并按基础词表原顺序重排新码位候选
露水	lzuv	luuv	lu4 shui3	17	第一批；应用前抽查并按基础词表原顺序重排新码位候选
鼎盛	dkig	dkug	ding3 sheng4	17	第一批；应用前抽查并按基础词表原顺序重排新码位候选
剥落	bclo	bolo	bo1 luo4	16	第一批；应用前抽查并按基础词表原顺序重排新码位候选
盛产	igij	ugij	sheng4 chan3	16	第一批；应用前抽查并按基础词表原顺序重排新码位候选
弹痕	tjhf	djhf	dan4 hen2	15	第一批；应用前抽查并按基础词表原顺序重排新码位候选
血本	xpbf	xtbf	xue4 ben3	15	第一批；应用前抽查并按基础词表原顺序重排新码位候选
烂熟	ljuz	ljuu	lan4 shu2	14	第一批；应用前抽查并按基础词表原顺序重排新码位候选
调任	tnrf	dnrf	diao4 ren4	14	第一批；应用前抽查并按基础词表原顺序重排新码位候选
兴盛	xkig	xkug	xing1 sheng4	13	第一批；应用前抽查并按基础词表原顺序重排新码位候选
盛怒	ignu	ugnu	sheng4 nu4	13	第一批；应用前抽查并按基础词表原顺序重排新码位候选
粘性	vjxk	nmxk	nian2 xing4	13	第一批；应用前抽查并按基础词表原顺序重排新码位候选
血气	xpqi	xtqi	xue4 qi4	13	第一批；应用前抽查并按基础词表原顺序重排新码位候选
表率	bnlv	bnuk	biao3 shuai4	13	第一批；应用前抽查并按基础词表原顺序重排新码位候选
还嘴	hdzv	hrzv	huan2 zui3	13	第一批；应用前抽查并按基础词表原顺序重排新码位候选
今朝	jbic	jbvc	jin1 zhao1	12	第一批；应用前抽查并按基础词表原顺序重排新码位候选
刹那	uana	iana	cha4 na4	12	第一批；应用前抽查并按基础词表原顺序重排新码位候选
弹坑	tjkg	djkg	dan4 keng1	12	第一批；应用前抽查并按基础词表原顺序重排新码位候选
浴血	yuxp	yuxt	yu4 xue4	12	第一批；应用前抽查并按基础词表原顺序重排新码位候选
淳朴	iypn	iypu	chun2 pu3	12	第一批；应用前抽查并按基础词表原顺序重排新码位候选
滋长	ziih	zivh	zi1 zhang3	12	第一批；应用前抽查并按基础词表原顺序重排新码位候选
缺血	qtxp	qtxt	que1 xue4	12	第一批；应用前抽查并按基础词表原顺序重排新码位候选
奉还	fghd	fghr	feng4 huan2	11	第一批；应用前抽查并按基础词表原顺序重排新码位候选
梗塞	ggsd	ggse	geng3 se4	11	第一批；应用前抽查并按基础词表原顺序重排新码位候选
知了	vile	viln	zhi1 liao3	11	第一批；应用前抽查并按基础词表原顺序重排新码位候选
薄雾	bcwu	bowu	bo2 wu4	11	第一批；应用前抽查并按基础词表原顺序重排新码位候选
行长	xkih	hhvh	hang2 zhang3	11	第一批；应用前抽查并按基础词表原顺序重排新码位候选
强盛	qlig	qlug	qiang2 sheng4	10	第一批；应用前抽查并按基础词表原顺序重排新码位候选
昌盛	ihig	ihug	chang1 sheng4	10	第一批；应用前抽查并按基础词表原顺序重排新码位候选
曾孙	cgsy	zgsy	zeng1 sun1	10	第一批；应用前抽查并按基础词表原顺序重排新码位候选
海参	hdcj	hduf	hai3 shen1	10	第一批；应用前抽查并按基础词表原顺序重排新码位候选
率直	lvvi	ukvi	shuai4 zhi2	10	第一批；应用前抽查并按基础词表原顺序重排新码位候选
盛传	igir	ugir	sheng4 chuan2	10	第一批；应用前抽查并按基础词表原顺序重排新码位候选
称心	igxb	ifxb	chen4 xin1	10	第一批；应用前抽查并按基础词表原顺序重排新码位候选
纯朴	iypn	iypu	chun2 pu3	10	第一批；应用前抽查并按基础词表原顺序重排新码位候选
血泪	xplw	xtlw	xue4 lei4	10	第一批；应用前抽查并按基础词表原顺序重排新码位候选
质朴	vipn	vipu	zhi4 pu3	10	第一批；应用前抽查并按基础词表原顺序重排新码位候选
