裁决编号	码	调整前关键候选	调整后关键候选	理由	状态
G8C12-W001	jijn	矶、计较、犄角	矶、计较、犄角	默认挂接版实打可通过“不计较、不要计较、斤斤计较、和他计较”等长串稳定识别“计较”，因此“计较”不必争夺独立码位首选；恢复单字“矶”首选。	挂接版已复核：撤销让位
G8C12-W002	xujq	绪、许久、酗酒、叙旧	许久、绪、酗酒、叙旧	按默认挂接版复核后维持让位：外部宝频显示“绪”的纯单字使用仅28、含词总频16207，主要由情绪、思绪、头绪等词组抬高；即使“许久”可参与长串输入，“绪”的独立单字需求仍然过低。	挂接版已复核：维持让位
G8C12-W003	xmig	羡、现成、县城、线程	现成、羡、县城、线程	按默认挂接版复核后维持让位：“现成”虽常参与“现成的、现成方案、现成工具”等长串，但“羡”的频率主要由“羡慕”等词组贡献，纯单字需求仍明显更弱。	挂接版已复核：维持让位
G8C12-W004	xmba	洗、冼	先把、洗、冼	按默认挂接版复核后维持：“先把”虽可在“先把这个、先把文件”等长串中被挂接识别，但该码位的洗/xian身份频率为0且高频xi身份已有三码xib，冼也已有三码xmb；两个单字均无首选需求。F阶段显式新增“先把”，不修改冻结词库D。	挂接版已复核：维持让位
G8C12-W005	jnjr	礁、胶卷、交卷	胶卷、礁、交卷	按默认挂接版复核后维持：“胶卷”虽可在相机胶卷、彩色胶卷、一卷胶卷等长串中恢复，但“礁”本身也极少单用，主要出现于礁石、暗礁、珊瑚礁；折算挂接恢复后仍由“胶卷”首选。	挂接版已复核：维持让位
G8C12-W006	yjtz	堰、烟头	烟头、堰	按默认挂接版复核后维持：烟头虽可在一个烟头、扔掉烟头等长串中恢复，但仍有明确的独立二字词输入需求；“堰”主要出现于堰塞湖、都江堰、围堰等词或专名，纯单字需求更低。	挂接版已复核：维持让位
G8C12-W007	jmrs	箭、兼容	兼容、箭	按默认挂接版复核后维持：“兼容”虽常在向下兼容、兼容模式、兼容性等长串中恢复，但“箭”已有独占顺取码jmra，无需继续占用原码jmrs首选。	挂接版已复核：维持让位
G8C12-W008	uihg	噬、失衡	噬、失衡	默认挂接版下撤销让位：“失衡”常见于比例失衡、心理失衡、供需失衡等固定长串，可由挂接稳定恢复；“噬”可自由组合为噬元兽、噬魂鬼等开放式专名，此类长串未必被词库收录，单字首选更有价值。	挂接版已复核：撤销让位
G8C12-W009	jxfh	伽、家访、甲方	甲方、伽、家访	按默认挂接版复核后维持：“甲方”虽可在甲方单位、甲方公司等长串中恢复，但仍有较强的独立输入需求；“伽”已有独占顺取码jxfp，无需占用原码首选。人工体感认为甲方明显比家访常用，因此覆盖冻结D原词序。	挂接版已复核：维持让位
G8C12-W010	qiva	脐、欺诈、气炸	脐、欺诈、气炸	按默认挂接版裁决保持原样：“欺诈”常见于网络欺诈、金融欺诈、欺诈行为等长串，可由挂接恢复；“脐”具有肚脐、脐带、脐橙及开放式专业组合需求，单字首选价值更高。“气炸”词频更低。	挂接版已复核：保持原样
G8C12-W011	dmih	扂、电厂、店长、电场	电厂、扂、店长、电场	按默认挂接版裁决让位：“扂”为极生僻单字；“电厂”虽可在火力电厂、发电厂等长串中恢复，但自身也有很强的独立二字词输入需求。单字只让一个首选位置。	挂接版已复核：让位
G8C12-W012	ufyy	屾、神韵、身孕	神韵、屾、身孕	自动规则：单字不在前3527，且最高二字词排名13520≤15000；单字只让一个首选位置。	第一批自动让位
G8C12-W013	yiys	劓、医用、易用	医用、劓、易用	自动规则：单字不在前3527，且最高二字词排名13554≤15000；单字只让一个首选位置。	第一批自动让位
G8C12-W014	ykxk	蓥、影星、硬性	影星、蓥、硬性	自动规则：单字不在前3527，且最高二字词排名13561≤15000；单字只让一个首选位置。	第一批自动让位
G8C12-W016	wusy	鹜、无损、污损	无损、鹜、污损	自动规则：单字不在前3527，且最高二字词排名13611≤15000；单字只让一个首选位置。	第一批自动让位
G8C12-W017	zibc	恣、自保、自爆、自曝	自保、恣、自爆、自曝	自动规则：单字不在前3527，且最高二字词排名13697≤15000；单字只让一个首选位置。	第一批自动让位
G8C12-W018	qutn	𫭟、曲调	曲调、𫭟	自动规则：单字不在前3527，且最高二字词排名13726≤15000；单字只让一个首选位置。	第一批自动让位
G8C12-W020	xiyr	舄、巇、戏院、西苑	戏院、舄、巇、西苑	自动规则：同码单字均不在前3527，且最高二字词排名13863≤15000；整组单字共同只让一个首选位置。候选相对顺序以E接口为准。	第一批自动让位
G8C12-W022	xmqr	㬎、线圈	线圈、㬎	自动规则：单字不在前3527，且最高二字词排名14173≤15000；单字只让一个首选位置。	第一批自动让位
G8C12-W023	dikk	氐、地块	地块、氐	自动规则：单字不在前3527，且最高二字词排名14266≤15000；单字只让一个首选位置。	第一批自动让位
G8C12-W025	fujy	缚、夫君	夫君、缚	自动规则：单字不在前3527，且最高二字词排名14398≤15000；单字只让一个首选位置。	第一批自动让位
G8C12-W028	yjir	戭、扊、言传	言传、戭、扊	自动规则：同码单字均不在前3527，且最高二字词排名14642≤15000；整组单字共同只让一个首选位置。候选相对顺序以E接口为准。	第一批自动让位
G8C12-W030	cjcy	惭、残存	残存、惭	自动规则：单字不在前3527，且最高二字词排名14915≤15000；单字只让一个首选位置。	第一批自动让位
G8C12-W031	vuxn	苎、住校、注销	住校、苎、注销	自动规则：单字不在前3527，且最高二字词排名14926≤15000；单字只让一个首选位置。	第一批自动让位
G8C12-W032	sihy	厮混、嘶	嘶、厮混	实战复核：嘶基本只在单字输入时使用，而厮混可由连续输入和词库联想恢复；撤销旧的前15000词自动让位。	实战已撤销让位
G8C12-W033	wuuh	吾、误伤、无上、无伤	吾、误伤、无上、无伤	按默认挂接版裁决保持原样：误伤、无上、无伤多可由更长输入串恢复；“吾”具有吾辈、吾等、吾王、吾爱等开放式组合需求，单字首选价值更高。	挂接版已复核：保持原样
G8C12-W034	xiwh	觿、希望	希望、觿	自动规则：同码全部单字均在前3527之外，且最高二字词排名58≤20000；单字整体只让一个首选位置。	规则自动让位：前3527外撞前20000词
G8C12-W035	jphy	喈、结婚	结婚、喈	自动规则：同码全部单字均在前3527之外，且最高二字词排名217≤20000；单字整体只让一个首选位置。	规则自动让位：前3527外撞前20000词
G8C12-W036	hvdc	𬤝、回到、挥刀	回到、𬤝、挥刀	自动规则：同码全部单字均在前3527之外，且最高二字词排名371≤20000；单字整体只让一个首选位置。	规则自动让位：前3527外撞前20000词
G8C12-W037	liyz	嫠、理由、利诱	理由、嫠、利诱	自动规则：同码全部单字均在前3527之外，且最高二字词排名597≤20000；单字整体只让一个首选位置。	规则自动让位：前3527外撞前20000词
G8C12-W038	tsyh	鲖、同样、峒、痛痒	同样、鲖、峒、痛痒	自动规则：同码全部单字均在前3527之外，且最高二字词排名598≤20000；单字整体只让一个首选位置。	规则自动让位：前3527外撞前20000词
G8C12-W039	mgxl	甍、梦想、梦乡	梦想、甍、梦乡	自动规则：同码全部单字均在前3527之外，且最高二字词排名673≤20000；单字整体只让一个首选位置。	规则自动让位：前3527外撞前20000词
G8C12-W040	duzi	妒、肚子、独自、犊子、独资	肚子、妒、独自、犊子、独资	自动规则：同码全部单字均在前3527之外，且最高二字词排名692≤20000；单字整体只让一个首选位置。	规则自动让位：前3527外撞前20000词
G8C12-W041	vill	挚、质量	质量、挚	自动规则：同码全部单字均在前3527之外，且最高二字词排名739≤20000；单字整体只让一个首选位置。	规则自动让位：前3527外撞前20000词
G8C12-W042	wwxp	薳、𫇭、威胁、猥亵	威胁、薳、𫇭、猥亵	自动规则：同码全部单字均在前3527之外，且最高二字词排名1055≤20000；单字整体只让一个首选位置。	规则自动让位：前3527外撞前20000词
G8C12-W043	mmbc	湎、面包、绵薄	面包、湎、绵薄	自动规则：同码全部单字均在前3527之外，且最高二字词排名1138≤20000；单字整体只让一个首选位置。	规则自动让位：前3527外撞前20000词
G8C12-W044	uiyj	鼫、实验、试验、誓言、饰演、食言、十堰、食盐、试演、失言	实验、鼫、试验、誓言、饰演、食言、十堰、食盐、试演、失言	自动规则：同码全部单字均在前3527之外，且最高二字词排名1156≤20000；单字整体只让一个首选位置。	规则自动让位：前3527外撞前20000词
G8C12-W045	qima	蛴、蜞、起码、其、骑马	起码、蛴、蜞、其、骑马	自动规则：同码全部单字均在前3527之外，且最高二字词排名1354≤20000；单字整体只让一个首选位置。	规则自动让位：前3527外撞前20000词
G8C12-W046	jkvg	猄、竞争、净整	竞争、猄、净整	自动规则：同码全部单字均在前3527之外，且最高二字词排名1425≤20000；单字整体只让一个首选位置。	规则自动让位：前3527外撞前20000词
G8C12-W047	iggo	珹、成果、城郭	成果、珹、城郭	自动规则：同码全部单字均在前3527之外，且最高二字词排名1584≤20000；单字整体只让一个首选位置。	规则自动让位：前3527外撞前20000词
G8C12-W048	jnxy	藠、教训	教训、藠	自动规则：同码全部单字均在前3527之外，且最高二字词排名1617≤20000；单字整体只让一个首选位置。	规则自动让位：前3527外撞前20000词
G8C12-W049	xkxk	荇、星星、行星、猩猩、行刑、醒醒、星形	星星、荇、行星、猩猩、行刑、醒醒、星形	自动规则：同码全部单字均在前3527之外，且最高二字词排名1681≤20000；单字整体只让一个首选位置。	规则自动让位：前3527外撞前20000词
G8C12-W050	jijp	畿、季节、集结	季节、畿、集结	自动规则：同码全部单字均在前3527之外，且最高二字词排名1760≤20000；单字整体只让一个首选位置。	规则自动让位：前3527外撞前20000词
G8C12-W051	jnhr	噍、交换、叫唤、交欢	交换、噍、叫唤、交欢	自动规则：同码全部单字均在前3527之外，且最高二字词排名1777≤20000；单字整体只让一个首选位置。	规则自动让位：前3527外撞前20000词
G8C12-W052	yiwj	繄、一万、亿万、一晚、一碗、已晚	一万、繄、亿万、一晚、一碗、已晚	自动规则：同码全部单字均在前3527之外，且最高二字词排名1781≤20000；单字整体只让一个首选位置。	规则自动让位：前3527外撞前20000词
G8C12-W053	kewh	匼、渴望、可望	渴望、匼、可望	自动规则：同码全部单字均在前3527之外，且最高二字词排名1875≤20000；单字整体只让一个首选位置。	规则自动让位：前3527外撞前20000词
G8C12-W054	xmjb	缐、先进、现金、现今	先进、缐、现金、现今	自动规则：同码全部单字均在前3527之外，且最高二字词排名1883≤20000；单字整体只让一个首选位置。	规则自动让位：前3527外撞前20000词
G8C12-W055	mcxm	芼、冒险、毛线	冒险、芼、毛线	自动规则：同码全部单字均在前3527之外，且最高二字词排名2097≤20000；单字整体只让一个首选位置。	规则自动让位：前3527外撞前20000词
G8C12-W056	uiba	浉、十八	十八、浉	自动规则：同码全部单字均在前3527之外，且最高二字词排名2207≤20000；单字整体只让一个首选位置。	规则自动让位：前3527外撞前20000词
G8C12-W057	uibk	湜、士兵、柿饼	士兵、湜、柿饼	自动规则：同码全部单字均在前3527之外，且最高二字词排名2245≤20000；单字整体只让一个首选位置。	规则自动让位：前3527外撞前20000词
G8C12-W058	yima	翌、螠、姨妈、翼、一码、译码	姨妈、翌、螠、翼、一码、译码	自动规则：同码全部单字均在前3527之外，且最高二字词排名2349≤20000；单字整体只让一个首选位置。	规则自动让位：前3527外撞前20000词
G8C12-W059	xian	饻、西安、溪岸、西岸	西安、饻、溪岸、西岸	自动规则：同码全部单字均在前3527之外，且最高二字词排名2358≤20000；单字整体只让一个首选位置。	规则自动让位：前3527外撞前20000词
G8C12-W060	hrbc	漶、环保、环抱	环保、漶、环抱	自动规则：同码全部单字均在前3527之外，且最高二字词排名2441≤20000；单字整体只让一个首选位置。	规则自动让位：前3527外撞前20000词
G8C12-W061	xljn	𬙋、香蕉、相交、橡胶、相较	香蕉、𬙋、相交、橡胶、相较	自动规则：同码全部单字均在前3527之外，且最高二字词排名2492≤20000；单字整体只让一个首选位置。	规则自动让位：前3527外撞前20000词
G8C12-W062	jptz	颉、街头、接头	街头、颉、接头	自动规则：同码全部单字均在前3527之外，且最高二字词排名2577≤20000；单字整体只让一个首选位置。	规则自动让位：前3527外撞前20000词
G8C12-W063	yuyb	嵎、语音、玉音、余音、摇身一变	语音、嵎、玉音、余音、摇身一变	自动规则：同码全部单字均在前3527之外，且最高二字词排名2809≤20000；单字整体只让一个首选位置。	规则自动让位：前3527外撞前20000词
G8C12-W064	yizc	嫕、一早、臆造	一早、嫕、臆造	自动规则：同码全部单字均在前3527之外，且最高二字词排名2927≤20000；单字整体只让一个首选位置。	规则自动让位：前3527外撞前20000词
G8C12-W065	heuh	𬌗、和尚	和尚、𬌗	自动规则：同码全部单字均在前3527之外，且最高二字词排名3067≤20000；单字整体只让一个首选位置。	规则自动让位：前3527外撞前20000词
G8C12-W066	tjbd	澹、坦白	坦白、澹	自动规则：同码全部单字均在前3527之外，且最高二字词排名3096≤20000；单字整体只让一个首选位置。	规则自动让位：前3527外撞前20000词
G8C12-W067	vrfa	僎、转发	转发、僎	自动规则：同码全部单字均在前3527之外，且最高二字词排名3103≤20000；单字整体只让一个首选位置。	规则自动让位：前3527外撞前20000词
G8C12-W068	yjee	酽、厌恶	厌恶、酽	自动规则：同码全部单字均在前3527之外，且最高二字词排名3160≤20000；单字整体只让一个首选位置。	规则自动让位：前3527外撞前20000词
G8C12-W069	djbd	澹、蛋白、单摆	蛋白、澹、单摆	自动规则：同码全部单字均在前3527之外，且最高二字词排名3273≤20000；单字整体只让一个首选位置。	规则自动让位：前3527外撞前20000词
G8C12-W070	kejm	缂、可见、课件、课间	可见、缂、课件、课间	自动规则：同码全部单字均在前3527之外，且最高二字词排名3542≤20000；单字整体只让一个首选位置。	规则自动让位：前3527外撞前20000词
G8C12-W071	yiln	殪、医疗、意料、衣料	医疗、殪、意料、衣料	自动规则：同码全部单字均在前3527之外，且最高二字词排名3605≤20000；单字整体只让一个首选位置。	规则自动让位：前3527外撞前20000词
G8C12-W072	libm	浬、里边	里边、浬	自动规则：同码全部单字均在前3527之外，且最高二字词排名3650≤20000；单字整体只让一个首选位置。	规则自动让位：前3527外撞前20000词
G8C12-W073	yugc	悆、预告	预告、悆	自动规则：同码全部单字均在前3527之外，且最高二字词排名3890≤20000；单字整体只让一个首选位置。	规则自动让位：前3527外撞前20000词
G8C12-W074	xuww	冔、虚伪、许巍	虚伪、冔、许巍	自动规则：同码全部单字均在前3527之外，且最高二字词排名3919≤20000；单字整体只让一个首选位置。	规则自动让位：前3527外撞前20000词
G8C12-W075	xmyz	岘、现有、鲜有、心满意足	现有、岘、鲜有、心满意足	自动规则：同码全部单字均在前3527之外，且最高二字词排名4027≤20000；单字整体只让一个首选位置。	规则自动让位：前3527外撞前20000词
G8C12-W076	heig	隺、合成、合称	合成、隺、合称	自动规则：同码全部单字均在前3527之外，且最高二字词排名4253≤20000；单字整体只让一个首选位置。	规则自动让位：前3527外撞前20000词
G8C12-W077	qiyz	颀、汽油	汽油、颀	自动规则：同码全部单字均在前3527之外，且最高二字词排名4373≤20000；单字整体只让一个首选位置。	规则自动让位：前3527外撞前20000词
G8C12-W078	ytqq	彟、月球、曰	月球、彟、曰	自动规则：同码全部单字均在前3527之外，且最高二字词排名4429≤20000；单字整体只让一个首选位置。	规则自动让位：前3527外撞前20000词
G8C12-W079	wuya	屼、乌鸦、无涯	乌鸦、屼、无涯	自动规则：同码全部单字均在前3527之外，且最高二字词排名4503≤20000；单字整体只让一个首选位置。	规则自动让位：前3527外撞前20000词
G8C12-W080	xplz	撷、泄露、泄漏	泄露、撷、泄漏	自动规则：同码全部单字均在前3527之外，且最高二字词排名4570≤20000；单字整体只让一个首选位置。	规则自动让位：前3527外撞前20000词
G8C12-W081	yrig	羱、远程	远程、羱	自动规则：同码全部单字均在前3527之外，且最高二字词排名4881≤20000；单字整体只让一个首选位置。	规则自动让位：前3527外撞前20000词
G8C12-W082	yctz	㙘、摇头	摇头、㙘	自动规则：同码全部单字均在前3527之外，且最高二字词排名4912≤20000；单字整体只让一个首选位置。	规则自动让位：前3527外撞前20000词
G8C12-W083	yikc	镱、依靠、倚靠、艺考	依靠、镱、倚靠、艺考	自动规则：同码全部单字均在前3527之外，且最高二字词排名4920≤20000；单字整体只让一个首选位置。	规则自动让位：前3527外撞前20000词
G8C12-W084	gcdh	诰、高档	高档、诰	自动规则：同码全部单字均在前3527之外，且最高二字词排名4957≤20000；单字整体只让一个首选位置。	规则自动让位：前3527外撞前20000词
G8C12-W085	lqgj	珋、流感、流干	流感、珋、流干	自动规则：同码全部单字均在前3527之外，且最高二字词排名5100≤20000；单字整体只让一个首选位置。	规则自动让位：前3527外撞前20000词
G8C12-W086	xiyh	𬶮、夕阳、西洋	夕阳、𬶮、西洋	自动规则：同码全部单字均在前3527之外，且最高二字词排名5307≤20000；单字整体只让一个首选位置。	规则自动让位：前3527外撞前20000词
G8C12-W087	wwjk	碨、未经、味精、胃镜	未经、碨、味精、胃镜	自动规则：同码全部单字均在前3527之外，且最高二字词排名5374≤20000；单字整体只让一个首选位置。	规则自动让位：前3527外撞前20000词
G8C12-W088	vilk	扺、指令	指令、扺	自动规则：同码全部单字均在前3527之外，且最高二字词排名5514≤20000；单字整体只让一个首选位置。	规则自动让位：前3527外撞前20000词
G8C12-W089	yjhd	唁、沿海、烟海	沿海、唁、烟海	自动规则：同码全部单字均在前3527之外，且最高二字词排名5763≤20000；单字整体只让一个首选位置。	规则自动让位：前3527外撞前20000词
G8C12-W090	bixp	荜、萆、鼻血、辟邪、避邪、碧血	鼻血、荜、萆、辟邪、避邪、碧血	自动规则：同码全部单字均在前3527之外，且最高二字词排名5904≤20000；单字整体只让一个首选位置。	规则自动让位：前3527外撞前20000词
G8C12-W091	vibk	泜、治病、致病	治病、泜、致病	自动规则：同码全部单字均在前3527之外，且最高二字词排名5936≤20000；单字整体只让一个首选位置。	规则自动让位：前3527外撞前20000词
G8C12-W092	jiyz	觊、基友、既有、机油、集邮、极右	基友、觊、既有、机油、集邮、极右	自动规则：同码全部单字均在前3527之外，且最高二字词排名5967≤20000；单字整体只让一个首选位置。	规则自动让位：前3527外撞前20000词
G8C12-W093	ihxq	菖、长袖、厂休	长袖、菖、厂休	自动规则：同码全部单字均在前3527之外，且最高二字词排名5968≤20000；单字整体只让一个首选位置。	规则自动让位：前3527外撞前20000词
G8C12-W094	jlbw	洚、奖杯、江北、将被	奖杯、洚、江北、将被	自动规则：同码全部单字均在前3527之外，且最高二字词排名5992≤20000；单字整体只让一个首选位置。	规则自动让位：前3527外撞前20000词
G8C12-W095	yilv	挹、一律、疑虑、衣履、一缕	一律、挹、疑虑、衣履、一缕	自动规则：同码全部单字均在前3527之外，且最高二字词排名6028≤20000；单字整体只让一个首选位置。	规则自动让位：前3527外撞前20000词
G8C12-W096	yugh	龉、浴缸、鱼缸、渔港	浴缸、龉、鱼缸、渔港	自动规则：同码全部单字均在前3527之外，且最高二字词排名6044≤20000；单字整体只让一个首选位置。	规则自动让位：前3527外撞前20000词
G8C12-W097	ziyj	嵫、字眼、自成一家	字眼、嵫、自成一家	自动规则：同码全部单字均在前3527之外，且最高二字词排名6072≤20000；单字整体只让一个首选位置。	规则自动让位：前3527外撞前20000词
G8C12-W098	fgyy	崶、风云、风韵	风云、崶、风韵	自动规则：同码全部单字均在前3527之外，且最高二字词排名6082≤20000；单字整体只让一个首选位置。	规则自动让位：前3527外撞前20000词
G8C12-W099	xugz	顼、虚构	虚构、顼	自动规则：同码全部单字均在前3527之外，且最高二字词排名6328≤20000；单字整体只让一个首选位置。	规则自动让位：前3527外撞前20000词
G8C12-W100	jxke	镓、夹克、甲壳、加壳	夹克、镓、甲壳、加壳	自动规则：同码全部单字均在前3527之外，且最高二字词排名6412≤20000；单字整体只让一个首选位置。	规则自动让位：前3527外撞前20000词
G8C12-W101	jmdr	𬣡、间断、简短、尖端、剪短	间断、𬣡、简短、尖端、剪短	自动规则：同码全部单字均在前3527之外，且最高二字词排名6597≤20000；单字整体只让一个首选位置。	规则自动让位：前3527外撞前20000词
G8C12-W102	xkks	铏、星空	星空、铏	自动规则：同码全部单字均在前3527之外，且最高二字词排名6603≤20000；单字整体只让一个首选位置。	规则自动让位：前3527外撞前20000词
G8C12-W103	yjjp	𫄧、眼界、沿街	眼界、𫄧、沿街	自动规则：同码全部单字均在前3527之外，且最高二字词排名6859≤20000；单字整体只让一个首选位置。	规则自动让位：前3527外撞前20000词
G8C12-W104	hrxn	荁、欢笑	欢笑、荁	自动规则：同码全部单字均在前3527之外，且最高二字词排名6875≤20000；单字整体只让一个首选位置。	规则自动让位：前3527外撞前20000词
G8C12-W105	ufse	瘆、深色、神色	深色、瘆、神色	自动规则：同码全部单字均在前3527之外，且最高二字词排名7314≤20000；单字整体只让一个首选位置。	规则自动让位：前3527外撞前20000词
G8C12-W106	wuih	寤、无偿、无常、武昌、五常、舞场	无偿、寤、无常、武昌、五常、舞场	自动规则：同码全部单字均在前3527之外，且最高二字词排名7522≤20000；单字整体只让一个首选位置。	规则自动让位：前3527外撞前20000词
G8C12-W107	quyt	岨、取悦	取悦、岨	自动规则：同码全部单字均在前3527之外，且最高二字词排名7644≤20000；单字整体只让一个首选位置。	规则自动让位：前3527外撞前20000词
G8C12-W108	xbxs	莘、心胸	心胸、莘	自动规则：同码全部单字均在前3527之外，且最高二字词排名7671≤20000；单字整体只让一个首选位置。	规则自动让位：前3527外撞前20000词
G8C12-W109	fuxq	菔、腐朽、拂袖、辅修	腐朽、菔、拂袖、辅修	自动规则：同码全部单字均在前3527之外，且最高二字词排名7814≤20000；单字整体只让一个首选位置。	规则自动让位：前3527外撞前20000词
G8C12-W110	jiuz	𫌀、棘手、寄售、吉首	棘手、𫌀、寄售、吉首	自动规则：同码全部单字均在前3527之外，且最高二字词排名7853≤20000；单字整体只让一个首选位置。	规则自动让位：前3527外撞前20000词
G8C12-W111	yivc	臆、依照、遗照、一兆、遗诏	依照、臆、遗照、一兆、遗诏	自动规则：同码全部单字均在前3527之外，且最高二字词排名7863≤20000；单字整体只让一个首选位置。	规则自动让位：前3527外撞前20000词
G8C12-W112	dixk	茋、地形	地形、茋	自动规则：同码全部单字均在前3527之外，且最高二字词排名7878≤20000；单字整体只让一个首选位置。	规则自动让位：前3527外撞前20000词
G8C12-W113	yifh	佁、以防、一方、乙方	以防、佁、一方、乙方	自动规则：同码全部单字均在前3527之外，且最高二字词排名8205≤20000；单字整体只让一个首选位置。	规则自动让位：前3527外撞前20000词
G8C12-W114	jxxn	荚、驾校、假笑	驾校、荚、假笑	自动规则：同码全部单字均在前3527之外，且最高二字词排名8406≤20000；单字整体只让一个首选位置。	规则自动让位：前3527外撞前20000词
G8C12-W115	yjan	虤、延安、沿岸	延安、虤、沿岸	自动规则：同码全部单字均在前3527之外，且最高二字词排名8410≤20000；单字整体只让一个首选位置。	规则自动让位：前3527外撞前20000词
G8C12-W116	liso	疠、利索、理所	利索、疠、理所	自动规则：同码全部单字均在前3527之外，且最高二字词排名8632≤20000；单字整体只让一个首选位置。	规则自动让位：前3527外撞前20000词
G8C12-W117	jtjn	砄、绝交	绝交、砄	自动规则：同码全部单字均在前3527之外，且最高二字词排名8899≤20000；单字整体只让一个首选位置。	规则自动让位：前3527外撞前20000词
G8C12-W118	xpvc	獬、写照	写照、獬	自动规则：同码全部单字均在前3527之外，且最高二字词排名8907≤20000；单字整体只让一个首选位置。	规则自动让位：前3527外撞前20000词
G8C12-W119	xmfj	伭、嫌犯、掀翻、嫌烦	嫌犯、伭、掀翻、嫌烦	自动规则：同码全部单字均在前3527之外，且最高二字词排名8960≤20000；单字整体只让一个首选位置。	规则自动让位：前3527外撞前20000词
G8C12-W120	qlxm	蔃、抢先、抢险	抢先、蔃、抢险	自动规则：同码全部单字均在前3527之外，且最高二字词排名9045≤20000；单字整体只让一个首选位置。	规则自动让位：前3527外撞前20000词
G8C12-W121	hvhl	哕、辉煌、灰黄	辉煌、哕、灰黄	自动规则：同码全部单字均在前3527之外，且最高二字词排名9096≤20000；单字整体只让一个首选位置。	规则自动让位：前3527外撞前20000词
G8C12-W122	getn	塥、格调、各条	格调、塥、各条	自动规则：同码全部单字均在前3527之外，且最高二字词排名9286≤20000；单字整体只让一个首选位置。	规则自动让位：前3527外撞前20000词
G8C12-W123	iiql	眵、持枪	持枪、眵	自动规则：同码全部单字均在前3527之外，且最高二字词排名9371≤20000；单字整体只让一个首选位置。	规则自动让位：前3527外撞前20000词
G8C12-W124	tifh	倜、提防	提防、倜	自动规则：同码全部单字均在前3527之外，且最高二字词排名9494≤20000；单字整体只让一个首选位置。	规则自动让位：前3527外撞前20000词
G8C12-W125	xnhy	鸮、销魂、消魂	销魂、鸮、消魂	自动规则：同码全部单字均在前3527之外，且最高二字词排名9537≤20000；单字整体只让一个首选位置。	规则自动让位：前3527外撞前20000词
G8C12-W126	jizc	跽、急躁、及早、祭灶	急躁、跽、及早、祭灶	自动规则：同码全部单字均在前3527之外，且最高二字词排名9561≤20000；单字整体只让一个首选位置。	规则自动让位：前3527外撞前20000词
G8C12-W127	qiya	鲯、气压、欺压	气压、鲯、欺压	自动规则：同码全部单字均在前3527之外，且最高二字词排名9666≤20000；单字整体只让一个首选位置。	规则自动让位：前3527外撞前20000词
G8C12-W128	jnxn	茭、叫嚣、娇小、较小	叫嚣、茭、娇小、较小	自动规则：同码全部单字均在前3527之外，且最高二字词排名9715≤20000；单字整体只让一个首选位置。	规则自动让位：前3527外撞前20000词
G8C12-W129	yuir	熨、渔船	渔船、熨	自动规则：同码全部单字均在前3527之外，且最高二字词排名9746≤20000；单字整体只让一个首选位置。	规则自动让位：前3527外撞前20000词
G8C12-W130	sifh	伺、四方、私房	四方、伺、私房	自动规则：同码全部单字均在前3527之外，且最高二字词排名9765≤20000；单字整体只让一个首选位置。	规则自动让位：前3527外撞前20000词
G8C12-W131	lqbk	鎏、溜冰	溜冰、鎏	自动规则：同码全部单字均在前3527之外，且最高二字词排名9795≤20000；单字整体只让一个首选位置。	规则自动让位：前3527外撞前20000词
G8C12-W132	jiya	鲚、挤压、积压、羁押	挤压、鲚、积压、羁押	自动规则：同码全部单字均在前3527之外，且最高二字词排名9895≤20000；单字整体只让一个首选位置。	规则自动让位：前3527外撞前20000词
G8C12-W133	xixy	菥、喜讯	喜讯、菥	自动规则：同码全部单字均在前3527之外，且最高二字词排名10053≤20000；单字整体只让一个首选位置。	规则自动让位：前3527外撞前20000词
G8C12-W134	baya	鲅、拔牙	拔牙、鲅	自动规则：同码全部单字均在前3527之外，且最高二字词排名10148≤20000；单字整体只让一个首选位置。	规则自动让位：前3527外撞前20000词
G8C12-W135	qmxy	荨、谦逊	谦逊、荨	自动规则：同码全部单字均在前3527之外，且最高二字词排名10297≤20000；单字整体只让一个首选位置。	规则自动让位：前3527外撞前20000词
G8C12-W136	fuai	幞、父爱、抚爱	父爱、幞、抚爱	自动规则：同码全部单字均在前3527之外，且最高二字词排名10345≤20000；单字整体只让一个首选位置。	规则自动让位：前3527外撞前20000词
G8C12-W137	xliy	鲞、香椿、香醇	香椿、鲞、香醇	自动规则：同码全部单字均在前3527之外，且最高二字词排名10531≤20000；单字整体只让一个首选位置。	规则自动让位：前3527外撞前20000词
G8C12-W138	whwo	罔、忘我	忘我、罔	自动规则：同码全部单字均在前3527之外，且最高二字词排名10560≤20000；单字整体只让一个首选位置。	规则自动让位：前3527外撞前20000词
G8C12-W139	heqy	鹖、合群	合群、鹖	自动规则：同码全部单字均在前3527之外，且最高二字词排名10921≤20000；单字整体只让一个首选位置。	规则自动让位：前3527外撞前20000词
G8C12-W140	zint	髭、自虐	自虐、髭	自动规则：同码全部单字均在前3527之外，且最高二字词排名11150≤20000；单字整体只让一个首选位置。	规则自动让位：前3527外撞前20000词
G8C12-W141	uiya	𫚕、施压、是呀	施压、𫚕、是呀	自动规则：同码全部单字均在前3527之外，且最高二字词排名11160≤20000；单字整体只让一个首选位置。	规则自动让位：前3527外撞前20000词
G8C12-W142	zall	拶、杂粮	杂粮、拶	自动规则：同码全部单字均在前3527之外，且最高二字词排名11279≤20000；单字整体只让一个首选位置。	规则自动让位：前3527外撞前20000词
G8C12-W143	yihl	呓、一晃	一晃、呓	自动规则：同码全部单字均在前3527之外，且最高二字词排名11372≤20000；单字整体只让一个首选位置。	规则自动让位：前3527外撞前20000词
G8C12-W144	wuyh	鼯、峿、无恙、握手言和	无恙、鼯、峿、握手言和	自动规则：同码全部单字均在前3527之外，且最高二字词排名11663≤20000；单字整体只让一个首选位置。	规则自动让位：前3527外撞前20000词
G8C12-W145	jmmp	鞬、歼灭、毽	歼灭、鞬、毽	自动规则：同码全部单字均在前3527之外，且最高二字词排名11870≤20000；单字整体只让一个首选位置。	规则自动让位：前3527外撞前20000词
G8C12-W146	tkxp	莛、停歇、听写	停歇、莛、听写	自动规则：同码全部单字均在前3527之外，且最高二字词排名11876≤20000；单字整体只让一个首选位置。	规则自动让位：前3527外撞前20000词
G8C12-W147	cixs	莿、雌雄	雌雄、莿	自动规则：同码全部单字均在前3527之外，且最高二字词排名11890≤20000；单字整体只让一个首选位置。	规则自动让位：前3527外撞前20000词
G8C12-W148	vfue	袗、震慑	震慑、袗	自动规则：同码全部单字均在前3527之外，且最高二字词排名11960≤20000；单字整体只让一个首选位置。	规则自动让位：前3527外撞前20000词
G8C12-W149	hswd	訇、红外	红外、訇	自动规则：同码全部单字均在前3527之外，且最高二字词排名12077≤20000；单字整体只让一个首选位置。	规则自动让位：前3527外撞前20000词
G8C12-W150	hche	嚎、好喝	好喝、嚎	自动规则：同码全部单字均在前3527之外，且最高二字词排名12105≤20000；单字整体只让一个首选位置。	规则自动让位：前3527外撞前20000词
G8C12-W151	hjlw	捍、扞、含泪	含泪、捍、扞	自动规则：同码全部单字均在前3527之外，且最高二字词排名12109≤20000；单字整体只让一个首选位置。	规则自动让位：前3527外撞前20000词
G8C12-W152	jifh	佶、机房、己方、寄放	机房、佶、己方、寄放	自动规则：同码全部单字均在前3527之外，且最高二字词排名12264≤20000；单字整体只让一个首选位置。	规则自动让位：前3527外撞前20000词
G8C12-W153	ffys	鼢、奋勇	奋勇、鼢	自动规则：同码全部单字均在前3527之外，且最高二字词排名12337≤20000；单字整体只让一个首选位置。	规则自动让位：前3527外撞前20000词
G8C12-W154	hjyh	嵅、涵养、汉阳	涵养、嵅、汉阳	自动规则：同码全部单字均在前3527之外，且最高二字词排名12410≤20000；单字整体只让一个首选位置。	规则自动让位：前3527外撞前20000词
G8C12-W155	yulz	觎、雨露	雨露、觎	自动规则：同码全部单字均在前3527之外，且最高二字词排名12428≤20000；单字整体只让一个首选位置。	规则自动让位：前3527外撞前20000词
G8C12-W156	thth	埫、堂堂、塘、糖糖、太皇太后	堂堂、埫、塘、糖糖、太皇太后	自动规则：同码全部单字均在前3527之外，且最高二字词排名12476≤20000；单字整体只让一个首选位置。	规则自动让位：前3527外撞前20000词
G8C12-W157	uirj	炻、释然、使然、受宠若惊	释然、炻、使然、受宠若惊	自动规则：同码全部单字均在前3527之外，且最高二字词排名12508≤20000；单字整体只让一个首选位置。	规则自动让位：前3527外撞前20000词
G8C12-W158	hrqq	㬊、环球、寰球	环球、㬊、寰球	自动规则：同码全部单字均在前3527之外，且最高二字词排名12516≤20000；单字整体只让一个首选位置。	规则自动让位：前3527外撞前20000词
G8C12-W159	jnya	峤、脚丫	脚丫、峤	自动规则：同码全部单字均在前3527之外，且最高二字词排名12533≤20000；单字整体只让一个首选位置。	规则自动让位：前3527外撞前20000词
G8C12-W160	hrie	豢、换车	换车、豢	自动规则：同码全部单字均在前3527之外，且最高二字词排名12572≤20000；单字整体只让一个首选位置。	规则自动让位：前3527外撞前20000词
G8C12-W161	rfda	讱、人大	人大、讱	自动规则：同码全部单字均在前3527之外，且最高二字词排名12793≤20000；单字整体只让一个首选位置。	规则自动让位：前3527外撞前20000词
G8C12-W162	eehc	𫫇、噩耗	噩耗、𫫇	自动规则：同码全部单字均在前3527之外，且最高二字词排名12797≤20000；单字整体只让一个首选位置。	规则自动让位：前3527外撞前20000词
G8C12-W163	qing	欹、岂能	岂能、欹	自动规则：同码全部单字均在前3527之外，且最高二字词排名12831≤20000；单字整体只让一个首选位置。	规则自动让位：前3527外撞前20000词
G8C12-W164	jqbd	氿、九百、举棋不定	九百、氿、举棋不定	自动规则：同码全部单字均在前3527之外，且最高二字词排名12866≤20000；单字整体只让一个首选位置。	规则自动让位：前3527外撞前20000词
G8C12-W165	boke	𬭛、博客、播客	博客、𬭛、播客	自动规则：同码全部单字均在前3527之外，且最高二字词排名12909≤20000；单字整体只让一个首选位置。	规则自动让位：前3527外撞前20000词
G8C12-W166	lijb	缡、礼金、历尽	礼金、缡、历尽	自动规则：同码全部单字均在前3527之外，且最高二字词排名13020≤20000；单字整体只让一个首选位置。	规则自动让位：前3527外撞前20000词
G8C12-W167	jisv	瘠、脊髓、几岁、击碎、精诚所至	脊髓、瘠、几岁、击碎、精诚所至	自动规则：同码全部单字均在前3527之外，且最高二字词排名15032≤20000；单字整体只让一个首选位置。	规则自动让位：前3527外撞前20000词
G8C12-W168	jmqp	暕、剪切、建、贱妾	剪切、暕、建、贱妾	自动规则：同码全部单字均在前3527之外，且最高二字词排名15155≤20000；单字整体只让一个首选位置。	规则自动让位：前3527外撞前20000词
G8C12-W169	llbd	粱、两百、亮白	两百、粱、亮白	自动规则：同码全部单字均在前3527之外，且最高二字词排名15293≤20000；单字整体只让一个首选位置。	规则自动让位：前3527外撞前20000词
G8C12-W170	gvgs	刽、归功、归公	归功、刽、归公	自动规则：同码全部单字均在前3527之外，且最高二字词排名15511≤20000；单字整体只让一个首选位置。	规则自动让位：前3527外撞前20000词
G8C12-W171	xifa	俙、戏法、洗发	戏法、俙、洗发	自动规则：同码全部单字均在前3527之外，且最高二字词排名15563≤20000；单字整体只让一个首选位置。	规则自动让位：前3527外撞前20000词
G8C12-W172	xiuj	裼、西山	西山、裼	自动规则：同码全部单字均在前3527之外，且最高二字词排名15922≤20000；单字整体只让一个首选位置。	规则自动让位：前3527外撞前20000词
G8C12-W173	vibm	滍、质变、支边	质变、滍、支边	自动规则：同码全部单字均在前3527之外，且最高二字词排名15944≤20000；单字整体只让一个首选位置。	规则自动让位：前3527外撞前20000词
G8C12-W174	jicy	犄、𬶨、寄存、积存	寄存、犄、𬶨、积存	自动规则：同码全部单字均在前3527之外，且最高二字词排名15996≤20000；单字整体只让一个首选位置。	规则自动让位：前3527外撞前20000词
G8C12-W175	lixb	藜、蓠、离心、立新	离心、藜、蓠、立新	自动规则：同码全部单字均在前3527之外，且最高二字词排名16030≤20000；单字整体只让一个首选位置。	规则自动让位：前3527外撞前20000词
G8C12-W176	cvmm	毳、催眠	催眠、毳	自动规则：同码全部单字均在前3527之外，且最高二字词排名16057≤20000；单字整体只让一个首选位置。	规则自动让位：前3527外撞前20000词
G8C12-W177	ykxb	荥、迎新	迎新、荥	自动规则：同码全部单字均在前3527之外，且最高二字词排名16090≤20000；单字整体只让一个首选位置。	规则自动让位：前3527外撞前20000词
G8C12-W178	yzmn	蝣、幼苗	幼苗、蝣	自动规则：同码全部单字均在前3527之外，且最高二字词排名16274≤20000；单字整体只让一个首选位置。	规则自动让位：前3527外撞前20000词
G8C12-W179	jifw	偈、计费、积肥、击飞、基肥	计费、偈、积肥、击飞、基肥	自动规则：同码全部单字均在前3527之外，且最高二字词排名16352≤20000；单字整体只让一个首选位置。	规则自动让位：前3527外撞前20000词
G8C12-W180	pubi	濮、扑鼻	扑鼻、濮	自动规则：同码全部单字均在前3527之外，且最高二字词排名16549≤20000；单字整体只让一个首选位置。	规则自动让位：前3527外撞前20000词
G8C12-W181	hjlq	撖、寒流、韩流	寒流、撖、韩流	自动规则：同码全部单字均在前3527之外，且最高二字词排名16573≤20000；单字整体只让一个首选位置。	规则自动让位：前3527外撞前20000词
G8C12-W182	ssge	耸、颂歌	颂歌、耸	自动规则：同码全部单字均在前3527之外，且最高二字词排名16712≤20000；单字整体只让一个首选位置。	规则自动让位：前3527外撞前20000词
G8C12-W183	yzan	卣、幽暗、猷、右岸	幽暗、卣、猷、右岸	自动规则：同码全部单字均在前3527之外，且最高二字词排名16793≤20000；单字整体只让一个首选位置。	规则自动让位：前3527外撞前20000词
G8C12-W184	jiln	殛、寂寥	寂寥、殛	自动规则：同码全部单字均在前3527之外，且最高二字词排名16812≤20000；单字整体只让一个首选位置。	规则自动让位：前3527外撞前20000词
G8C12-W185	vumm	蠋、煮面	煮面、蠋	自动规则：同码全部单字均在前3527之外，且最高二字词排名17110≤20000；单字整体只让一个首选位置。	规则自动让位：前3527外撞前20000词
G8C12-W186	guch	牿、谷仓	谷仓、牿	自动规则：同码全部单字均在前3527之外，且最高二字词排名17206≤20000；单字整体只让一个首选位置。	规则自动让位：前3527外撞前20000词
G8C12-W187	goan	馘、国安	国安、馘	自动规则：同码全部单字均在前3527之外，且最高二字词排名17333≤20000；单字整体只让一个首选位置。	规则自动让位：前3527外撞前20000词
G8C12-W188	jkvl	肼、精装、精壮、经幢	精装、肼、精壮、经幢	自动规则：同码全部单字均在前3527之外，且最高二字词排名17496≤20000；单字整体只让一个首选位置。	规则自动让位：前3527外撞前20000词
G8C12-W189	igiu	牚、惩处、乘除	惩处、牚、乘除	自动规则：同码全部单字均在前3527之外，且最高二字词排名17627≤20000；单字整体只让一个首选位置。	规则自动让位：前3527外撞前20000词
G8C12-W190	qmch	慊、潜藏、前舱	潜藏、慊、前舱	自动规则：同码全部单字均在前3527之外，且最高二字词排名17773≤20000；单字整体只让一个首选位置。	规则自动让位：前3527外撞前20000词
G8C12-W191	zigw	觜、自给	自给、觜	自动规则：同码全部单字均在前3527之外，且最高二字词排名17853≤20000；单字整体只让一个首选位置。	规则自动让位：前3527外撞前20000词
G8C12-W192	zibd	粢、自白	自白、粢	自动规则：同码全部单字均在前3527之外，且最高二字词排名17895≤20000；单字整体只让一个首选位置。	规则自动让位：前3527外撞前20000词
G8C12-W193	xide	粞、西德	西德、粞	自动规则：同码全部单字均在前3527之外，且最高二字词排名18113≤20000；单字整体只让一个首选位置。	规则自动让位：前3527外撞前20000词
G8C12-W194	dsve	胨、动辄	动辄、胨	自动规则：同码全部单字均在前3527之外，且最高二字词排名18148≤20000；单字整体只让一个首选位置。	规则自动让位：前3527外撞前20000词
G8C12-W195	xice	牺、恓、西侧	西侧、牺、恓	自动规则：同码全部单字均在前3527之外，且最高二字词排名18223≤20000；单字整体只让一个首选位置。	规则自动让位：前3527外撞前20000词
G8C12-W196	fuxn	茯、莩、拂晓、芙、附小	拂晓、茯、莩、芙、附小	自动规则：同码全部单字均在前3527之外，且最高二字词排名18528≤20000；单字整体只让一个首选位置。	规则自动让位：前3527外撞前20000词
G8C12-W197	yjmz	蝘、眼眸	眼眸、蝘	自动规则：同码全部单字均在前3527之外，且最高二字词排名18588≤20000；单字整体只让一个首选位置。	规则自动让位：前3527外撞前20000词
G8C12-W198	jkvv	腈、颈椎	颈椎、腈	自动规则：同码全部单字均在前3527之外，且最高二字词排名18600≤20000；单字整体只让一个首选位置。	规则自动让位：前3527外撞前20000词
G8C12-W199	yjmp	蜒、湮灭	湮灭、蜒	自动规则：同码全部单字均在前3527之外，且最高二字词排名18690≤20000；单字整体只让一个首选位置。	规则自动让位：前3527外撞前20000词
G8C12-W200	yiyz	𫖮、已有、亦有、益友	已有、𫖮、亦有、益友	自动规则：同码全部单字均在前3527之外，且最高二字词排名18769≤20000；单字整体只让一个首选位置。	规则自动让位：前3527外撞前20000词
G8C12-W201	yjba	沇、盐巴、演	盐巴、沇、演	自动规则：同码全部单字均在前3527之外，且最高二字词排名18780≤20000；单字整体只让一个首选位置。	规则自动让位：前3527外撞前20000词
G8C12-W202	yzkv	铕、有愧	有愧、铕	自动规则：同码全部单字均在前3527之外，且最高二字词排名18975≤20000；单字整体只让一个首选位置。	规则自动让位：前3527外撞前20000词
G8C12-W203	dcys	鱽、盗用、到	盗用、鱽、到	自动规则：同码全部单字均在前3527之外，且最高二字词排名19038≤20000；单字整体只让一个首选位置。	规则自动让位：前3527外撞前20000词
G8C12-W204	iubk	濋、出兵	出兵、濋	自动规则：同码全部单字均在前3527之外，且最高二字词排名19061≤20000；单字整体只让一个首选位置。	规则自动让位：前3527外撞前20000词
G8C12-W205	yhmk	蛘、扬名	扬名、蛘	自动规则：同码全部单字均在前3527之外，且最高二字词排名19182≤20000；单字整体只让一个首选位置。	规则自动让位：前3527外撞前20000词
G8C12-W206	lkzy	鸰、令尊	令尊、鸰	自动规则：同码全部单字均在前3527之外，且最高二字词排名19244≤20000；单字整体只让一个首选位置。	规则自动让位：前3527外撞前20000词
G8C12-W207	yumn	蜮、鱼苗、育苗	鱼苗、蜮、育苗	自动规则：同码全部单字均在前3527之外，且最高二字词排名19277≤20000；单字整体只让一个首选位置。	规则自动让位：前3527外撞前20000词
G8C12-W208	hokr	钬、货款	货款、钬	自动规则：同码全部单字均在前3527之外，且最高二字词排名19295≤20000；单字整体只让一个首选位置。	规则自动让位：前3527外撞前20000词
G8C12-W209	vizy	跱、至尊	至尊、跱	自动规则：同码全部单字均在前3527之外，且最高二字词排名19301≤20000；单字整体只让一个首选位置。	规则自动让位：前3527外撞前20000词
G8C12-W210	xpbo	渫、血泊、泄、谐波	血泊、渫、泄、谐波	自动规则：同码全部单字均在前3527之外，且最高二字词排名19539≤20000；单字整体只让一个首选位置。	规则自动让位：前3527外撞前20000词
G8C12-W211	jyxq	葰、俊秀	俊秀、葰	自动规则：同码全部单字均在前3527之外，且最高二字词排名19593≤20000；单字整体只让一个首选位置。	规则自动让位：前3527外撞前20000词
G8C12-W212	uiyy	鲥、峙、时运、示、诗云、事出有因	时运、鲥、峙、示、诗云、事出有因	自动规则：同码全部单字均在前3527之外，且最高二字词排名19626≤20000；单字整体只让一个首选位置。	规则自动让位：前3527外撞前20000词
G8C12-W213	piid	譬、劈柴	劈柴、譬	自动规则：同码全部单字均在前3527之外，且最高二字词排名19643≤20000；单字整体只让一个首选位置。	规则自动让位：前3527外撞前20000词
G8C12-W214	jixq	芰、芨、机修、藉	机修、芰、芨、藉	自动规则：同码全部单字均在前3527之外，且最高二字词排名19724≤20000；单字整体只让一个首选位置。	规则自动让位：前3527外撞前20000词
G8C12-W215	yjsr	黡、盐酸、演算、验算	盐酸、黡、演算、验算	自动规则：同码全部单字均在前3527之外，且最高二字词排名19841≤20000；单字整体只让一个首选位置。	规则自动让位：前3527外撞前20000词
G8C12-W216	lama	鞡、喇嘛、辣妈	喇嘛、鞡、辣妈	自动规则：同码全部单字均在前3527之外，且最高二字词排名19876≤20000；单字整体只让一个首选位置。	规则自动让位：前3527外撞前20000词
G8C12-W217	yuiy	尉、愚蠢、鱼唇	愚蠢、尉、鱼唇	自动规则：同码全部单字均在前3527之外，且最高二字词排名1703≤20000；单字整体只让一个首选位置。	规则自动让位：前3527外撞前20000词
G8C12-W218	jpfa	价、揭发、解法、解乏	揭发、价、解法、解乏	自动规则：同码全部单字均在前3527之外，且最高二字词排名5964≤20000；单字整体只让一个首选位置。	规则自动让位：前3527外撞前20000词
G8C12-W219	juee	醵、车、巨额	巨额、醵、车	自动规则：同码全部单字均在前3527之外，且最高二字词排名8606≤20000；单字整体只让一个首选位置。	规则自动让位：前3527外撞前20000词
G8C12-W220	uely	折、社论	社论、折	自动规则：同码全部单字均在前3527之外，且最高二字词排名12268≤20000；单字整体只让一个首选位置。	规则自动让位：前3527外撞前20000词
G8C12-W221	lcxq	落、老朽	老朽、落	自动规则：同码全部单字均在前3527之外，且最高二字词排名18825≤20000；单字整体只让一个首选位置。	规则自动让位：前3527外撞前20000词
G8C12-W222	iiii	尺、迟迟、痴痴、吃吃	尺、迟迟、痴痴、吃吃	按默认挂接版裁决保持原样：相撞词均为叠词，容易由完整语句挂接恢复；按既定原则，叠词默认不压过正常单字“尺”。	挂接版已复核：保持原样
G8C12-W223	yimn	蚁、疫苗、一秒	蚁、疫苗、一秒	按默认挂接版裁决保持原样：“疫苗”“一秒”常在完整长串中被挂接恢复；“蚁”具有蚁群、蚁后、蚁穴、具体蚁种等开放组合需求，其中“蚁群”等未必能由词库首选直接召回，必须保留单字首选。	挂接版已复核：保持原样
G8C12-W224	yrlc	怨、元老	元老、怨	配套单字裁决G8C12-C009：怨取得三码yrl后，原全码yrlc按出简让全让“元老”首选，怨保留全码次选；援退回yrlq首选、眢次选。	挂接版已复核：配套让位
G8C12-W225	qimg	欺、启蒙	欺、启蒙	按默认挂接版裁决保持原样：“欺”除欺负、欺骗、欺诈等固定词外，仍有欺君、欺师、欺弱等开放组合能力；“启蒙”可由启蒙教育、启蒙老师、思想启蒙等长串恢复。	挂接版已复核：保持原样
G8C12-W226	ielq	撤、车流	撤、车流	按默认挂接版裁决保持原样：“撤”既有撤回、撤退、撤销、撤离等开放组合，也可在“先撤、已经撤了、赶紧撤”等语境中完全单独作谓语；单字首选价值明显高于可由长串恢复的“车流”。	挂接版已复核：保持原样
G8C12-W227	julh	拘、巨浪	拘、巨浪	按默认挂接版裁决保持原样：“拘”可在拘了、被拘等语境中单用，也具有拘留、拘捕、拘押、拘泥、不拘等开放组合；“巨浪”更容易由完整长串恢复。	挂接版已复核：保持原样
G8C12-W228	jmxm	茧、艰险、剑仙	茧、艰险、剑仙	按默认挂接版裁决保持原样：“茧”具有蚕茧、虫茧、结茧、破茧及具体虫种、作品用语等开放组合；“艰险”“剑仙”更容易由完整长串或词库词条恢复。	挂接版已复核：保持原样
G8C12-W229	yull	俞、揄、雨量、余粮、余量、衣衫褴褛	俞、揄、雨量、余粮、余量、衣衫褴褛	按默认挂接版裁决保持原样：“俞”作为姓氏和人名用字具有开放专名组合需求；“雨量、余粮、余量”适合由降雨量、剩余粮食、剩余量等长串恢复。“揄”维持第二单字候选；同码四字词“衣衫褴褛”保持原位。	挂接版已复核：保持原样
G8C12-W230	yuuh	裕、遇上	裕、遇上	按默认挂接版裁决保持原样：“遇上”通常存在于刚好遇上、又遇上了、没想到遇上等完整句子中，挂接恢复能力强；“裕”具有充裕、富裕、宽裕及人名、公司名等开放组合需求。	挂接版已复核：保持原样
G8C12-W231	yuan	虞、饫、预案	预案、虞、饫	虞新增独占顺取无理码yuas后，原自然码yuan让高频词“预案”首选；虞、饫保持原相对顺序并整体后移一个候选位置，单字只让一个首选位置。	挂接版已复核：配套让位
G8C12-W232	yrtn	垣、远眺、袁	垣、远眺、袁	按默认挂接版裁决保持原样：“垣”无人名、地名、城垣及其他开放组合的稳定词库补救，需保留实际全码首选；“远眺”可由完整语境挂接恢复。“袁”已有三码yrt，在此按出简让全保留于词后。	挂接版已复核：保持原样
