汉字	笔画数	第一根	第二根	人工规则直接目标
瓤	22	襄	瓜	否
穰	22	禾	襄	否
镶	22	钅	襄	否
曩	21	日	襄	否
瓖	21	王	襄	否
禳	21	礻	襄	否
醺	21	酉	熏	否
黯	21	黑	音	否
嚷	20	口	襄	否
壤	20	土	襄	否
攘	20	扌	襄	否
瀼	20	氵	襄	否
蘘	20	艹	襄	否
骧	20	马	襄	否
𬙋	20	纟	襄	否
儴	19	亻	襄	否
曝	19	日	暴	否
爆	19	火	暴	否
鏖	19	鹿	金	否
曛	18	日	熏	否
瀑	18	氵	暴	否
蹢	18	足旁	啇	否
鳒	18	鱼	兼	否
曙	17	日	署	否
獯	17	犭	熏	否
簏	17	竹头	鹿	否
薰	17	艹	熏	否
貘	17	豸	莫	否
魋	17	鬼	隹	否
麋	17	鹿	米	否
黜	17	黑	出	否
𫄸	17	纟	熏	否
𬭶	17	钅	黑	否
𬶠	17	鱼	柬	否
薯	16	艹	署	否
融	16	鬲	虫	否
蟆	16	虫	莫	否
镝	16	钅	啇	否
霍	16	雨头	隹	否
霏	16	雨头	非	否
鞔	16	革	免	否
魉	16	鬼	两	否
鲱	16	鱼	非	否
麇	16	鹿	禾	否
黔	16	黑	今	否
默	16	黑	犬	否
嘿	15	口	黑	否
墨	15	黑	土	否
橡	15	木	象	否
毅	15	豙	殳	否
熵	15	火	商	否
瘼	15	疒	莫	否
磏	15	石	兼	否
蝓	15	虫	俞	否
觯	15	角	单	否
豫	15	予	象	否
踞	15	足旁	居	否
踩	15	足旁	采	否
辘	15	车旁	鹿	否
镆	15	钅	莫	否
镉	15	钅	鬲	否
霅	15	雨头	言	否
鞒	15	革	乔	否
骼	15	骨	各	否
鲡	15	鱼	丽	否
鲤	15	鱼	里	否
鹝	15	鬲	鸟	否
鹣	15	兼	鸟	否
𩾃	15	鱼	免	否
嘀	14	口	啇	否
墒	14	土	商	否
嫡	14	女	啇	否
慕	14	莫	恭字底	否
摘	14	扌	啇	否
摹	14	莫	手	否
暮	14	莫	日	否
模	14	木	莫	否
滴	14	氵	啇	否
漉	14	氵	鹿	否
熙	14	巸	灬	否
箪	14	竹头	单	否
膈	14	月	鬲	否
膜	14	月	莫	否
臧	14	臧字框	臣	否
蜚	14	非	虫	否
蝉	14	虫	单	否
裳	14	尚头	衣	否
裴	14	非	衣	否
褕	14	衤	俞	否
觫	14	角	束	否
赚	14	贝	兼	否
酺	14	酉	甫	否
酾	14	酉	丽	否
銮	14	变字头	金	否
雒	14	各	隹	否
需	14	雨头	而	否
靺	14	革	末	否
鞁	14	革	皮	否
骶	14	骨	氐	否
骷	14	骨	古	否
魄	14	白	鬼	否
魅	14	鬼	未	否
魆	14	鬼	戉	否
鲕	14	鱼	而	否
鲛	14	鱼	交	否
鲜	14	鱼	羊	否
鲝	14	差字头	鱼	否
鲞	14	龹	鱼	否
鹘	14	骨	鸟	否
䃅	13	石	单	否
䲟	13	鱼	印	否
像	13	亻	象	否
嗝	13	口	鬲	否
塥	13	土	鬲	否
墓	13	莫	土	否
嫌	13	女	兼	否
嫫	13	女	莫	否
寞	13	宀	莫	否
幕	13	莫	巾	否
廉	13	广	兼	否
愈	13	俞	心	否
意	13	音	心	否
慊	13	忄	兼	否
搛	13	扌	兼	否
摸	13	扌	莫	否
暕	13	日	柬	否
暗	13	日	音	否
楝	13	木	柬	否
榆	13	木	俞	否
槐	13	木	鬼	否
毹	13	俞	毛	否
滆	13	氵	鬲	否
漠	13	氵	莫	否
瑓	13	王	柬	否
瑜	13	王	俞	否
瑟	13	玨	必	否
瑰	13	王	鬼	否
痱	13	疒	非	否
瘃	13	疒	豖	否
瘅	13	疒	单	否
睢	13	目	隹	否
睬	13	目	采	否
碓	13	石	隹	否
稚	13	禾	隹	否
稣	13	鱼	禾	否
签	13	竹头	佥	否
粲	13	餐字头	米	否
缣	13	纟	兼	否
罪	13	罒	非	否
肄	13	肄字旁	聿	否
腧	13	月	俞	否
腼	13	月	面	否
蒹	13	艹	兼	否
蓦	13	莫	马	否
蜊	13	虫	利	否
裾	13	衤	居	否
觎	13	俞	见	否
触	13	角	虫	否
誊	13	龹	言	否
谪	13	讠	啇	否
豢	13	龹	豕	否
貉	13	豸	各	否
跟	13	足旁	艮	否
跤	13	足旁	交	否
路	13	足旁	各	否
跷	13	足旁	尧	否
输	13	车旁	俞	否
鄜	13	鹿旁	阝	否
酪	13	酉	各	否
酬	13	酉	州	否
鉴	13	览字头	金	否
锥	13	钅	隹	否
锯	13	钅	居	否
雉	13	矢	隹	否
雎	13	且	隹	否
雏	13	刍	隹	否
零	13	雨头	令	否
雷	13	雨头	田	否
靳	13	革	斤	否
靶	13	革	巴	否
颐	13	颐字旁	页	否
馍	13	饣	莫	否
骰	13	骨	殳	否
鲉	13	鱼	由	否
鲋	13	鱼	付	否
鲌	13	鱼	白	否
鲎	13	学无子	鱼	否
鲏	13	鱼	皮	否
麀	13	鹿	匕	否
麂	13	鹿	几	否
㺄	12	犭	俞	否
募	12	莫	力	否
喑	12	口	音	否
喻	12	口	俞	否
嵛	12	山	俞	否
嵬	12	山	鬼	否
廆	12	广	鬼	否
悲	12	非	心	否
愉	12	忄	俞	否
愐	12	忄	面	否
愔	12	忄	音	否
愧	12	忄	鬼	否
扉	12	户	非	否
掌	12	尚头	手	否
揄	12	扌	俞	否
斐	12	非	文	否
斑	12	玨	文	否
棐	12	非	木	否
棘	12	朿	朿	否
棠	12	尚头	木	否
椎	12	木	隹	否
椐	12	木	居	否
椓	12	木	豖	否
殚	12	歹	单	否
渝	12	氵	俞	否
湎	12	氵	面	否
滑	12	氵	骨	否
焦	12	隹	灬	否
牚	12	尚头	牙	否
猾	12	犭	骨	否
琚	12	王	居	否
琟	12	王	隹	否
琢	12	王	豖	否
琲	12	王	非	否
琴	12	玨	今	否
琶	12	玨	巴	否
番	12	釆	田	否
痢	12	疒	利	否
睇	12	目	弟	否
睐	12	目	来	否
睑	12	目	佥	否
确	12	石	角	否
禅	12	礻	单	否
童	12	立	里	否
竦	12	立	束	否
策	12	竹头	朿	否
粞	12	米	西	否
粟	12	覀	米	否
缂	12	纟	革	否
缅	12	纟	面	否
腒	12	月	居	否
腓	12	月	非	否
舾	12	舟	西	否
蒐	12	艹	鬼	否
蓇	12	艹	骨	否
蛘	12	虫	羊	否
蛛	12	虫	朱	否
蛟	12	虫	交	否
蛭	12	虫	至	否
蛮	12	变字头	虫	否
蛲	12	虫	尧	否
裣	12	衤	佥	否
觚	12	角	瓜	否
詈	12	罒	言	否
詟	12	龙	言	否
谟	12	讠	莫	否
谦	12	讠	兼	否
赏	12	尚头	贝	否
趄	12	走	且	否
越	12	走	戉	否
趋	12	走	刍	否
跌	12	足旁	失	否
跖	12	足旁	石	否
跗	12	足旁	付	否
跛	12	足旁	皮	否
跞	12	足旁	乐	否
践	12	足旁	戋	否
辈	12	非	车	否
辜	12	古	辛	否
逾	12	俞	辶	否
鄚	12	莫	阝	否
酣	12	酉	甘	否
酤	12	酉	古	否
酥	12	酉	禾	否
釉	12	釆	由	否
铺	12	钅	甫	否
铼	12	钅	来	否
锂	12	钅	里	否
锌	12	钅	辛	否
锑	12	钅	弟	否
阑	12	门	柬	否
隔	12	阝	鬲	否
雅	12	牙	隹	否
集	12	隹	木	否
雇	12	户	隹	否
雯	12	雨头	文	否
雱	12	雨头	方	否
靬	12	革	干	否
靰	12	革	兀	否
靸	12	革	及	否
馉	12	饣	骨	否
鱿	12	鱼	尤	否
鲁	12	鱼	日	否
鲂	12	鱼	方	否
鲃	12	鱼	巴	否
鹂	12	丽	鸟	否
鹈	12	弟	鸟	否
𧿹	12	足旁	母	否
𬊤	12	火	单	否
𬷕	12	甫	鸟	否
䏲	11	月	弟	否
䴔	11	交	鸟	否
偭	11	亻	面	否
偷	11	亻	俞	否
傀	11	亻	鬼	否
勒	11	革	力	否
勔	11	面	力	否
售	11	隹	口	否
唯	11	口	隹	否
啄	11	口	豖	否
啡	11	口	非	否
啴	11	口	单	否
堂	11	尚头	土	否
堆	11	土	隹	否
堍	11	土	兔	否
婵	11	女	单	否
崌	11	山	居	否
崔	11	山	隹	否
崟	11	山	金	否
帷	11	巾	隹	否
常	11	尚头	巾	否
弹	11	弓	单	否
彩	11	采	彡	否
徘	11	彳	非	否
悉	11	釆	心	否
悱	11	忄	非	否
惟	11	忄	隹	否
惮	11	忄	单	否
据	11	扌	居	否
排	11	扌	非	否
推	11	扌	隹	否
掸	11	扌	单	否
敕	11	束	攵	否
敛	11	佥	攵	否
敝	11	㡀	攵	否
晚	11	日	免	否
晡	11	日	甫	否
桷	11	木	角	否
梓	11	木	辛	否
梨	11	利	木	否
梯	11	木	弟	否
梾	11	木	来	否
检	11	木	佥	否
殓	11	歹	佥	否
涿	11	氵	豖	否
淦	11	氵	金	否
淮	11	氵	隹	否
渔	11	氵	鱼	否
犁	11	利	牛	否
理	11	王	里	否
略	11	田	各	否
痍	11	疒	夷	否
痒	11	疒	羊	否
痓	11	疒	至	否
痕	11	疒	艮	否
皎	11	白	交	否
盖	11	美字头	皿	否
盘	11	舟	皿	否
眯	11	目	米	否
眷	11	龹	目	否
眼	11	目	艮	否
着	11	差字头	目	否
矫	11	矢	乔	否
硇	11	石	囟	否
硌	11	石	各	否
硍	11	石	艮	否
硒	11	石	西	否
硕	11	石	页	否
硗	11	石	尧	否
硚	11	石	乔	否
票	11	覀	示	否
祭	11	祭字头	示	否
竟	11	音	儿	否
章	11	音	十	否
笛	11	竹头	由	否
笠	11	竹头	立	否
符	11	竹头	付	否
第	11	竹头	弟省	否
笺	11	竹头	戋	否
笼	11	竹头	龙	否
粒	11	米	立	否
粕	11	米	白	否
粗	11	米	且	否
粜	11	出	米	否
粝	11	米	厉	否
累	11	田	糸	否
绯	11	纟	非	否
维	11	纟	隹	否
羕	11	美字头	永	否
羚	11	差字头	令	否
羝	11	差字头	氐	否
羟	11	差字头	轻字边	否
聆	11	耳	令	否
聊	11	耳	卯	否
聋	11	龙	耳	否
脯	11	月	甫	否
脸	11	月	佥	否
舂	11	春字头	臼	否
舲	11	舟	令	否
舳	11	舟	由	否
舶	11	舟	白	否
舸	11	舟	可	否
菜	11	艹	采	否
菟	11	艹	兔	否
菲	11	艹	非	否
萑	11	艹	隹	否
蚯	11	虫	丘	否
蚰	11	虫	由	否
蚶	11	虫	甘	否
蛄	11	虫	古	否
蛆	11	虫	且	否
蛉	11	虫	令	否
蛊	11	虫	皿	否
蛋	11	疋	虫	否
蛎	11	虫	厉	否
袭	11	龙	衣	否
袼	11	衤	各	否
裉	11	衤	艮	否
谏	11	讠	柬	否
谕	11	讠	俞	否
谙	11	讠	音	否
豚	11	月	豕	否
赉	11	来	贝	否
趺	11	足旁	夫	否
趾	11	足旁	止	否
距	11	足旁	巨	否
辅	11	车旁	甫	否
辆	11	车旁	两	否
逸	11	兔	辶	否
鄃	11	俞	阝	否
酞	11	酉	太	否
野	11	里	予	否
铒	11	钅	耳	否
铙	11	钅	尧	否
铚	11	钅	至	否
铢	11	钅	朱	否
铬	11	钅	各	否
铰	11	钅	交	否
铱	11	钅	衣	否
银	11	钅	艮	否
阐	11	门	单	否
隃	11	阝	俞	否
隗	11	阝	鬼	否
雀	11	小	隹	否
雪	11	雨头	彐	否
领	11	令	页	否
颇	11	皮	页	否
颈	11	轻字边	页	否
骓	11	马	隹	否
鱾	11	鱼	己	否
鸸	11	而	鸟	否
鸻	11	行	鸟	否
鸼	11	舟	鸟	否
鸾	11	变字头	鸟	否
𫮃	11	土	单	否
𬟽	11	虫	东	否
𬱖	11	由	页	否
𬴂	11	马	非	否
俳	10	亻	非	否
倨	10	亻	居	否
党	10	尚头	儿	否
冢	10	冖	豖	否
冤	10	冖	兔	否
准	10	冫	隹	否
剕	10	非	刂	否
剧	10	居	刂	否
匪	10	匚	非	否
哥	10	可	可	否
哩	10	口	里	否
哺	10	口	甫	否
唁	10	口	言	否
圃	10	囗	甫	否
埆	10	土	角	否
埋	10	土	里	否
埔	10	土	甫	否
姬	10	女	颐字旁	否
娌	10	女	里	否
娣	10	女	弟	否
娩	10	女	免	否
宧	10	宀	颐字旁	否
宰	10	宀	辛	否
家	10	宀	豕	否
射	10	身	寸	否
崃	10	山	来	否
崄	10	山	佥	否
徒	10	彳	走	否
徕	10	彳	来	否
恋	10	变字头	心	否
恙	10	美字头	心	否
恧	10	而	心	否
息	10	自	心	否
恳	10	艮	心	否
恶	10	亚	心	否
悌	10	忄	弟	否
悚	10	忄	束	否
悝	10	忄	里	否
扆	10	户	衣	否
拳	10	龹	手	否
挛	10	变字头	手	否
挽	10	扌	免	否
捉	10	扌	足	否
捕	10	扌	甫	否
捡	10	扌	佥	否
捣	10	扌	岛	否
效	10	交	攵	否
敉	10	米	攵	否
斋	10	文	而	否
旁	10	帝字头	方	否
晊	10	日	至	否
晋	10	亚	日	否
晌	10	日	向	否
晒	10	日	西	否
晓	10	日	尧	否
栖	10	木	西	否
栗	10	覀	木	否
校	10	木	交	否
株	10	木	朱	否
样	10	木	羊	否
根	10	木	艮	否
格	10	木	各	否
栾	10	变字头	木	否
桁	10	木	行	否
桊	10	龹	木	否
桎	10	木	至	否
桕	10	木	臼	否
桠	10	木	亚	否
桡	10	木	尧	否
桥	10	木	乔	否
殊	10	歹	朱	否
氧	10	气	羊	否
氩	10	气	亚	否
泰	10	春字头	氺	否
浞	10	氵	足	否
浦	10	氵	甫	否
浬	10	氵	里	否
浰	10	氵	利	否
浼	10	氵	免	否
涑	10	氵	束	否
涕	10	氵	弟	否
涞	10	氵	来	否
烊	10	火	羊	否
烙	10	火	各	否
烛	10	火	虫	否
烦	10	火	页	否
烧	10	火	尧	否
牂	10	爿	羊	否
牺	10	牜	西	否
狸	10	犭	里	否
狺	10	犭	言	否
猁	10	犭	利	否
猃	10	犭	佥	否
珒	10	王	聿	否
珞	10	王	各	否
珠	10	王	朱	否
珢	10	王	艮	否
珥	10	王	耳	否
珦	10	王	向	否
珩	10	王	行	否
瓞	10	瓜	失	否
畖	10	田	瓜	否
留	10	留字头	田	否
疲	10	疒	皮	否
疳	10	疒	甘	否
疴	10	疒	可	否
疽	10	疒	且	否
疾	10	疒	矢	否
痉	10	疒	轻字边	否
皱	10	刍	皮	否
盉	10	禾	皿	否
盏	10	戋	皿	否
监	10	览字头	皿	否
眠	10	目	民	否
眬	10	目	龙	否
砠	10	石	且	否
砥	10	石	氐	否
砬	10	石	立	否
破	10	石	皮	否
砷	10	石	申	否
砺	10	石	厉	否
砻	10	龙	石	否
砾	10	石	乐	否
础	10	石	出	否
硁	10	石	轻字边	否
祟	10	出	示	否
祥	10	礻	羊	否
秘	10	禾	必	否
租	10	禾	且	否
秣	10	禾	末	否
秦	10	春字头	禾	否
秩	10	禾	失	否
笆	10	竹头	巴	否
笊	10	竹头	爪	否
笏	10	竹头	勿	否
笔	10	竹头	毛	否
笕	10	竹头	见	否
粑	10	米	巴	否
紊	10	文	糸	否
素	10	龶	糸	否
紧	10	贤字头	糸	否
绨	10	纟	弟	否
罟	10	罒	古	否
羓	10	差字头	巴	否
羔	10	美字头	灬	否
羖	10	差字头	殳	否
耻	10	耳	止	否
耿	10	耳	火	否
胰	10	月	夷	否
胳	10	月	各	否
胶	10	月	交	否
脒	10	月	米	否
臬	10	自	木	否
臭	10	自	犬	否
致	10	至	攵	否
舀	10	爫	臼	否
舥	10	舟	巴	否
舫	10	舟	方	否
般	10	舟	殳	否
舰	10	舟	见	否
茝	10	艹	颐字旁	否
莆	10	艹	甫	否
莉	10	艹	利	否
莘	10	艹	辛	否
莱	10	艹	来	否
莶	10	艹	佥	否
蚄	10	虫	方	否
蚆	10	虫	巴	否
蚊	10	虫	文	否
蚌	10	虫	丰	否
蚕	10	天	虫	否
蚜	10	虫	牙	否
蚝	10	虫	毛	否
蚨	10	虫	夫	否
蚬	10	虫	见	否
衾	10	今	衣	否
袅	10	鸟省	衣	否
袖	10	衤	由	否
袜	10	衤	末	否
被	10	衤	皮	否
訚	10	门	言	否
诼	10	讠	豖	否
诽	10	讠	非	否
谁	10	讠	隹	否
豺	10	豸	才	否
贾	10	覀	贝	否
赂	10	贝	各	否
赶	10	走	干	否
起	10	走	己	否
趿	10	足旁	及	否
躬	10	身	弓	否
轾	10	车旁	至	否
轿	10	车旁	乔	否
辀	10	车旁	舟	否
辂	10	车旁	各	否
较	10	车旁	交	否
逋	10	甫	辶	否
逐	10	豕	辶	否
递	10	弟	辶	否
速	10	束	辶	否
逦	10	丽	辶	否
郸	10	单	阝	否
配	10	酉	己	否
酎	10	酉	寸	否
酏	10	酉	也	否
酐	10	酉	干	否
酒	10	氵	酉	否
重	10	千	里	是
钰	10	钅	玉	否
钱	10	钅	戋	否
钳	10	钅	甘	否
钴	10	钅	古	否
钺	10	钅	戉	否
钼	10	钅	目	否
钾	10	钅	甲	否
钿	10	钅	田	否
铀	10	钅	由	否
铁	10	钅	失	否
铂	10	钅	白	否
铃	10	钅	令	否
铄	10	钅	乐	否
铆	10	钅	卯	否
铋	10	钅	必	否
铍	10	钅	皮	否
隺	10	冖	隹	否
隼	10	隹	十	否
隽	10	隹	乃	否
难	10	又	隹	否
顼	10	王	页	否
颀	10	斤	页	否
预	10	予	页	否
骊	10	马	丽	否
验	10	马	佥	否
骍	10	马	辛	否
鱽	10	鱼	刀	否
鸪	10	古	鸟	否
鸫	10	东	鸟	否
鸭	10	甲	鸟	否
鸰	10	令	鸟	否
鸱	10	氐	鸟	否
𫗧	10	饣	束	否
𫢸	10	亻	单	否
𬒈	10	学无子	石	否
𬜯	10	艹	两	否
𬬹	10	钅	申	否
𬭁	10	钅	母	否
䏡	9	月	示	否
䶮	9	龙	天	否
促	9	亻	足	否
俐	9	亻	利	否
俚	9	亻	里	否
信	9	亻	言	否
俩	9	亻	两	否
俪	9	亻	丽	否
俫	9	亻	来	否
俭	9	亻	佥	否
养	9	养字头	乔字底	否
剃	9	弟	刂	否
剌	9	束	刂	否
剑	9	佥	刂	否
勉	9	免	力	否
匍	9	勹	甫	否
厘	9	厂	里	否
叟	9	叟字头	又	否
咡	9	口	耳	否
咥	9	口	至	否
咦	9	口	夷	否
咩	9	口	羊	否
咪	9	口	米	否
咬	9	口	交	否
咯	9	口	各	否
咱	9	口	自	否
哂	9	口	西	否
响	9	口	向	否
哏	9	口	艮	否
哑	9	口	亚	否
哓	9	口	尧	否
垍	9	土	自	否
垎	9	土	各	否
垏	9	土	聿	否
垟	9	土	羊	否
垠	9	土	艮	否
垤	9	土	至	否
垦	9	艮	土	否
垧	9	土	向	否
垩	9	亚	土	否
垭	9	土	亚	否
奏	9	春字头	天	否
奕	9	亦	大	否
姜	9	美字头	女	否
姝	9	女	朱	否
姣	9	女	交	否
姨	9	女	夷	否
娄	9	米	女	否
娅	9	女	亚	否
娆	9	女	尧	否
娇	9	女	乔	否
娈	9	变字头	女	否
孪	9	变字头	子	否
客	9	宀	各	否
室	9	宀	至	否
宦	9	宀	臣	否
屋	9	尸	至	否
屎	9	尸	米	否
峣	9	山	尧	否
峤	9	山	乔	否
峦	9	变字头	山	否
峧	9	山	交	否
差	9	差字头	工	否
帝	9	帝字头	巾	否
庠	9	广	羊	否
弈	9	亦	廾	否
弭	9	弓	耳	否
弯	9	变字头	弓	否
很	9	彳	艮	否
徉	9	彳	羊	否
律	9	彳	聿	否
思	9	田	心	否
急	9	刍	心	否
恓	9	忄	西	否
恔	9	忄	交	否
恤	9	忄	血	否
恨	9	忄	艮	否
恪	9	忄	各	否
挠	9	扌	尧	否
故	9	古	攵	否
斫	9	石	斤	否
昤	9	日	令	否
春	9	春字头	日	否
昧	9	日	未	否
是	9	日	定字底	否
昱	9	日	立	否
昳	9	日	失	否
昴	9	日	卯	否
昶	9	永	日	否
昽	9	日	龙	否
曷	9	日	匃	否
朏	9	月	出	否
枯	9	木	古	否
柃	9	木	令	否
柏	9	木	白	否
某	9	甘	木	否
柑	9	木	甘	否
柘	9	木	石	否
柙	9	木	甲	否
柚	9	木	由	否
柝	9	木	斥	否
柢	9	木	氐	否
柯	9	木	可	否
柰	9	木	示	否
柳	9	木	卯	否
标	9	木	示	否
栈	9	木	戋	否
栊	9	木	龙	否
栋	9	木	东	否
栎	9	木	乐	否
栐	9	木	永	否
殂	9	歹	且	否
残	9	歹	戋	否
毒	9	龶	母	否
氟	9	气	弗	否
氢	9	气	轻字边	否
泉	9	白	水	否
泵	9	石	水	否
洋	9	氵	羊	否
洎	9	氵	自	否
洒	9	氵	西	否
洓	9	氵	朿	否
洙	9	氵	朱	否
洛	9	氵	各	否
洣	9	氵	米	否
津	9	氵	聿	否
洨	9	氵	交	否
洫	9	氵	血	否
洱	9	氵	耳	否
洲	9	氵	州	否
浇	9	氵	尧	否
浊	9	氵	虫	否
炣	9	火	可	否
炻	9	火	石	否
炼	9	火	拣字边	否
烁	9	火	乐	否
烃	9	火	轻字边	否
牁	9	爿	可	否
牯	9	牜	古	否
狠	9	犭	艮	否
狡	9	犭	交	否
独	9	犭	虫	否
玲	9	王	令	否
玻	9	王	皮	否
珀	9	王	白	否
珂	9	王	可	否
珅	9	王	申	否
珇	9	王	且	否
珉	9	王	民	否
珋	9	王	卯	否
珌	9	王	必	否
珏	9	王	玉	否
珑	9	王	龙	否
瓴	9	令	瓦	否
畋	9	田	攵	否
畎	9	田	犬	否
畏	9	田	畏字底带横	否
疢	9	疒	火	否
疣	9	疒	尤	否
疤	9	疒	巴	否
疫	9	疒	殳	否
癸	9	登字头	天	否
皇	9	白	王	否
相	9	木	目	否
眊	9	目	毛	否
看	9	龵	目	否
矩	9	矢	巨	否
砆	9	石	夫	否
砉	9	丰	石	否
砑	9	石	牙	否
砖	9	石	专	否
砗	9	石	车	否
砚	9	石	见	否
祏	9	礻	石	否
祕	9	礻	必	否
祖	9	礻	且	否
祗	9	礻	氐	否
祜	9	礻	古	否
神	9	礻	申	否
禺	9	日	禺字底	否
秋	9	禾	火	否
秬	9	禾	巨	否
竖	9	贤字头	立	否
竽	9	竹头	于	否
竿	9	竹头	干	否
笃	9	竹头	马	否
笈	9	竹头	及	否
类	9	米	大	否
籼	9	米	山	否
籽	9	米	子	否
绕	9	纟	尧	否
绖	9	纟	至	否
绗	9	纟	行	否
络	9	纟	各	否
绞	9	纟	交	否
缸	9	缶	工	否
美	9	美字头	大	否
羑	9	美字头	久	否
耍	9	而	女	否
耏	9	而	彡	否
耐	9	而	寸	否
耑	9	山	而	否
耷	9	大	耳	否
胂	9	月	申	否
胃	9	田	青字底	否
胄	9	由	青字底	否
胍	9	月	瓜	否
胛	9	月	甲	否
胝	9	月	氐	否
胡	9	古	月	否
胥	9	疋	青字底	否
胧	9	月	龙	否
胨	9	月	东	否
胫	9	月	轻字边	否
脉	9	月	永	否
舁	9	臼	廾	否
舢	9	舟	山	否
茛	9	艹	艮	否
茜	9	艹	西	否
茧	9	艹	虫	否
茭	9	艹	交	否
茱	9	艹	朱	否
茸	9	艹	耳	否
荇	9	艹	行	否
荑	9	艹	夷	否
荛	9	艹	尧	否
荞	9	艹	乔	否
虷	9	虫	干	否
虸	9	虫	子	否
虹	9	虫	工	否
虺	9	兀	虫	否
虽	9	口	虫	否
蚀	9	饣	虫	否
蚂	9	虫	马	否
衽	9	衤	壬	否
衿	9	衤	今	否
袆	9	衤	韦	否
要	9	覀	女	否
览	9	览字头	见	否
觉	9	学无子	见	否
訄	9	九	言	否
訇	9	勹	言	否
贱	9	贝	戋	否
贵	9	贵字头	贝	否
贸	9	留字头	贝	否
费	9	弗	贝	否
赴	9	走	卜	否
赵	9	走	㐅	否
趴	9	足旁	八	否
轱	9	车旁	古	否
轲	9	车旁	可	否
轴	9	车旁	由	否
轶	9	车旁	失	否
轹	9	车旁	乐	否
轻	9	车旁	轻字边	否
迷	9	米	辶	否
迹	9	亦	辶	否
迺	9	西	辶	否
追	9	追字心	辶	否
退	9	艮	辶	否
郦	9	丽	阝	否
酊	9	酉	丁	否
酋	9	丷	酉	否
钛	9	钅	太	否
钜	9	钅	巨	否
钡	9	钅	贝	否
钤	9	钅	今	否
钥	9	钅	月	否
钨	9	钅	乌	否
钫	9	钅	方	否
钬	9	钅	火	否
钯	9	钅	巴	否
闻	9	门	耳	否
闽	9	门	虫	否
阁	9	门	各	否
陡	9	阝	走	否
险	9	阝	佥	否
韭	9	非	一	否
顸	9	干	页	否
项	9	工	页	否
顺	9	川	页	否
须	9	彡	页	否
饵	9	饣	耳	否
饶	9	饣	尧	否
饷	9	饣	向	否
饹	9	饣	各	否
饺	9	饣	交	否
饻	9	饣	衣	否
香	9	禾	日	否
骁	9	马	尧	否
骄	9	马	乔	否
骆	9	马	各	否
鸦	9	牙	鸟	否
𦙶	9	月	古	否
𪾢	9	目	见	否
𫓧	9	钅	夫	否
𬍛	9	王	乐	否
𬬮	9	钅	长	否
𬬱	9	钅	斤	否
㑊	8	亻	亦	否
㤘	8	忄	刍	否
䏝	8	月	专	否
乸	8	也	母	否
享	8	享字头	子	否
京	8	享字头	小	否
佯	8	亻	羊	否
佴	8	亻	耳	否
佼	8	亻	交	否
侄	8	亻	至	否
侏	8	亻	朱	否
依	8	亻	衣	否
侥	8	亻	尧	否
侨	8	亻	乔	否
其	8	其字头	八	否
具	8	具字头	八	否
到	8	至	刂	否
制	8	制字旁	刂	否
券	8	龹	刀	否
刺	8	朿	刂	否
卧	8	臣	卜	否
卷	8	龹	㔾	否
取	8	耳	又	否
变	8	变字头	又	否
呣	8	口	母	否
呤	8	口	令	否
呱	8	口	瓜	否
味	8	口	未	否
呵	8	口	可	否
呷	8	口	甲	否
呻	8	口	申	否
咀	8	口	且	否
咄	8	口	出	否
咇	8	口	必	否
和	8	禾	口	否
咏	8	口	永	否
咐	8	口	付	否
咕	8	口	古	否
咙	8	口	龙	否
囷	8	囗	禾	否
囹	8	囗	令	否
固	8	囗	古	否
国	8	囗	玉	否
坡	8	土	皮	否
坤	8	土	申	否
坥	8	土	且	否
坩	8	土	甘	否
坬	8	土	瓜	否
坷	8	土	可	否
坻	8	土	氐	否
坼	8	土	斥	否
坽	8	土	令	否
垃	8	土	立	否
垄	8	龙	土	否
备	8	夂	田	否
奄	8	大	电	否
奇	8	大	可	否
奈	8	大	示	否
奉	8	春字头	举字底	否
奋	8	大	田	否
妯	8	女	由	否
妹	8	女	未	否
妾	8	立	女	否
姆	8	女	母	否
姈	8	女	令	否
姐	8	女	且	否
姑	8	女	古	否
委	8	禾	女	否
孟	8	子	皿	否
季	8	禾	子	否
孤	8	子	瓜	否
学	8	学无子	子	否
宓	8	宀	必	否
宕	8	宀	石	否
宗	8	宀	示	否
官	8	宀	官字底	否
宙	8	宀	由	否
定	8	宀	定字底	否
宜	8	宀	且	否
宝	8	宀	玉	否
宠	8	宀	龙	否
审	8	宀	申	否
屈	8	尸	出	否
届	8	尸	由	否
岢	8	山	可	否
岨	8	山	且	否
岩	8	山	石	否
岫	8	山	由	否
岬	8	山	甲	否
岭	8	山	令	否
岳	8	丘	山	否
岵	8	山	古	否
岷	8	山	民	否
岽	8	山	东	否
峁	8	山	卯	否
峃	8	学无子	山	否
帔	8	巾	皮	否
帕	8	巾	白	否
帙	8	巾	失	否
帛	8	白	巾	否
幸	8	土	南字心	否
底	8	广	氐	否
庙	8	广	由	否
府	8	广	付	否
庞	8	广	龙	否
建	8	聿	廴	否
弧	8	弓	瓜	否
录	8	录字头	氺	否
彼	8	彳	皮	否
徂	8	彳	且	否
径	8	彳	轻字边	否
忝	8	天	恭字底	否
忞	8	文	心	否
念	8	今	心	否
忽	8	勿	心	否
态	8	太	心	否
怕	8	忄	白	否
怙	8	忄	古	否
怜	8	忄	令	否
怫	8	忄	弗	否
戕	8	爿	戈	否
戾	8	户	犬	否
房	8	户	方	否
所	8	戶	斤	否
披	8	扌	皮	否
抵	8	扌	氐	否
抹	8	扌	末	否
抻	8	扌	申	否
押	8	扌	甲	否
抽	8	扌	由	否
抿	8	扌	民	否
拂	8	扌	弗	否
拆	8	扌	斥	否
拇	8	扌	母	否
拉	8	扌	立	否
拊	8	扌	付	否
拍	8	扌	白	否
拎	8	扌	令	否
拓	8	扌	石	否
拙	8	扌	出	否
拢	8	扌	龙	否
拣	8	扌	拣字边	否
放	8	方	攵	否
斩	8	车旁	斤	否
旺	8	日	王	否
旻	8	日	文	否
昂	8	日	卬	否
昈	8	日	户	否
昉	8	日	方	否
昊	8	日	天	否
昌	8	日	日	否
明	8	日	月	否
昏	8	氏	日	否
昒	8	日	勿	否
易	8	日	勿	否
昔	8	龷	日	否
昕	8	日	斤	否
朋	8	月	月	否
杰	8	木	灬	否
杲	8	日	木	否
杳	8	木	日	否
杷	8	木	巴	否
杼	8	木	予	否
枉	8	木	王	否
枋	8	木	方	否
析	8	木	斤	否
林	8	木	木	否
枚	8	木	攵	否
果	8	日	木	否
枣	8	朿	冬字底	否
枧	8	木	见	否
枨	8	木	长	否
枭	8	鸟省	木	否
柜	8	木	巨	否
殁	8	歹	殳	否
沓	8	水	日	否
沫	8	氵	末	否
沮	8	氵	且	否
河	8	氵	可	否
沸	8	氵	弗	否
油	8	氵	由	否
沺	8	氵	田	否
沽	8	氵	古	否
泊	8	氵	白	否
泌	8	氵	必	否
泔	8	氵	甘	否
泖	8	氵	卯	否
泗	8	氵	四	否
泜	8	氵	氐	否
泠	8	氵	令	否
波	8	氵	皮	否
泣	8	氵	立	否
泪	8	氵	目	否
泯	8	氵	民	否
泳	8	氵	永	否
泷	8	氵	龙	否
泺	8	氵	乐	否
泾	8	氵	轻字边	否
浅	8	氵	戋	否
炅	8	日	火	否
炆	8	火	文	否
炉	8	火	户	否
炎	8	火	火	否
炘	8	火	斤	否
炙	8	然左角	火	否
炜	8	火	韦	否
炬	8	火	巨	否
爬	8	爪	巴	否
牥	8	牜	方	否
牦	8	牜	毛	否
牧	8	牜	攵	否
物	8	牜	勿	否
狎	8	犭	甲	否
狐	8	犭	瓜	否
狒	8	犭	弗	否
狙	8	犭	且	否
玞	8	王	夫	否
玟	8	王	文	否
玡	8	王	牙	否
玤	8	王	丰	否
玥	8	王	月	否
玫	8	王	攵	否
玮	8	王	韦	否
现	8	王	见	否
甾	8	巛	田	否
畀	8	田	丌	否
畅	8	申	杨字边	否
疚	8	疒	久	否
疝	8	疒	山	否
疡	8	疒	杨字边	否
盂	8	于	皿	否
盱	8	目	于	否
直	8	十	具字头	否
知	8	矢	口	否
矸	8	石	干	否
矼	8	石	工	否
矾	8	石	凡	否
矿	8	石	广	否
砀	8	石	杨字边	否
码	8	石	马	否
祆	8	礻	天	否
祇	8	礻	氏	否
祈	8	礻	斤	否
祉	8	礻	止	否
祊	8	礻	方	否
祋	8	礻	殳	否
祎	8	礻	韦	否
秆	8	禾	干	否
竺	8	竹头	二	否
籴	8	入	米	否
线	8	纟	戋	否
绀	8	纟	甘	否
练	8	纟	拣字边	否
组	8	纟	且	否
绅	8	纟	申	否
细	8	纟	田	否
绉	8	纟	刍	否
绋	8	纟	弗	否
绌	8	纟	出	否
经	8	纟	轻字边	否
罗	8	罒	夕	否
者	8	耂	日	否
耵	8	耳	丁	否
耶	8	耳	阝	否
股	8	月	殳	否
肤	8	月	夫	否
肥	8	月	巴	否
肩	8	户	青字底	否
肪	8	月	方	否
肯	8	止	青字底	否
肼	8	月	井	否
肽	8	月	太	否
肾	8	贤字头	青字底	否
胀	8	月	长	否
胁	8	月	办	否
臾	8	臼	人	否
舠	8	舟	刀	否
艰	8	又	艮	否
苓	8	艹	令	否
苗	8	艹	田	否
苛	8	艹	可	否
苜	8	艹	目	否
苠	8	艹	民	否
苦	8	艹	古	否
苴	8	艹	且	否
苷	8	艹	甘	否
苻	8	艹	付	否
苾	8	艹	必	否
茀	8	艹	弗	否
茁	8	艹	出	否
茂	8	艹	戊	否
茆	8	艹	卯	否
茉	8	艹	末	否
茋	8	艹	氐	否
茎	8	艹	轻字边	否
茏	8	艹	龙	否
茑	8	艹	鸟	否
茚	8	艹	印	否
虮	8	虫	几	否
表	8	龶	衣省	否
衫	8	衤	彡	否
衬	8	衤	寸	否
规	8	夫	见	否
觅	8	爫	见	否
视	8	礻	见	否
诛	8	讠	朱	否
详	8	讠	羊	否
责	8	龶	贝	否
贤	8	贤字头	贝	否
败	8	贝	攵	否
账	8	贝	长	否
贪	8	今	贝	否
贯	8	毌	贝	否
转	8	车旁	专	否
迪	8	由	辶	否
迫	8	白	辶	否
迭	8	失	辶	否
迳	8	轻字边	辶	否
邾	8	朱	阝	否
郅	8	至	阝	否
郊	8	交	阝	否
钍	8	钅	土	否
钎	8	钅	千	否
钏	8	钅	川	否
钐	8	钅	彡	否
钒	8	钅	凡	否
钔	8	钅	门	否
钕	8	钅	女	否
钖	8	钅	杨字边	否
闸	8	门	甲	否
阜	8	追字心	十	否
陎	8	阝	朱	否
限	8	阝	艮	否
陑	8	阝	而	否
青	8	龶	青字底	否
顶	8	丁	页	否
顷	8	比字旁	页	否
饯	8	饣	戋	否
饳	8	饣	出	否
驵	8	马	且	否
驷	8	马	四	否
驸	8	马	付	否
驺	8	马	刍	否
鸢	8	弋	鸟	否
鸣	8	口	鸟	否
鸤	8	尸	鸟	否
黾	8	口	电	否
𫰛	8	女	轻字边	否
𬀩	8	日	韦	否
𬀪	8	日	见	否
𬣳	8	讠	艮	否
𬨂	8	车旁	氏	否
𬬩	8	钅	弋	否
㑇	7	亻	刍	否
㧑	7	扌	为	否
䢺	7	出	阝	否
严	7	亚	丿	否
亨	7	享字头	了	否
亩	7	亠	田	否
伯	7	亻	白	否
估	7	亻	古	否
伶	7	亻	令	否
伸	7	亻	申	否
佃	7	亻	田	否
位	7	亻	立	否
低	7	亻	氐	否
何	7	亻	可	否
佖	7	亻	必	否
佘	7	全字头	示	否
佚	7	亻	失	否
佛	7	亻	弗	否
克	7	古	儿	否
冷	7	冫	令	否
冻	7	冫	东	否
初	7	衤	刀	否
刬	7	戋	刂	否
刭	7	轻字边	刂	否
助	7	且	力	否
励	7	厉	力	否
劲	7	轻字边	力	否
匣	7	匚	甲	否
医	7	匚	矢	否
即	7	即字旁	卩	否
县	7	且	厶	否
吝	7	文	口	否
吞	7	天	口	否
吟	7	口	今	否
吠	7	口	犬	否
吣	7	口	心	否
吧	7	口	巴	否
含	7	今	口	否
听	7	口	斤	否
启	7	户	口	否
吴	7	口	天	否
吻	7	口	勿	否
吽	7	口	牛	否
吾	7	五	口	否
呀	7	口	牙	否
呆	7	口	木	否
呇	7	水	口	否
呈	7	口	王	否
告	7	告字头	口	否
呋	7	口	夫	否
呒	7	口	无	否
呔	7	口	太	否
呗	7	口	贝	否
员	7	口	贝	否
呜	7	口	乌	否
囫	7	囗	勿	否
困	7	囗	木	否
围	7	囗	韦	否
圻	7	土	斤	否
址	7	土	止	否
坊	7	土	方	否
坚	7	贤字头	土	否
坝	7	土	贝	否
坞	7	土	乌	否
坟	7	土	文	否
妊	7	女	壬	否
妒	7	女	户	否
妗	7	女	今	否
妤	7	女	予	否
妥	7	爫	女	否
妨	7	女	方	否
妩	7	女	无	否
妫	7	女	为	否
姒	7	女	以	否
孚	7	爫	子	否
孜	7	子	攵	否
孝	7	耂	子	否
宋	7	宀	木	否
尾	7	尸	毛	否
尿	7	尸	水	否
屃	7	尸	贝	否
岈	7	山	牙	否
岊	7	巴	山	否
岑	7	山	今	否
岘	7	山	见	否
岜	7	山	巴	否
岠	7	山	巨	否
帏	7	巾	韦	否
帐	7	巾	长	否
床	7	广	木	否
序	7	广	予	否
庐	7	广	户	否
庑	7	广	无	否
库	7	广	车	否
应	7	广	应字心	否
弄	7	王	廾	否
张	7	弓	长	否
彷	7	彳	方	否
役	7	彳	殳	否
忌	7	己	心	否
忒	7	弋	心	否
志	7	士	心	否
忧	7	忄	尤	否
忻	7	忄	斤	否
忾	7	忄	气	否
怃	7	忄	无	否
怅	7	忄	长	否
戒	7	戈	廾	否
扯	7	扌	止	否
扰	7	扌	尤	否
扶	7	扌	夫	否
扺	7	扌	氏	否
找	7	扌	戈	否
把	7	扌	巴	否
抑	7	扌	卬	否
抒	7	扌	予	否
抓	7	扌	爪	否
投	7	扌	殳	否
折	7	扌	斤	否
抚	7	扌	无	否
抟	7	扌	专	否
护	7	扌	户	否
拒	7	扌	巨	否
拟	7	扌	以	否
改	7	己	攵	否
攻	7	工	攵	否
旰	7	日	干	否
旱	7	日	干	否
旴	7	日	于	否
旵	7	日	山	否
时	7	日	寸	否
旷	7	日	广	否
旸	7	日	杨字边	否
杄	7	木	千	否
杆	7	木	干	否
杉	7	木	彡	否
杌	7	木	兀	否
李	7	木	子	否
杏	7	木	口	否
材	7	木	才	否
村	7	木	寸	否
杕	7	木	大	否
杙	7	木	弋	否
杜	7	木	土	否
杞	7	木	己	否
杠	7	木	工	否
杨	7	木	杨字边	否
杩	7	木	马	否
极	7	木	及	否
歼	7	歹	千	否
每	7	卧人	母	是
毐	7	士	毋	否
氙	7	气	山	否
氚	7	气	川	否
汞	7	工	水	否
汨	7	氵	日	否
汩	7	氵	曰	否
汪	7	氵	王	否
汫	7	氵	井	否
汰	7	氵	太	否
汶	7	氵	文	否
汽	7	氵	气	否
沁	7	氵	心	否
沂	7	氵	斤	否
沐	7	氵	木	否
沚	7	氵	止	否
没	7	氵	殳	否
沣	7	氵	丰	否
沩	7	氵	为	否
沪	7	氵	户	否
灵	7	彐	火	否
灶	7	火	土	否
灸	7	久	火	否
灾	7	宀	火	否
灿	7	火	山	否
炀	7	火	杨字边	否
牡	7	牜	土	否
牢	7	宀	牛	否
状	7	丬	犬	否
犹	7	犭	尤	否
狂	7	犭	王	否
狄	7	犭	火	否
狈	7	犭	贝	否
玒	7	王	工	否
玕	7	王	干	否
玖	7	王	久	否
玘	7	王	己	否
玚	7	王	杨字边	否
玛	7	王	马	否
男	7	田	力	否
甸	7	勹	田	否
町	7	田	丁	否
疔	7	疒	丁	否
疖	7	疒	节字底	否
疗	7	疒	了	否
皂	7	白	七	否
盯	7	目	丁	否
矣	7	厶	矢	否
矶	7	石	几	否
社	7	礻	土	否
祀	7	礻	巳	否
祃	7	礻	马	否
秀	7	禾	乃	否
私	7	禾	厶	否
秃	7	禾	几	否
系	7	撇	糸	否
纬	7	纟	韦	否
纴	7	纟	壬	否
纸	7	纟	氏	否
纹	7	纟	文	否
纺	7	纟	方	否
纾	7	纟	予	否
羌	7	差字头	折	否
肖	7	尚字头	青字底	否
肘	7	月	寸	否
肚	7	月	土	否
肛	7	月	工	否
肝	7	月	干	否
肠	7	月	杨字边	否
良	7	丶	艮	否
芙	7	艹	夫	否
芜	7	艹	无	否
芟	7	艹	殳	否
芠	7	艹	文	否
芦	7	艹	户	否
芩	7	艹	今	否
芪	7	艹	氏	否
芭	7	艹	巴	否
芯	7	艹	心	否
芳	7	艹	方	否
芴	7	艹	勿	否
芷	7	艹	止	否
芹	7	艹	斤	否
芼	7	艹	毛	否
芽	7	艹	牙	否
苇	7	艹	韦	否
苋	7	艹	见	否
苌	7	艹	长	否
苏	7	艹	办	否
苡	7	艹	以	否
苣	7	艹	巨	否
虬	7	虫	折	否
补	7	衤	卜	否
觃	7	见	子	否
诂	7	讠	古	否
诃	7	讠	可	否
诅	7	讠	且	否
诉	7	讠	斥	否
诋	7	讠	氐	否
诌	7	讠	刍	否
诎	7	讠	出	否
诐	7	讠	皮	否
贡	7	工	贝	否
财	7	贝	才	否
赤	7	土	亦字底	否
轩	7	车旁	干	否
轪	7	车旁	大	否
迎	7	卬	辶	否
近	7	斤	辶	否
迓	7	牙	辶	否
这	7	文	辶	否
进	7	井	辶	否
违	7	韦	辶	否
连	7	车	辶	否
迟	7	尺	辶	否
邑	7	口	巴	否
邮	7	由	阝	否
邯	7	甘	阝	否
邱	7	丘	阝	否
邲	7	必	阝	否
邸	7	氐	阝	否
邹	7	刍	阝	否
邻	7	令	阝	否
针	7	钅	十	否
钉	7	钅	丁	否
钊	7	钅	刂	否
钋	7	钅	卜	否
钌	7	钅	了	否
闰	7	门	王	否
闱	7	门	韦	否
闲	7	门	木	否
间	7	门	日	否
闵	7	门	文	否
闷	7	门	心	否
阻	7	阝	且	否
阿	7	阝	可	否
陂	7	阝	皮	否
附	7	阝	付	否
际	7	阝	示	否
陆	7	阝	击	否
陇	7	阝	龙	否
陈	7	阝	东	否
陉	7	阝	轻字边	否
饩	7	饣	气	否
饪	7	饣	壬	否
驲	7	马	日	否
驴	7	马	户	否
鸠	7	九	鸟	否
鸡	7	又	鸟	否
麦	7	龶	夂	否
龟	7	⺈	龟字底	否
𣲗	7	氵	韦	否
𣲘	7	氵	无	否
𫇭	7	艹	为	否
𫐄	7	车旁	兀	否
𫘜	7	马	文	否
𬇙	7	氵	贝	否
𬣡	7	讠	戋	否
䜣	6	讠	斤	否
丝	6	纟	纟	否
丢	6	壬	厶	否
乒	6	丘	丿	否
乓	6	丘	丶	否
争	6	⺈	争字底	否
产	6	立	丿	否
仰	6	亻	卬	否
件	6	亻	牛	否
任	6	亻	壬	否
仿	6	亻	方	否
企	6	全字头	止	否
伈	6	亻	心	否
伍	6	亻	五	否
伏	6	亻	犬	否
伐	6	亻	戈	否
休	6	亻	木	否
优	6	亻	尤	否
伙	6	亻	火	否
伟	6	亻	韦	否
传	6	亻	专	否
伢	6	亻	牙	否
伣	6	亻	见	否
伥	6	亻	长	否
伪	6	亻	为	否
似	6	亻	以	否
佤	6	亻	瓦	否
先	6	告字头	儿	否
光	6	尚字头	兀	否
全	6	全字头	王	否
共	6	龷	八	否
关	6	丷	天	否
兴	6	应字心	八	否
军	6	冖	车	否
农	6	冖	衣省	否
冰	6	冫	水	否
冱	6	冫	互	否
凫	6	鸟省	几	否
凼	6	水	凵	否
刎	6	勿	刂	否
划	6	戈	刂	否
刖	6	月	刂	否
列	6	歹	刂	否
刘	6	文	刂	否
则	6	贝	刂	否
匠	6	匚	斤	否
匡	6	匚	王	否
协	6	十	办	否
厌	6	厂	犬	否
厍	6	厂	车	否
吁	6	口	于	否
吆	6	口	幺	否
吉	6	士	口	否
吊	6	口	巾	否
名	6	夕	口	否
吐	6	口	土	否
吕	6	口	口	否
吗	6	口	马	否
吸	6	口	及	否
回	6	囗	口	否
因	6	囗	大	否
囡	6	囗	女	否
团	6	囗	才	否
在	6	在字框	土	否
圩	6	土	于	否
圭	6	土	土	否
圮	6	土	己	否
圯	6	土	巳	否
地	6	土	也	否
圲	6	土	千	否
圳	6	土	川	否
圹	6	土	广	否
场	6	土	杨字边	否
圾	6	土	及	否
壮	6	丬	士	否
夙	6	风省	歹	否
多	6	夕	夕	否
夺	6	大	寸	否
夼	6	大	川	否
奸	6	女	干	否
她	6	女	也	否
好	6	女	子	否
如	6	女	口	否
妃	6	女	己	否
妆	6	丬	女	否
妇	6	女	彐	否
妈	6	女	马	否
孖	6	子	子	否
字	6	宀	子	否
存	6	在字框	子	否
孙	6	子	小	否
宇	6	宀	于	否
守	6	宀	寸	否
安	6	宀	女	否
寺	6	土	寸	否
寻	6	彐	寸	否
导	6	巳	寸	否
尖	6	小	大	否
尘	6	小	土	否
尽	6	尺	冬字底	是
屺	6	山	己	否
屼	6	山	兀	否
屾	6	山	山	否
岁	6	山	夕	否
岂	6	山	己	否
岌	6	山	及	否
巡	6	巛	辶	否
巩	6	工	凡	否
帆	6	巾	凡	否
庄	6	广	土	否
庆	6	广	大	否
廷	6	壬	廴	否
异	6	巳	廾	否
式	6	弋	工	否
弛	6	弓	也	否
当	6	尚字头	彐	否
忏	6	忄	千	否
忖	6	忄	寸	否
戎	6	戈	左字框	否
戏	6	又	戈	否
成	6	戊	折	是
扛	6	扌	工	否
扞	6	扌	干	否
扣	6	扌	口	否
扦	6	扌	千	否
执	6	扌	丸	否
扩	6	扌	广	否
扪	6	扌	门	否
扫	6	扌	彐	否
扬	6	扌	杨字边	否
旨	6	匕	日	否
早	6	日	十	否
旬	6	勹	日	否
旭	6	九	日	否
旮	6	九	日	否
旯	6	日	九	否
曲	6	由	丨	否
有	6	左字框	青字底	否
朳	6	木	八	否
朴	6	木	卜	否
朵	6	几	木	否
朸	6	木	力	否
机	6	木	几	否
权	6	木	又	否
此	6	止	匕	否
死	6	歹	匕	否
氖	6	气	乃	否
氘	6	气	乔字底	否
汆	6	入	水	否
汐	6	氵	夕	否
汕	6	氵	山	否
汗	6	氵	干	否
汜	6	氵	巳	否
汝	6	氵	女	否
江	6	氵	工	否
池	6	氵	也	否
汤	6	氵	杨字边	否
汲	6	氵	及	否
灯	6	火	丁	否
灰	6	左字框	火	否
牝	6	牜	匕	否
牟	6	厶	牛	否
犴	6	犭	干	否
犷	6	犭	广	否
犸	6	犭	马	否
玎	6	王	丁	否
玑	6	王	几	否
百	6	一	白	否
癿	6	白	折	否
祁	6	礻	阝	否
纡	6	纟	于	否
红	6	纟	工	否
纣	6	纟	寸	否
纤	6	纟	千	否
级	6	纟	及	否
纨	6	纟	丸	否
纩	6	纟	广	否
纪	6	纟	己	否
羽	6	习	习	否
老	6	耂	匕	否
耒	6	二	木	否
肋	6	月	力	否
肌	6	月	几	否
舌	6	千	口	否
舛	6	夕	降下角	否
色	6	⺈	巴	否
芃	6	艹	凡	否
芄	6	艹	丸	否
芊	6	艹	千	否
芋	6	艹	于	否
芎	6	艹	弓	否
芏	6	艹	土	否
芑	6	艹	己	否
芗	6	艹	乡	否
芝	6	艹	之	否
芨	6	艹	及	否
观	6	又	见	否
讲	6	讠	井	否
讳	6	讠	韦	否
讵	6	讠	巨	否
讶	6	讠	牙	否
设	6	讠	殳	否
访	6	讠	方	否
贞	6	卢字头	贝	否
负	6	⺈	贝	否
轨	6	车旁	九	否
达	6	大	辶	否
辿	6	山	辶	否
迁	6	千	辶	否
迂	6	于	辶	否
过	6	寸	辶	否
邡	6	方	阝	否
邪	6	牙	阝	否
邬	6	乌	阝	否
钆	6	钅	折	否
钇	6	钅	乙	否
闫	6	门	三	否
闭	6	门	才	否
问	6	门	口	否
闯	6	门	马	否
阱	6	阝	井	否
防	6	阝	方	否
阳	6	阝	日	否
阴	6	阝	月	否
阵	6	阝	车	否
饧	6	饣	杨字边	否
驮	6	马	大	否
驯	6	马	川	否
驰	6	马	也	否
齐	6	文	乔字底	否
𬘓	6	纟	川	否
世	5	廿	折	否
业	5	业无横	一	否
主	5	亠	土	否
仔	5	亻	子	否
仕	5	亻	士	否
他	5	亻	也	否
仙	5	亻	山	否
仝	5	全字头	工	否
仟	5	亻	千	否
代	5	亻	弋	否
仨	5	亻	三	否
们	5	亻	门	否
伋	5	亻	及	否
兄	5	口	儿	否
冬	5	夂	冬字底	否
冮	5	冫	工	否
冯	5	冫	马	否
刊	5	干	刂	否
功	5	工	力	否
加	5	力	口	否
务	5	夂	力	否
包	5	勹	巳	否
匆	5	勿	点	否
北	5	北字旁	匕	否
匜	5	匚	也	否
匝	5	匚	巾	否
卉	5	十	廾	否
半	5	丷	举字底	否
卟	5	口	卜	否
占	5	卢字头	口	否
卢	5	卢字头	尸	否
去	5	土	厶	否
句	5	勹	口	否
另	5	口	力	否
叨	5	口	刀	否
叩	5	口	卩	否
只	5	口	八	否
召	5	刀	口	否
叭	5	口	八	否
叮	5	口	丁	否
台	5	厶	口	否
叱	5	口	化字边	否
史	5	口	乂	是
右	5	左字框	口	否
叵	5	匚	口	否
叶	5	口	十	否
叹	5	口	又	否
叻	5	口	力	否
叽	5	口	几	否
囚	5	囗	人	否
圢	5	土	丁	否
圣	5	又	土	否
处	5	夂	卜	否
外	5	夕	卜	否
央	5	见二	大	否
夯	5	大	力	否
头	5	冬字底	大	是
奴	5	女	又	否
奶	5	女	乃	否
孕	5	乃	子	否
宁	5	宀	丁	否
它	5	宀	匕	否
宄	5	宀	九	否
对	5	又	寸	否
尔	5	⺈	小	否
尕	5	乃	小	否
尹	5	争字底	撇	是
尻	5	尸	九	否
尼	5	尸	匕	否
左	5	左字框	工	否
市	5	亠	巾	否
布	5	左字框	巾	否
帅	5	师字旁	巾	否
幼	5	幺	力	否
弁	5	厶	廾	否
弘	5	弓	厶	否
归	5	师字旁	彐	否
忉	5	忄	刀	否
扑	5	扌	卜	否
扒	5	扌	八	否
打	5	扌	丁	否
扔	5	扌	乃	否
旦	5	日	一	否
旧	5	丨	日	否
本	5	木	一	否
札	5	木	折	否
术	5	木	丶	否
正	5	一	止	否
氕	5	气	丿	否
氾	5	氵	㔾	否
氿	5	氵	九	否
汀	5	氵	丁	否
汁	5	氵	十	否
汇	5	氵	匚	否
汉	5	氵	又	否
灭	5	一	火	否
犯	5	犭	㔾	否
犰	5	犭	九	否
玄	5	亠	幺	否
生	5	丿	龶	否
用	5	周字框	举字底	否
甩	5	月	折	否
矛	5	予	丿	否
礼	5	礻	折	否
穴	5	宀	八	否
艽	5	艹	九	否
艾	5	艹	㐅	否
艿	5	艹	乃	否
节	5	艹	节字底	否
讦	5	讠	干	否
讧	5	讠	工	否
讨	5	讠	寸	否
讪	5	讠	山	否
训	5	讠	川	否
记	5	讠	己	否
轧	5	车旁	折	否
边	5	力	辶	否
辽	5	了	辶	否
邗	5	干	阝	否
邘	5	于	阝	否
邛	5	工	阝	否
邝	5	广	阝	否
闪	5	门	人	否
阡	5	阝	千	否
饥	5	饣	几	否
驭	5	马	又	否
𬣙	5	讠	于	否
丑	4	折	土	是
中	4	口	竖	是
丹	4	周字框	亠	否
乏	4	撇	之	否
云	4	二	厶	否
亓	4	一	丌	否
亢	4	亠	几	否
什	4	亻	十	否
仁	4	亻	二	否
仂	4	亻	力	否
仃	4	亻	丁	否
仄	4	厂	人	否
仅	4	亻	又	否
仆	4	亻	卜	否
仇	4	亻	九	否
仉	4	亻	几	否
介	4	全字头	乔字底	否
仍	4	亻	乃	否
从	4	人	人	否
仑	4	全字头	匕	否
仓	4	全字头	㔾	否
允	4	厶	儿	否
元	4	一	兀	否
公	4	八	厶	否
六	4	亠	八	否
内	4	冂	人	否
冈	4	冂	㐅	否
冗	4	冖	几	否
凤	4	风省	又	否
凶	4	㐅	凵	否
分	4	八	刀	否
切	4	七	刀	否
刈	4	㐅	刂	否
劝	4	又	力	否
勾	4	勹	厶	否
匀	4	勹	冫	否
化	4	亻	化字边	否
匹	4	匚	儿	否
区	4	匚	㐅	否
升	4	撇	廾	否
午	4	卧人	十	否
卞	4	亠	卜	否
厄	4	厂	㔾	否
厅	4	厂	丁	否
历	4	厂	力	否
友	4	左字框	又	否
双	4	又	又	否
反	4	反字框	又	否
夬	4	折	大	否
夭	4	撇	大	否
孔	4	子	折	否
少	4	少三	丿	否
币	4	撇	巾	否
幻	4	幺	折	否
开	4	一	廾	否
引	4	弓	丨	否
忆	4	忄	乙	否
扎	4	扌	折	否
支	4	十	又	否
斗	4	冬字底	十	否
欠	4	⺈	人	否
比	4	比字旁	匕	否
父	4	八	㐅	否
爻	4	㐅	㐅	否
艺	4	艹	乙	否
计	4	讠	十	否
订	4	讠	丁	否
讣	4	讠	卜	否
认	4	讠	人	否
讥	4	讠	几	否
邓	4	又	阝	否
闩	4	门	一	否
队	4	阝	人	否
风	4	风省	㐅	否
𠙶	4	了	凵	否
丈	3	左字框	丶	否
上	3	卜	横	是
下	3	横	卜	是
个	3	全字头	丨	否
丫	3	丷	丨	否
么	3	丿	厶	否
义	3	丶	㐅	否
乞	3	卧人	乙	否
亍	3	一	丁	否
亏	3	二	折	否
亡	3	亠	折	否
亿	3	亻	乙	否
刃	3	刀	丶	否
勺	3	勹	丶	否
卫	3	节字底	一	否
叉	3	又	丶	否
孓	3	了	点	否
尢	3	左字框	折	否
乜	2	折	折	否
刁	2	折	一	否
