编码首根	编码末根	成员数	成员
业无横	卩	2	邺 鄑
丰	争字底	2	彗 静
丰	又	2	敖 麦
丰	大	3	契 獒 麸
丰	忄	2	恝 慧
丰	石	2	䂮 砉
丰	纟	3	素 絜 纛
丰	见	3	责 赘 靓
丽	丽	2	两 丽
九	九	2	丸 九
九	日	2	旭 旮
习	习	2	习 羽
习	戈	2	戮 戳
予	虫	2	蝥 蟊
予	鸟	2	鹜 鹬
争字底	争字底	2	互 聿
争字底	卩	2	郡 𬩽
争字底	氵	2	录 隶
争字底	辶	3	建 逮 逯
二	二	2	二 耩
二	力	2	动 耢
二	厶	2	云 耘
二	又	2	叆 耰
二	口	2	耠 耥
二	辶	2	叇 运
亠	儿	2	充 兖
亠	十	2	卒 率
亠	土	2	主 壅
亠	忄	2	忘 𠅤
亠	月	2	肓 育
亠	田	2	亩 畜
亠	见	3	颃 颏 颤
交	交	3	乂 交 爻
交	刀	2	刈 刹
交	卩	3	郄 郊 郗
享字头	卩	2	郭 鄗
享字头	又	2	敦 敲
享字头	子	2	亨 享
享字头	火	2	烹 熟
享字头	鸟	2	鹑 鹫
人	人	5	人 从 众 入 歙
人	刀	3	侴 创 刽
人	十	2	伞 斜
人	卩	3	命 郃 郐
人	口	2	合 舍
人	土	2	㙦 坐
人	忄	2	怂 悆
人	田	2	畬 畲
人	竖	2	个 介
人	艹	2	弇 龠
人	鸟	2	鸧 鸽
亻	丽	2	俩 俪
亻	乙	2	亿 仡
亻	二	2	仁 偁
亻	交	5	仪 伛 佼 使 便
亻	儿	4	佻 侁 倪 傥
亻	八	4	供 俱 傧 僎
亻	几	3	仉 伉 凭
亻	刀	4	份 例 侧 倒
亻	力	3	仂 伤 伪
亻	匕	8	仳 伦 伲 佗 佬 侂 侘 化
亻	匚	2	们 偈
亻	十	5	什 仵 俾 倬 华
亻	卩	2	仰 倻
亻	厶	3	仫 侩 偿
亻	又	11	仅 伎 侵 俊 俶 假 做 傲 傻 儆 攸
亻	口	15	伺 伽 佁 佑 佝 佶 佸 侗 侣 俗 倍 倘 倜 偌 僖
亻	土	7	仕 任 住 佳 垈 垡 堡
亻	大	6	伏 侠 俣 倏 偰 傒
亻	女	4	佞 倭 偃 偻
亻	子	2	仔 俘
亻	寸	9	仃 何 侍 俦 倚 停 傅 傉 僔
亻	小	3	你 倞 僚
亻	山	3	仙 倔 岱
亻	工	2	佐 倥
亻	已	2	伧 倦
亻	巾	2	佩 俙
亻	彡	2	修 僇
亻	忄	7	伈 佖 偬 偲 恁 悠 您
亻	戈	3	代 伐 俄
亻	扌	4	伴 佣 俑 俸
亻	折	3	侉 俜 偡
亻	撇	2	伊 俨
亻	方	2	仿 傍
亻	日	5	借 倡 储 僧 僭
亻	月	5	佾 侑 俏 倩 脩
亻	木	4	休 保 倮 傈
亻	横	7	伫 伾 但 体 作 倕 僵
亻	火	5	伙 倓 僬 儦 煲
亻	点	4	仗 仞 佟 俅
亻	牛	3	件 侔 牮
亻	田	4	伸 佃 俺 儡
亻	白	3	伯 佰 偕
亻	矢	4	佚 侯 俟 候
亻	示	2	倧 傺
亻	竖	5	仲 价 侃 侨 侪
亻	纟	2	伭 傃
亻	至	2	侄 偓
亻	艹	2	倴 偏
亻	衣	6	依 侬 俵 儇 儴 袋
亻	见	8	伣 侦 债 倾 偾 货 贷 赁
亻	讠	2	信 儋
亻	辶	2	侹 健
亻	里	2	俚 僮
亻	隹	3	傕 傩 催
亻	雨	2	偭 儒
亻	龙	2	优 僦
今	今	2	今 令
今	见	3	贪 领 颔
儿	儿	2	儿 兀
兔	兔	2	免 兔
八	习	3	䎖 翁 翦
八	八	2	八 谼
八	刀	4	分 判 前 剪
八	卩	5	爷 邠 郑 郤 鄫
八	又	4	叛 夔 攽 敝
八	口	2	兽 谷
八	土	2	坌 塑
八	大	3	关 奠 猷
八	忄	4	忿 总 慈 憋
八	日	3	普 曾 瞥
八	瓦	3	瓮 瓶 甑
八	皿	2	盆 益
八	艹	2	并 弊
八	见	3	贫 颁 颂
八	辶	7	迸 送 逆 遂 遒 道 遵
八	鸟	4	鹆 鹚 鹟 鹢
几	几	2	几 凡
几	刀	2	删 剁
几	又	2	凤 飕
几	口	2	周 飐
击	击	2	击 缶
刀	已	2	危 色
刀	见	2	负 𬱟
刀	辶	2	迢 迩
力	力	3	为 力 办
力	辶	2	边 迦
匕	匕	4	七 匕 比 毙
匕	见	4	顷 颍 颎 颖
匚	习	3	䎃 翳 阘
匚	交	3	冈 区 网
匚	人	6	内 欧 肉 闪 阂 阙
匚	儿	3	匹 阅 阋
匚	八	2	典 阗
匚	刀	2	刚 刨
匚	力	2	劬 勖
匚	匚	3	匈 巨 门
匚	卩	2	郇 郾
匚	厶	2	勾 闳
匚	又	3	阁 阌 阚
匚	口	9	冏 匼 匿 句 叵 同 问 闾 阔
匚	土	2	闺 𬮱
匚	大	3	央 阒 阕
匚	已	2	包 闿
匚	巾	2	匝 闹
匚	忄	2	慝 闷
匚	日	6	冒 旬 间 阇 阊 阍
匚	木	3	闲 阃 𫔶
匚	横	2	闩 阈
匚	点	2	勺 阏
匚	王	2	匡 闰
匚	田	6	匐 匣 甸 闸 阄 阉
匚	皿	2	盎 阖
匚	虫	2	蚩 闽
匚	讠	2	訇 訚
匚	辶	2	迥 闼
匚	鸟	5	鸥 鸯 鸲 鹇 𬸘
十	且	2	直 矗
十	习	3	翃 翅 翰
十	八	2	戴 真
十	力	2	勃 协
十	十	2	十 斡
十	卩	2	郁 𨙸
十	又	2	友 支
十	口	3	右 哉 啬
十	大	2	卖 献
十	子	2	存 孛
十	定字底	2	丧 疐
十	月	2	有 朝
十	点	3	丈 尥 尨
十	皿	2	尴 盔
十	见	5	觌 贲 赍 颠 𫠆
十	隹	2	截 雄
卜	几	2	虎 虤
卜	卜	2	卜 卡
卜	忄	2	忐 虑
卜	日	2	督 睿
卜	横	4	上 卣 虐 虚
卜	见	4	觇 觑 贞 颅
卜	辶	2	逴 遽
卧人	又	2	复 敏
卧人	竖	2	年 毓
卧人	辶	4	迄 迕 迤 迮
卩	人	2	队 陔
卩	儿	3	阮 院 𨺙
卩	击	2	陆 陶
卩	十	2	陴 障
卩	又	3	阪 陬 陵
卩	口	2	阽 陪
卩	土	5	坠 堕 陛 陞 陧
卩	大	2	陕 隩
卩	忄	2	隐 隳
卩	月	2	阴 隋
卩	横	3	卫 阼 陲
卩	白	2	陌 陷
卩	竖	2	阶 𬯀
卩	见	2	陨 𬯎
卩	车	2	阵 陈
卩	辶	3	迎 随 隧
卵	卵	3	卯 印 卵
厶	卩	2	邰 𨚕
厶	忄	2	怠 恿
厶	火	2	炱 熊
厶	辶	3	迨 通 逡
又	力	2	劝 务
又	又	5	久 又 双 叕 各
又	忄	2	怼 惫
又	点	2	冬 叉
又	虫	2	蚤 螽
又	见	2	观 颡
又	辶	2	逄 逢
又	隹	2	难 雒
口	乙	2	吃 呓
口	交	6	㕮 史 呕 咬 哎 哽
口	人	7	吹 呐 呙 咳 嗽 噘 噬
口	今	2	吟 呤
口	儿	3	兄 吮 咣
口	八	6	只 叭 哄 啸 嗔 噀
口	几	4	叽 吭 咒 唬
口	刀	7	别 剐 叨 吩 咧 唰 喇
口	力	7	勋 另 叻 呖 呦 唠 嘞
口	匕	7	叱 吒 吡 呢 呲 咤 唣
口	匚	3	啮 喝 噶
口	十	7	叶 哔 哗 啐 啤 嗥 斝
口	卜	3	卟 吓 咔
口	卩	11	叩 哪 唧 啷 嘟 郢 郧 鄂 鄙 𠳐 𫑡
口	又	16	㘎 叹 吱 呶 咯 唆 唛 啜 喀 嗄 嗖 嗫 嗳 嗷 嘬 嚄
口	口	20	口 吕 咍 咖 品 哃 哈 唔 啁 啥 喊 喏 嗐 嗒 嗣 嘻 器 嚆 嚚 嚣
口	土	6	吐 哇 唑 喹 嘡 噻
口	夕	4	哆 哕 啰 嗲
口	大	11	吠 吴 呋 呔 咉 咽 哭 唤 唳 嗅 噢
口	女	3	唼 喽 嘤
口	子	3	哮 哱 哼
口	定字底	3	啶 喂 嚏
口	寸	8	叮 呵 咛 啊 嗬 嘚 噂 嚼
口	小	2	嘁 嘹
口	山	2	咄 嘧
口	已	5	吧 呃 呛 咆 邑
口	巾	4	吊 咂 唏 啼
口	忄	8	吣 咇 唿 嗯 噫 忠 患 𫫇
口	戈	2	哦 嘎
口	折	3	号 吨 吼
口	撇	2	吵 咿
口	斤	3	听 哳 嘶
口	日	6	唱 啫 嗜 嘈 噌 噜
口	月	7	哨 唷 啃 喟 嗍 嘣 嘲
口	木	8	呆 咻 哚 啉 喋 嗓 嘛 噪
口	横	10	叼 呸 咋 咺 唾 喧 喳 嘘 噎 噔
口	母	2	呣 嗨
口	火	4	咴 啖 啾 噍
口	点	3	咚 哟 戢
口	牛	2	吽 哞
口	王	3	呈 哐 喤
口	田	6	呷 呻 唵 喵 黾 鼍
口	白	3	咱 啪 喈
口	皿	3	嗌 嗑 盅
口	矢	3	唉 喉 嗾
口	示	3	嘌 噤 嚓
口	禸	3	喁 嘱 噙
口	竖	6	中 串 叫 吖 吲 呼
口	纟	5	吆 咝 嗉 嗞 嗦
口	至	2	咥 喔
口	艮	2	哏 饕
口	虫	2	嗤 虽
口	衣	3	哝 嚷 囔
口	见	7	呗 员 唝 唢 啧 喷 颚
口	豕	4	啄 喙 噱 嚎
口	辶	3	哒 嗵 逞
口	里	3	哩 喱 噇
口	隹	2	唯 嚯
口	雨	2	喘 嚅
口	马	2	吗 骂
口	鸟	5	呜 鸣 鸮 鹃 鹗
古	儿	2	克 兢
古	又	2	嘏 故
古	鸟	2	鸪 鹕
向	向	4	向 囟 囱 身
向	折	2	粤 躬
囗	口	2	回 圄
囗	月	2	囿 圊
囗	雨	2	圌 圙
土	且	2	坥 埴
土	业无横	2	垭 壸
土	乙	2	圪 墘
土	争字底	2	垏 垱
土	交	2	埂 𫭟
土	人	4	坎 垓 埚 款
土	儿	3	垙 垸 境
土	几	2	坑 壳
土	力	6	劫 劼 坜 坳 墈 𫭼
土	勿	2	场 埸
土	匕	5	圫 坨 坭 垞 𫭢
土	匚	2	垴 堨
土	十	4	坪 埠 埤 鼙
土	卩	4	却 邽 邿 郝
土	厶	3	丢 去 坛
土	又	9	㙍 坂 垎 堎 墁 墩 赦 赧 鼓
土	变字头	2	赤 赫
土	口	15	吉 喆 喜 嘉 嚭 坫 坰 垌 垢 埫 培 塔 塘 墙 墡
土	土	8	土 圭 垚 堐 堙 堼 士 壬
土	大	2	块 堧
土	女	4	㙘 垵 堰 𪣻
土	寸	7	圢 坷 埒 埘 埼 寺 封
土	已	3	圮 圯 垲
土	干	3	圩 圲 垾
土	彡	2	彭 𪤗
土	忄	6	埝 志 恚 悫 憙 懿
土	扌	2	埇 墉
土	折	6	圬 坉 垮 城 堪 塆
土	斤	2	圻 坼
土	方	3	坊 塄 塝
土	日	6	堵 堾 增 瞽 赭 馨
土	月	2	堉 堋
土	木	3	垛 堞 墚
土	横	8	坦 坯 垣 域 埵 墟 壶 壹
土	止	2	址 堽
土	殳	6	塅 彀 榖 毂 縠 觳
土	氵	3	均 埭 𡐓
土	火	2	墕 熹
土	田	3	坤 埯 墦
土	皿	2	盍 盐
土	矢	2	埃 堠
土	艮	2	垠 埌
土	艹	2	弆 𡎚
土	衣	2	壤 袁
土	见	5	坝 埙 赪 颉 颋
土	辶	4	垯 埏 廷 逵
夕	且	2	殂 殖
夕	八	2	夤 殡
夕	口	2	名 殆
夕	夕	3	夕 多 歹
夕	大	2	殃 癸
夕	戈	2	戣 残
夕	日	2	殉 眢
夕	横	3	殛 殪 登
夕	火	3	炙 烈 然
夕	艮	3	飧 餐 餮
夕	见	2	殒 贸
夕	鸟	3	䴕 鸳 鹠
大	交	3	奁 爽 飙
大	刀	2	刳 剞
大	大	5	大 天 太 夫 犬
大	寸	2	夺 奇
大	忄	2	忝 态
大	日	2	奢 替
大	田	2	奄 奋
大	鸟	2	鹌 鹩
女	交	3	㛹 妪 姣
女	人	2	娲 胬
女	今	2	妗 姈
女	儿	2	妧 姚
女	力	2	努 妫
女	匕	6	妣 妮 姥 姹 婫 媲
女	十	3	娀 婢 嫜
女	南字心	2	婞 婻
女	厶	2	妘 嬷
女	又	9	奴 妓 娵 婌 媛 嫂 嫒 嫚 嫩
女	口	9	如 始 姞 姤 姶 婤 婼 嫱 嬉
女	土	3	妊 妞 娃
女	大	6	妖 姻 娱 媄 媆 媖
女	子	2	好 孥
女	定字底	2	娠 媞
女	寸	3	婀 婍 婷
女	小	2	嫄 嫽
女	已	4	妃 姽 婉 婘
女	巾	3	媂 嫦 帑
女	忄	4	媳 嫕 怒 恕
女	折	3	姱 娉 弩
女	撇	2	妙 姊
女	日	4	娼 婚 媚 孀
女	月	3	娟 婧 婿
女	木	2	娴 媒
女	未	2	妹 姝
女	横	5	妲 姗 姮 嬗 孅
女	火	2	嫣 嬿
女	点	3	妁 妭 婕
女	田	2	妯 婶
女	竖	2	娇 嫭
女	纟	2	嫘 絮
女	艹	2	妍 姘
女	衣	2	婊 嬛
女	马	2	妈 驽
子	子	4	了 子 孑 孖
子	辶	2	辽 逊
宀	九	2	宄 究
宀	儿	4	党 完 宪 窕
宀	八	4	冥 宾 寅 穴
宀	刀	4	剜 割 寡 窃
宀	力	2	穷 窈
宀	匕	2	它 宅
宀	卩	2	䣘 郓
宀	又	5	客 寂 寇 寝 敩
宀	口	9	啻 喾 宫 害 容 寤 窖 窘 豁
宀	土	2	堂 塞
宀	大	3	实 突 窦
宀	女	3	安 宴 窭
宀	子	2	字 学
宀	定字底	2	定 宸
宀	寸	4	冠 宁 守 寄
宀	小	2	寨 寮
宀	山	3	密 峃 窟
宀	巾	4	帘 帝 常 幂
宀	干	2	宇 罕
宀	忄	2	宓 窸
宀	扌	3	掌 搴 甯
宀	折	4	宬 穹 窀 窍
宀	月	2	宥 宵
宀	木	5	宋 案 棠 橐 窠
宀	横	3	写 宣 窄
宀	点	2	寁 寒
宀	爫	2	窊 窳
宀	牙	2	牚 穿
宀	田	3	宙 审 富
宀	石	2	宕 𬒈
宀	示	2	宗 察
宀	臣	2	宦 宧
宀	至	2	室 窒
宀	虫	2	蜜 蠹
宀	衣	5	农 囊 寰 裳 褰
宀	见	6	宽 窥 觉 赏 赛 额
宀	豕	2	冢 家
宀	辶	3	逭 遆 邃
宀	鸟	4	窎 鸩 鹤 𬸣
寸	寸	5	丁 可 哥 寸 才
小	小	2	小 尜
小	隹	2	耀 雀
尸	习	2	扇 翩
尸	刀	2	刷 劈
尸	匕	2	尼 屁
尸	又	2	屐 履
尸	口	4	启 局 扂 扃
尸	女	3	嬖 屡 屦
尸	寸	2	尉 屙
尸	尸	3	尸 尺 户
尸	日	2	屠 眉
尸	月	4	屑 肩 臀 臂
尸	木	2	棨 檗
尸	火	2	扊 熨
尸	点	2	尽 屣
尸	艹	2	屏 扁
尸	衣	2	扆 襞
尸	辶	3	迟 遍 避
尸	鸟	3	䴙 鸤 鹛
山	争字底	2	岿 峥
山	交	4	岖 岗 岚 峧
山	人	3	崁 嵌 嵚
山	今	2	岑 岭
山	刀	3	刿 剀 峛
山	力	2	崂 𫵷
山	匚	3	岠 崡 嶲
山	十	2	崒 嶂
山	卩	3	䢺 酅 酆
山	又	3	岐 峻 崚
山	口	7	㟃 岣 峒 峪 峿 嵅 嵩
山	古	2	岵 崮
山	大	2	峡 𪩘
山	女	3	崴 崾 嵝
山	寸	5	岢 峙 崎 崶 嶟
山	山	4	出 山 屾 崛
山	工	2	崆 嵯
山	已	4	屺 岂 岜 峗
山	戈	2	峨 巇
山	折	2	崿 嵁
山	日	3	峋 嵋 嶒
山	月	4	峭 崤 崩 嵴
山	木	2	嵘 嵲
山	横	5	屿 岞 峘 嵖 嶝
山	田	4	岫 岬 崦 嶓
山	示	2	崇 祟
山	竖	2	峤 𪨰
山	纟	2	嵫 幽
山	见	5	岘 巅 觊 颛 𫖮
山	豕	2	㠓 豳
山	车	2	岽 𪨶
山	辶	2	辿 遄
山	鬼	2	嵬 巍
巛	辶	2	巡 邋
工	力	2	功 劲
工	见	4	觋 贡 项 颈
已	已	4	己 已 巳 巴
巾	儿	2	帨 幌
巾	田	2	幅 幡
巾	见	2	帧 帻
师字旁	巾	2	帅 师
干	刀	2	刊 刮
干	卩	2	邗 邘
干	干	3	于 千 干
干	忄	2	憩 舔
干	辶	3	迁 迂 适
广	丰	2	廑 癃
广	交	2	疯 癀
广	人	10	仄 厥 庚 庾 疭 病 瘐 瘸 腐 𫷷
广	儿	2	厩 痹
广	刀	3	劂 厕 瘌
广	力	3	历 疬 痨
广	匕	3	庇 疵 瘪
广	十	3	庳 瘁 瘴
广	卩	6	廊 廓 疖 邝 鄌 鄘
广	又	10	厦 庋 废 度 庱 廋 廒 疚 瘕 瘦
广	口	8	唇 唐 店 痂 痞 痦 痴 瘩
广	土	6	庄 座 廛 疰 痤 瘗
广	大	3	厌 庆 痪
广	女	3	痿 瘘 瘿
广	子	2	厚 疗
广	寸	7	厅 厨 庤 疔 疴 痔 辱
广	小	2	原 应
广	尸	2	庐 庹
广	山	2	疝 癌
广	工	2	痉 瘥
广	已	5	厄 庖 疤 疮 疱
广	广	2	厂 广
广	彡	4	廖 疹 瘆 瘳
广	忄	5	愿 痣 瘛 瘾 癔
广	扌	4	庸 摩 痈 痛
广	日	2	厝 厢
广	月	2	瘠 膺
广	木	4	床 庥 痫 麻
广	横	4	疟 疸 痄 痘
广	殳	3	疫 瘢 癜
广	火	3	庶 疢 痰
广	点	4	压 厖 疼 瘀
广	片	2	痱 靡
广	田	5	厣 庙 庵 瘤 癗
广	矢	2	疾 瘊
广	示	3	廪 瘭 瘵
广	纟	3	痃 瘰 縻
广	羊	3	庠 痒 癣
广	艮	2	痕 餍
广	虫	3	䗪 瘙 蜃
广	见	6	庼 癞 癫 赓 赝 顾
广	车	2	厍 库
广	辶	2	庭 遮
广	隹	3	瘫 癯 雁
广	鬼	3	廆 魇 魔
广	鸟	3	鹒 鹧 鹰
广	龙	2	庞 疣
廿	交	2	鞭 黄
廿	八	2	共 其
廿	力	5	勒 勘 勚 勤 靿
廿	卩	3	䢼 邯 鄞
廿	口	2	鞳 黇
廿	土	2	基 鞋
廿	已	2	巷 靶
廿	廿	3	廿 甘 革
廿	忄	2	恭 惎
廿	扌	2	靽 鞴
廿	折	2	世 甚
廿	斤	2	斯 靳
廿	月	2	期 鞘
廿	木	2	某 鞣
廿	见	2	觐 贳
廿	讠	2	鞫 韂
廿	辶	2	鞑 鞬
彳	又	4	微 徵 徼 徽
彳	口	2	徊 徜
彳	寸	3	待 得 徛
彳	忄	2	德 惩
彳	日	2	徇 循
忄	丰	3	性 惺 慬
忄	交	2	怄 恔
忄	儿	4	忱 恍 悦 慨
忄	八	2	惧 慎
忄	刀	2	忉 恻
忄	十	4	忤 怦 悴 悼
忄	厶	2	忪 怯
忄	又	8	㥄 忮 恪 悛 惙 愎 慑 慢
忄	口	9	怊 怡 恫 恬 恰 悟 惆 惝 惦
忄	土	3	忸 怪 悭
忄	大	5	快 怏 恹 惬 懊
忄	子	3	悖 悸 惇
忄	寸	2	忖 恃
忄	小	3	惊 憬 憭
忄	已	4	怆 恺 悒 惋
忄	干	2	忏 悍
忄	忄	4	心 必 惚 憾
忄	扌	2	怿 慵
忄	折	4	忙 忳 惘 愕
忄	斤	2	忻 惭
忄	日	6	恂 惛 惜 愭 憎 懵
忄	月	3	悄 情 惰
忄	横	5	怍 怛 恒 愃 憕
忄	火	4	恢 惔 愀 憔
忄	点	2	怀 怵
忄	白	2	怕 慆
忄	皿	2	恤 愠
忄	示	2	悰 懔
忄	竖	2	忡 慌
忄	艮	2	恨 悢
忄	见	4	惯 愤 愦 懒
忄	里	3	悝 憧 懂
忄	雨	3	惴 愐 懦
戈	刀	2	划 刬
戈	忄	3	忒 惑 感
戈	戈	4	弋 戈 戊 戋
戈	横	2	戌 或
戈	皿	2	盏 盛
扌	乃	2	扔 携
扌	争字底	3	扫 挡 挣
扌	人	3	掀 揿 撅
扌	儿	2	挑 擤
扌	八	4	扒 拱 摈 撰
扌	几	2	抗 搋
扌	击	2	掏 摇
扌	刀	3	扮 捌 捯
扌	力	7	㧑 势 抛 拐 拗 捞 掳
扌	匕	4	托 批 抡 挓
扌	匚	4	㧟 扪 拒 揭
扌	十	6	抖 抨 捭 捽 掉 摔
扌	卜	3	扑 抃 拤
扌	卩	4	抑 挪 掷 揶
扌	又	19	㧐 扳 技 报 拨 掇 授 援 搁 搜 摄 撂 撇 撒 撖 撤 撮 擞 攫
扌	口	16	哲 扣 抬 拈 拘 招 括 拮 拾 捂 捃 掂 掊 搞 搪 搭
扌	土	6	垫 扭 拄 挂 挫 捏
扌	夕	2	拶 掖
扌	大	8	扶 抉 挟 换 捩 揆 揍 揳
扌	女	5	按 接 揠 搂 撄
扌	定字底	3	振 提 搌
扌	寸	8	打 拧 持 挦 捋 掎 搏 撙
扌	小	3	掠 搽 撩
扌	山	2	拙 掘
扌	工	4	扛 拭 控 搓
扌	已	5	扼 把 抢 抱 挹
扌	干	4	扞 扦 捍 擀
扌	忄	5	捻 掭 摁 摅 撼
扌	扌	8	手 拌 拥 择 挚 捅 捧 撑
扌	折	6	扎 扽 拷 挎 揕 摴
扌	撇	2	抄 拽
扌	斤	3	折 拆 撕
扌	日	4	指 措 撸 晢
扌	月	4	捎 捐 掮 搠
扌	木	5	捆 探 揉 搡 操
扌	横	6	拃 担 拯 捶 揸 擅
扌	殳	2	投 搬
扌	氏	2	扺 抵
扌	火	4	掞 揪 摭 热
扌	点	4	抔 拔 捷 搀
扌	王	2	拴 掴
扌	田	8	抻 押 抽 掩 描 搐 播 擂
扌	白	5	拍 掐 插 揩 摏
扌	示	3	捺 摽 擦
扌	禸	2	摛 擒
扌	竖	2	挤 撺
扌	纟	3	摞 攥 絷
扌	艹	2	拼 摒
扌	虫	3	搔 蛰 蜇
扌	衣	3	擐 攘 攮
扌	见	7	损 掼 揽 搅 撷 攒 贽
扌	足	2	捉 踅
扌	车	3	拣 挥 撵
扌	辶	5	挝 挞 挺 擿 逝
扌	隹	5	推 摊 摧 擢 攉
扌	鸟	2	捣 鸷
扌	龙	2	扰 拢
折	厶	2	厾 弘
折	又	5	发 叚 弢 收 敢
折	口	2	司 弨
折	大	2	买 夬
折	小	2	弥 弶
折	折	5	乜 弓 弼 粥 飞
折	横	3	丞 刁 疆
折	竖	2	引 疏
折	虫	2	强 虱
折	辶	2	迅 遐
撇	丰	2	生 甡
撇	卩	2	郈 鄅
撇	日	2	盾 眚
撇	殳	2	段 殷
撇	辶	4	延 返 逅 遁
撇	鸟	2	䴘 鹅
文	刀	2	刘 剂
斤	斤	2	斤 斥
日	人	4	昃 昺 晐 歇
日	儿	5	晁 晃 眈 眺 睨
日	八	4	晪 暝 瞋 瞑
日	刀	2	剔 盼
日	勿	3	旸 昒 易
日	匕	4	匙 昆 昵 眦
日	十	7	早 旿 晔 晫 暲 睥 瞫
日	卩	2	昂 𨟠
日	又	14	㬊 㬚 昄 晙 暇 暖 暧 暾 曼 最 睃 瞍 瞰 矍
日	口	8	昫 昭 晗 晤 晷 暿 眙 瞎
日	土	4	眭 睚 睦 瞠
日	夕	2	夥 眵
日	大	5	昊 映 暌 暵 睽
日	女	2	䁖 晏
日	定字底	3	是 晨 暶
日	寸	2	时 盯
日	小	3	景 晾 瞭
日	巾	2	晞 睎
日	干	4	旰 旱 旴 盱
日	彡	2	影 昣
日	折	5	晟 曦 盹 眄 鼎
日	撇	2	曳 眇
日	斤	2	昕 晰
日	日	7	日 昌 晶 暑 曰 目 睹
日	月	4	明 晴 睄 睛
日	木	2	杲 果
日	横	8	旦 昨 显 晅 暄 暅 睡 瞪
日	毛	2	氍 眊
日	氵	2	昀 盷
日	火	7	㬎 晱 炅 煦 照 瞅 瞧
日	王	2	旺 眶
日	皿	3	曙 盟 瞌
日	禸	2	瞩 禺
日	纟	2	昡 眩
日	艮	2	㫰 眼
日	艹	2	昇 昪
日	见	6	颗 题 颙 颢 𪾢 𬀪
日	车	2	晕 晖
日	辶	4	暹 遇 遏 遢
日	里	3	曈 瞳 量
日	降下角	2	瞬 瞵
日	隹	3	曜 睢 瞿
日	韦	2	韪 𬀩
日	鸟	3	䴗 鹍 鹖
日	龙	2	昽 眬
月	丰	2	胜 腥
月	人	5	肭 肷 胲 脶 腴
月	儿	4	朓 胱 脘 脱
月	八	2	腆 膑
月	几	2	肌 肮
月	力	2	肋 胁
月	匚	2	胸 脑
月	十	2	肸 脾
月	厶	3	肱 胠 脍
月	又	5	服 肢 胳 腹 臌
月	口	4	朐 胎 胴 膳
月	土	5	塍 肚 脏 脞 膛
月	大	5	朕 肤 肽 胭 腠
月	女	4	媵 胺 腰 𦝼
月	子	2	脖 脬
月	寸	3	肘 脟 膊
月	工	3	肛 胫 腔
月	已	4	肥 胞 脆 腕
月	彡	2	胗 膨
月	忄	2	腮 臆
月	折	5	甩 肟 肫 胯 腭
月	方	2	肪 膀
月	日	3	脂 腊 腯
月	月	3	月 朋 腈
月	横	4	胆 胙 胚 膻
月	氵	4	滕 脲 腺 膝
月	田	3	胂 胛 腌
月	示	3	䏡 腙 膘
月	竖	2	肿 脐
月	虫	2	膙 螣
月	衣	2	脓 脿
月	见	2	腻 臜
月	豕	2	朦 豚
月	辶	2	腱 腿
月	雨	3	腨 腼 臑
木	业无横	2	桠 椪
木	习	2	栩 榻
木	交	7	㭎 枢 枫 校 梗 楩 横
木	人	5	枘 枞 柄 核 橛
木	今	3	柃 梣 棽
木	儿	8	杌 枕 柷 桃 桄 棁 概 𣗋
木	八	5	朳 枳 梌 棋 槟
木	几	3	机 杭 梵
木	力	2	朸 枥
木	匕	4	枇 柁 栳 棍
木	十	10	杵 枰 桦 棹 椑 榫 槔 槲 樟 櫆
木	卩	5	栉 梆 椰 榔 郴
木	厶	4	㭕 松 构 桧
木	又	11	权 板 枚 枝 柩 格 梭 棱 椒 橄 檄
木	口	17	杏 枷 枸 柖 栝 桐 桔 梏 梠 梧 棓 椆 榈 榕 槁 樯 橘
木	土	7	杜 杻 柱 柽 桂 桩 樘
木	夕	2	梦 椤
木	大	5	杕 椟 楔 樊 𬂩
木	女	4	婪 桉 楼 樱
木	子	4	李 桲 桴 椁
木	寸	12	材 村 柠 柯 树 梼 椅 榑 榭 樽 橱 欂
木	小	4	椋 榇 槭 橑
木	工	3	杠 栻 槎
木	已	9	杞 杷 枪 枹 栀 桅 桤 棬 椀
木	巾	2	柿 棉
木	干	2	杄 杆
木	彡	2	彬 杉
木	忄	5	想 懋 梽 楒 橞
木	戈	3	杙 栈 樾
木	扌	5	攀 柈 桶 棒 榉
木	折	8	札 朽 杧 枍 枵 栲 椹 樗
木	撇	2	杪 桫
木	斤	2	析 柝
木	方	3	枋 楞 榜
木	日	12	杳 栒 棤 椿 楣 楮 楯 榰 槠 槽 橹 相
木	月	4	梢 棚 椭 榍
木	木	6	木 林 森 棵 楙 楪
木	横	13	本 柞 查 栅 桓 棫 棰 楂 楦 榨 榱 橙 檀
木	氵	2	㰀 棣
木	火	7	杰 棂 棪 楸 槱 樵 焚
木	点	6	术 杈 杓 杖 杯 柊
木	牛	2	樨 檞
木	王	4	枉 栓 框 桯
木	田	5	柙 柚 榃 榴 檑
木	白	4	柏 桕 楷 皙
木	皿	3	楹 榅 槛
木	示	6	柰 标 棕 檩 檫 禁
木	竖	2	桥 梳
木	艮	2	根 桹
木	艹	3	枅 栟 械
木	见	5	枧 桢 榄 槚 𬃊
木	豕	4	椓 椽 橼 檬
木	辶	6	梃 梴 梿 楗 槌 述
木	隹	2	椎 榷
未	未	3	未 末 朱
束	刀	2	刺 剌
束	束	3	束 柬 棘
横	争字底	2	事 肆
横	二	2	再 髯
横	交	2	吏 更
横	人	2	丙 欤
横	儿	3	亓 元 髡
横	八	2	鬒 鬓
横	刀	3	刑 剅 副
横	十	2	平 斠
横	卩	7	邢 邨 邳 邴 郏 郪 鄢
横	又	5	夏 政 救 豉 鬘
横	口	3	否 髫 髻
横	土	3	型 墼 髽
横	已	2	豌 鬈
横	忄	2	忑 惠
横	折	5	万 丏 丐 屯 鬣
横	横	5	一 与 丕 亘 豆
横	止	3	正 武 歪
横	火	3	灭 焉 鬏
横	点	2	不 求
横	白	2	百 皕
横	衣	2	裘 鬟
横	见	4	觏 顽 顿 颊
横	辶	8	迈 还 远 逑 逗 逼 遘 遭
横	鸟	2	䴓 鹉
止	匕	3	此 龀 龇
止	口	2	龆 龉
止	见	2	赀 频
母	母	3	毋 毌 母
毛	日	2	氆 氇
毛	毛	2	毛 毳
氏	氏	2	氏 氐
氵	丰	4	沣 浲 湃 漋
氵	习	3	溻 滃 瀚
氵	争字底	3	冱 净 津
氵	交	6	㳇 沤 沨 洨 浭 潢
氵	人	6	㵐 次 汭 泅 涡 漱
氵	今	4	冷 泠 涔 澪
氵	儿	15	㳘 兆 况 冼 沅 沇 沈 洗 洮 洸 浣 淠 溉 滉 濞
氵	八	13	洪 浜 涂 淇 淟 溟 滁 滇 滨 演 潇 潩 瀵
氵	几	2	沆 沉
氵	刀	9	冽 汾 沏 洌 测 浏 涮 湔 瀱
氵	力	5	沥 沩 泐 涝 渤
氵	匕	6	沘 沦 沱 泚 泥 混
氵	匚	5	凼 汇 汹 涵 渴
氵	十	8	汁 汛 泙 浒 淖 淬 漳 潭
氵	厶	8	凇 沄 沟 泓 法 浍 淞 滚
氵	又	26	凌 汉 泼 洛 浚 浟 浸 淑 渡 湲 溆 溦 溲 滠 滧 漖 漫 潋 潞 潵 澂 澈 澉 激 濩 鼗
氵	口	31	冶 凋 减 呇 咨 治 沼 沾 沿 泂 泃 泇 洁 洄 洞 洳 洺 活 洽 浛 浩 浯 浴 涪 淌 湉 溏 溚 溶 滘 潏
氵	古	2	沽 涸
氵	土	7	注 洼 涅 涯 淫 湮 瀍
氵	夕	2	汐 液
氵	大	15	决 凑 汰 沃 泱 洇 洑 浃 涣 淏 渎 渼 溪 溴 澳
氵	女	8	凄 姿 娑 婆 汝 溇 漤 瀛
氵	子	6	浡 浮 涍 淳 游 潺
氵	定字底	5	凝 淀 湜 漩 濋
氵	寸	10	汀 河 泞 浔 涛 渟 溥 溽 漪 澍
氵	小	4	凉 涤 源 潦
氵	尸	2	沪 泸
氵	工	4	冮 江 泾 溠
氵	已	11	氾 汜 沧 泡 洈 浥 涴 淝 港 滟 潖
氵	巾	4	沛 浉 浠 滞
氵	廿	2	㽏 泔
氵	彡	3	渗 漻 澎
氵	忄	9	㴔 恣 懑 沁 泌 淴 添 滤 漶
氵	戈	3	浅 涐 溅
氵	扌	4	挲 泮 泽 涌
氵	折	10	污 沌 沔 泄 洘 洿 涄 湛 湾 𬇕
氵	撇	5	沙 洢 浐 涉 渺
氵	斤	6	凘 沂 浙 淅 渐 澌
氵	日	16	汨 汩 沓 泪 洵 涧 渚 湄 湘 湣 溍 漕 潜 潴 潽 澛
氵	月	17	洧 消 涓 淆 淜 淯 清 渭 湑 湖 溯 滫 潮 潲 潸 灞 脊
氵	木	13	凓 柒 染 梁 沐 淋 深 渠 渫 溁 溧 滦 澡
氵	未	2	沫 洙
氵	束	3	洓 涑 澜
氵	横	10	汈 泻 洹 渣 渲 湿 澄 澧 澶 瀣
氵	止	2	沚 涩
氵	殳	3	没 溵 瀔
氵	氏	2	泜 派
氵	氵	6	冰 水 淼 渌 溺 漆
氵	永	2	泳 漾
氵	火	6	淡 湫 漹 潟 瀌 烫
氵	点	6	㳚 汊 汋 沭 浕 淤
氵	王	8	汪 洭 润 湟 滢 瑬 𬇹 𬍡
氵	田	7	油 沺 淄 淹 渑 溜 潘
氵	白	4	泊 洎 湝 滔
氵	皿	8	泗 洫 温 湓 溘 溢 滥 盗
氵	示	5	凛 淙 漂 漈 漴
氵	竖	5	冲 流 济 渊 滹
氵	米	3	洣 粢 粱
氵	纟	5	泫 溹 滋 漯 潆
氵	艹	5	汧 洴 渰 漭 瀹
氵	虫	3	浊 溞 滍
氵	衣	4	浓 澴 瀼 裟
氵	西	2	洒 酒
氵	见	12	浈 涢 渍 溃 滪 濑 濒 灏 资 𣸣 𫖯 𬇙
氵	豕	4	涿 溷 澽 濠
氵	车	2	冻 浑
氵	辛	2	滓 澼
氵	辶	3	涎 涟 逃
氵	里	2	浬 潼
氵	钅	4	淦 滏 鋈 鎏
氵	降下角	2	洚 潾
氵	隹	10	准 淮 滩 漼 潍 澭 濉 濯 灈 灌
氵	雨	4	湍 湎 漏 濡
氵	韦	2	涠 𣲗
氵	鱼	2	渔 鲨
氵	鸟	2	鸿 鹡
火	丰	2	烽 煋
火	习	2	煽 熻
火	人	3	欻 炊 炳
火	八	2	炽 烘
火	十	2	烨 焯
火	又	2	烙 焌
火	口	9	炯 烔 焐 焓 焗 焙 熇 熔 燏
火	土	3	灶 炷 煃
火	大	4	炔 烟 焕 燠
火	寸	4	灯 炣 爝 𬊈
火	已	2	炝 炮
火	忄	3	焖 熄 熜
火	折	4	炖 烤 煁 爔
火	月	4	烠 焆 煟 煳
火	木	3	煤 燊 燥
火	横	4	炟 炸 烜 煊
火	火	6	火 炎 焱 燃 燋 燚
火	点	2	灼 烬
火	田	2	熘 燔
火	白	2	焰 熠
火	竖	2	炌 烀
火	艹	2	煸 爚
火	辶	5	烶 烻 煺 熥 燧
火	隹	2	㸌 爟
爫	卩	2	郛 鄱
爫	又	3	受 爰 爱
爫	爫	3	爪 瓜 采
爫	田	2	番 釉
爫	鸟	2	鹞 𬸪
片	大	4	奖 奘 牍 状
片	寸	2	将 牁
片	木	3	桨 棐 牒
片	片	3	爿 片 非
片	衣	2	装 裴
牛	卩	2	郜 酂
牛	口	4	告 牾 牿 犒
牛	寸	2	特 犄
牛	牛	2	牛 犇
牛	辶	3	犍 选 造
犭	儿	3	狁 猊 獍
犭	十	3	狨 猝 獐
犭	又	2	狻 玃
犭	口	2	狗 猞
犭	土	2	狃 狴
犭	大	3	狭 狱 猰
犭	寸	3	狞 狩 猗
犭	小	5	狝 狲 猄 猕 獠
犭	已	2	犯 狍
犭	日	3	猎 猖 猪
犭	月	4	狷 猜 猢 猬
犭	木	2	橥 猱
犭	横	2	狉 猹
犭	田	2	狎 猫
犭	艮	2	狠 狼
犭	见	2	狈 獭
犭	辶	2	逖 逛
犭	鸟	2	𫛭 𬸚
王	丰	3	玤 瑆 瑾
王	争字底	3	珒 珰 琤
王	今	2	玲 琴
王	儿	4	玩 珖 珧 珫
王	八	3	珙 琪 瑱
王	几	2	玑 琥
王	刀	2	玢 班
王	匕	4	玭 玼 琨 琵
王	十	2	玶 璋
王	又	12	玖 玫 珞 琡 瑕 瑗 瑷 璈 璐 璥 璬 𤫉
王	口	9	噩 玷 玿 珈 珸 珺 琀 瑢 瑭
王	向	2	珦 瑙
王	大	4	玞 玦 瑛 𤩽
王	定字底	3	琔 瑅 璇
王	寸	4	玎 珂 琦 𬍤
王	小	2	琼 璟
王	工	2	玒 瑳
王	已	4	玘 玱 琬 琶
王	彡	2	珍 璆
王	忄	4	珌 瑟 璁 璱
王	折	2	㻬 珹
王	文	2	斑 玟
王	日	5	珣 瑁 瑂 瑃 瑨
王	月	4	玥 珛 琄 瑚
王	木	3	琛 琳 璪
王	横	5	玙 珊 瑄 璒 璮
王	氵	2	琭 瑔
王	点	3	玓 环 球
王	王	5	玉 王 珏 珵 瑝
王	田	2	珅 璠
王	禸	2	瑀 璃
王	竖	2	玠 琉
王	艮	2	珢 琅
王	见	4	现 琐 瓒 顼
王	豕	3	琢 瑑 璩
王	辶	4	珽 琎 琏 璲
王	隹	3	琟 璀 瓘
王	雨	2	瑞 瓀
田	又	4	畈 畋 略 畯
田	寸	4	町 畤 畴 畸
田	彡	2	畛 疁
田	月	2	胃 胄
田	田	5	田 由 甲 申 电
田	竖	2	曲 界
白	儿	4	㿠 兜 皖 鼻
白	刀	2	劓 鼢
白	十	3	卑 皋 皞
白	又	4	叟 敫 皈 皦
白	口	4	皓 鼩 鼯 齁
白	大	2	臭 鼷
白	折	2	癿 鼠
白	田	2	皤 鼬
白	白	4	白 皛 自 臼
白	辶	3	迫 遑 邀
皿	刀	2	罚 罽
皿	点	2	罘 衃
皿	田	2	罨 罶
皿	皿	4	四 皿 署 血
矢	日	2	智 矰
矢	矢	2	失 矢
矢	竖	2	矧 矫
石	交	3	砜 砹 硬
石	八	2	硔 碘
石	几	2	矶 矾
石	刀	2	砌 硎
石	匕	2	砒 砣
石	十	4	砰 碎 碑 磹
石	厶	2	砝 磙
石	又	2	硌 礅
石	口	5	砧 硐 碉 碚 碱
石	土	2	砫 硅
石	大	4	砄 砆 硖 碶
石	定字底	3	碇 碨 碾
石	寸	2	碍 礴
石	工	5	矼 砼 硁 硿 磋
石	已	3	硊 硙 碗
石	巾	2	砸 碲
石	折	3	砘 硭 𥔲
石	日	4	碈 碏 礵 𥕢
石	月	4	硝 硼 碃 𬒔
石	木	5	碟 磉 磔 磲 𥖨
石	横	6	砟 砵 碴 碹 磴 礓
石	氵	2	泵 碌
石	火	2	碳 礁
石	田	3	砷 磻 礌
石	石	2	石 磊
石	竖	2	硚 硫
石	艹	2	研 碥
石	见	4	砚 硕 碛 𬒗
礻	习	2	禤 褟
礻	人	2	祸 衲
礻	儿	2	祝 祧
礻	八	2	祺 禛
礻	卜	2	补 褂
礻	厶	2	祛 袪
礻	又	5	祲 祾 袯 袼 裰
礻	口	7	祐 祠 禧 袷 裕 裙 褡
礻	土	3	社 禋 衽
礻	大	5	祆 禊 袂 袄 袱
礻	寸	3	祷 衬 褥
礻	已	2	祀 袍
礻	巾	2	禘 褯
礻	彡	2	衫 袗
礻	扌	2	袢 襻
礻	日	2	裥 褚
礻	木	3	祼 裸 褓
礻	横	2	祚 袒
礻	氏	2	祇 祗
礻	点	2	祓 衩
礻	田	3	神 福 袖
礻	白	2	褶 襫
礻	衣	2	禳 裱
礻	见	3	祯 视 𫌀
礻	车	2	裈 裤
礻	辶	3	裢 褪 襚
礻	韦	2	祎 袆
禾	且	2	租 稙
禾	八	3	积 稌 稹
禾	匕	2	乘 秕
禾	十	3	科 秤 稗
禾	又	2	稷 馥
禾	口	7	和 秸 稆 稠 稿 穑 黏
禾	夕	2	移 秽
禾	子	3	季 稃 馞
禾	彡	2	䅟 穆
禾	忄	6	愁 秘 稔 稳 穗 馝
禾	撇	2	秒 秭
禾	日	2	稽 香
禾	氵	2	黍 黎
禾	皿	2	盉 馧
禾	衣	2	秾 穰
禾	辶	3	穟 透 逶
立	习	2	翊 𦒍
立	口	2	竘 站
立	束	2	竦 辣
竖	横	2	凸 凹
竹	争字底	2	筜 筝
竹	二	2	竺 篝
竹	交	2	筻 簧
竹	人	2	筮 簌
竹	儿	4	筅 筦 箅 篼
竹	八	2	箕 箫
竹	几	2	筑 篪
竹	刀	2	劄 箭
竹	力	2	筋 簕
竹	十	3	筚 簟 簰
竹	又	2	笯 筱
竹	口	14	笞 笤 笥 笱 笳 笸 筒 答 筘 筥 筶 箬 箴 篙
竹	夕	2	箩 簃
竹	大	3	笑 筷 箧
竹	寸	3	等 筹 簿
竹	已	3	笆 筢 箢
竹	巾	2	筛 箍
竹	干	2	竽 竿
竹	戈	3	笺 筏 篯
竹	撇	2	笋 笫
竹	日	5	简 箱 箸 簪 籍
竹	月	2	筲 箐
竹	木	2	箖 篥
竹	横	3	笨 笪 笮
竹	氵	2	筠 箓
竹	王	3	筌 筐 篁
竹	田	2	笛 籀
竹	皿	3	篮 簋 簠
竹	矢	2	篌 簇
竹	艹	4	笄 算 篇 籥
竹	见	6	笕 筼 箦 篑 籁 𬕂
竹	辶	4	笾 筵 篷 簉
米	十	2	料 粹
米	又	2	敉 数
米	口	2	粘 糖
米	大	2	类 糗
米	日	2	糌 糟
米	月	3	精 糈 糊
米	木	2	粿 糅
米	辶	3	糙 迷 遴
纟	交	3	纲 绞 绠
纟	人	2	纳 纵
纟	儿	3	统 𬘘 𬘫
纟	八	4	织 缜 缤 𬙂
纟	匕	3	纰 纶 绲
纟	十	2	绒 绰
纟	厶	3	纭 纮 绘
纟	又	7	络 绫 绶 缀 缓 缦 缴
纟	口	13	䌹 绍 绐 结 给 绤 绱 绸 绺 缄 缟 缮 辔
纟	土	3	纴 纽 𬙊
纟	大	2	续 𬘡
纟	女	3	绥 缕 缨
纟	定字底	2	绽 缇
纟	寸	4	纣 绮 缚 缛
纟	小	3	绦 缭 𫟅
纟	工	2	红 经
纟	已	3	纪 绝 绻
纟	巾	3	绵 缔 𫄨
纟	干	2	纡 纤
纟	廿	2	绀 缂
纟	忄	2	缌 𫄷
纟	扌	2	绊 绎
纟	折	5	幻 纯 绁 绔 继
纟	撇	2	纱 缈
纟	日	6	绚 绪 缃 缗 缙 缯
纟	月	4	绡 绢 绷 𬘬
纟	木	3	缫 缲 𬘭
纟	横	3	纻 缞 缰
纟	氵	2	绿 缐
纟	点	4	约 纫 绂 终
纟	田	5	畿 绅 细 绳 缁
纟	皿	2	缊 缢
纟	示	2	综 缥
纟	竖	2	纠 纼
纟	纟	4	丝 乡 幺 缧
纟	衣	2	缳 𬙋
纟	见	4	绩 缆 缬 缵
纟	辶	5	缒 缝 缱 𫄧 𬘩
纟	雨	2	缅 𦈡
美字头	又	2	羑 羧
美字头	大	3	奏 美 羹
美字头	工	2	差 羟
美字头	已	2	卷 羓
美字头	扌	3	奉 拳 掰
美字头	日	4	春 看 眷 着
美字头	火	2	羔 羰
美字头	鱼	2	鲝 鲞
耂	日	2	者 耆
耳	卩	2	耶 鄹
耳	又	2	取 聂
耳	寸	2	耵 聍
耳	见	2	聩 颞
臣	见	2	赜 颐
舟	匕	2	舭 舵
舟	已	2	舥 舱
舟	白	2	舶 艏
舟	皿	2	盘 艋
艮	土	2	垦 堲
艹	且	2	苴 菹
艹	乃	2	艿 莠
艹	九	2	艽 芄
艹	交	2	艾 茭
艹	人	10	芡 芮 苁 茨 荄 莰 莴 萸 蔌 蕨
艹	今	2	芩 苓
艹	儿	6	芫 苉 茺 莞 蔸 藐
艹	八	7	茓 荼 萁 萧 蓂 蕻 𦭜
艹	击	2	䓨 萄
艹	刀	6	劐 芬 荆 莿 蒯 蓟
艹	力	6	䓖 劳 苈 苏 荔 𫇭
艹	勿	2	芴 荡
艹	匕	6	芘 花 茈 荖 蓖 薨
艹	匚	4	苣 菡 葛 蔼
艹	十	9	䓬 苹 茕 草 荜 萃 萆 萍 蕈
艹	卩	4	节 蔀 鄀 𦰡
艹	卵	2	茆 茚
艹	厶	3	芸 荟 菘
艹	又	17	敬 芰 莜 菔 菱 菽 落 葭 葰 蔓 蔹 蔻 蔽 蕗 蕞 薇 薮
艹	口	23	苔 苕 苘 苟 若 苫 茄 茗 茴 茹 茼 莒 莙 菩 萜 营 葴 蒟 蒿 蓉 蓓 蔷 𬜬
艹	古	2	苦 菇
艹	土	6	芏 茌 茔 茬 荏 莝
艹	大	12	芙 英 茯 茵 荚 荬 获 葖 葜 葵 薁 蘅
艹	女	5	荽 萋 萎 葳 蒌
艹	子	4	孽 荐 荸 莩
艹	定字底	2	萣 薿
艹	寸	16	䓫 苛 苧 荨 荮 荷 莳 菏 葑 葶 蒄 蒋 蓐 蔚 薄 薅
艹	小	2	茶 荪
艹	山	2	䓛 茁
艹	工	3	茎 茳 荭
艹	已	9	芑 芭 苊 苍 苑 苞 范 菀 葩
艹	巾	3	带 芾 蒂
艹	干	3	芊 芋 蔊
艹	忄	10	惹 芯 苾 菍 葱 葸 蒽 蕊 蕙 薏
艹	戈	2	茂 莪
艹	扌	3	擎 萚 藦
艹	折	7	芎 芒 芤 茫 莼 萼 葚
艹	撇	3	茅 莎 萨
艹	斤	4	芹 菥 蕲 薪
艹	方	2	芳 蒡
艹	日	8	瞢 苜 荀 菖 著 葙 蓍 藉
艹	月	7	荫 菁 萌 葫 蒨 蒴 蓢
艹	木	8	棻 檠 荣 葆 蕖 藁 藻 蘖
艹	未	2	茉 茱
艹	横	7	苎 苤 苯 荁 萱 蓑 薤
艹	氏	3	芪 茋 蒎
艹	氵	5	荥 菉 蒻 藜 藤
艹	火	11	爇 荧 荻 菼 萩 蒸 蔗 蔫 蕉 藨 蘸
艹	点	9	芍 芣 荩 药 菂 菝 蓰 蔑 蕺
艹	爫	3	菜 菰 蓏
艹	片	2	菲 蘼
艹	牛	2	荦 薢
艹	王	2	荃 莹
艹	甫	4	莆 葡 蒱 蒲
艹	田	6	苗 蓄 蕃 蕾 藟 藩
艹	白	4	萏 蒈 蓿 藠
艹	皿	4	蓝 蕰 蕴 薯
艹	矢	2	蒺 蔟
艹	石	2	菪 蘑
艹	示	5	萘 蒜 蔈 蔡 薸
艹	禸	2	蓠 藕
艹	禾	2	菌 蓁
艹	竖	6	芥 茽 荒 荞 荠 蔬
艹	米	2	糵 菊
艹	纟	3	芗 萦 蘩
艹	耳	2	茸 葺
艹	臣	2	茝 藏
艹	艮	3	茛 莨 蒗
艹	艹	5	卅 荓 莽 萹 葬
艹	虫	3	茧 萤 蔃
艹	见	7	苋 蒇 蒉 蓣 颟 颧 𬞟
艹	辛	3	莘 薛 薜
艹	辶	6	荙 莛 莲 蓬 薳 蘧
艹	隹	4	萑 蔺 蕹 藿
艹	鸟	6	茑 莺 鹋 鹲 鹳 𬟁
艹	龙	2	茏 莸
虫	丰	2	蚌 蜂
虫	交	3	蚁 蛟 蟥
虫	人	3	蚋 蛃 蜗
虫	八	4	蜍 蜞 螟 蟏
虫	力	2	蚴 蜐
虫	匕	2	蚍 蛇
虫	十	7	蚪 蚲 蜱 蝌 蟀 蟑 蟫
虫	又	4	蝮 螋 蠖 蠼
虫	口	7	蛔 蛞 蛤 蜘 蜩 螗 蟮
虫	土	5	蛀 蛏 蛙 蝰 螳
虫	大	3	蚨 蛱 蜈
虫	女	2	蝘 蝼
虫	子	3	虸 蜉 蝣
虫	已	3	蚆 蜷 蜿
虫	巾	2	䗖 蛳
虫	忄	3	螅 蟋 蟪
虫	折	3	虬 虻 蜣
虫	方	2	蚄 螃
虫	日	3	蜡 蝽 螬
虫	月	5	䗛 蛸 蜎 蜻 蝴
虫	木	3	蜾 蝶 蝾
虫	横	2	蚱 蜮
虫	王	2	蝈 蝗
虫	田	4	蚰 蝇 蝠 蟠
虫	皿	3	蛊 蜢 螠
虫	竖	4	蚓 蚧 蛐 蛴
虫	艹	2	蝙 蟒
虫	虫	2	虫 蠋
虫	见	2	蚬 贵
虫	辶	5	䗴 蜒 蜓 遗 遣
衣	口	2	哀 裔
衣	木	2	裹 褒
衣	衣	2	衣 襄
西	刀	2	剽 酚
西	匕	2	酡 醌
西	十	2	覃 醉
西	又	4	覆 酦 酪 酸
西	口	4	酩 酮 酷 醅
西	子	2	酵 醇
西	寸	3	酊 酎 酹
西	日	2	酯 醋
西	月	2	醐 醑
西	横	2	酢 醴
西	王	2	酲 醛
西	皿	2	醢 醯
西	米	2	粟 醾
西	西	2	西 酉
西	辶	2	迺 醚
见	又	3	败 贩 赂
见	口	4	贴 贻 赒 赔
见	寸	2	财 赙
见	日	3	赌 赗 赠
见	点	2	赆 赇
见	见	4	见 贝 赑 页
览字头	见	2	览 贤
角	虫	2	蟹 触
讠	且	2	诅 谊
讠	交	3	议 讴 讽
讠	人	5	认 讷 该 诬 谀
讠	儿	3	诜 说 谠
讠	匕	3	讹 论 诧
讠	匚	3	讵 讻 谒
讠	十	6	计 讯 许 评 谇 谭
讠	又	6	燮 诹 谖 谡 谩 𫍲
讠	口	14	诇 词 诏 诒 诘 话 诟 语 诰 诺 调 谲 𫍣 𫍯
讠	土	2	诖 𬤇
讠	大	4	诀 误 读 谳
讠	寸	5	订 讨 诃 诗 谢
讠	山	2	讪 诎
讠	工	2	讧 试
讠	已	2	记 诡
讠	干	2	讦 𬣙
讠	彡	3	诊 谚 谬
讠	忄	2	谂 𬤝
讠	扌	2	译 诵
讠	折	3	诚 谌 谔
讠	斤	2	䜣 诉
讠	方	2	访 谤
讠	日	5	询 诣 诸 谮 谱
讠	月	4	诮 请 谓 谞
讠	木	4	诔 课 谋 谍
讠	束	2	谏 谰
讠	横	5	让 诈 谑 谶 𬣞
讠	火	3	诙 谈 谯
讠	点	2	讱 谗
讠	王	3	诓 诠 诳
讠	白	2	谄 谐
讠	皿	2	谥 谧
讠	艹	2	诫 谝
讠	讠	2	言 谵
讠	辶	3	诞 谜 谴
豕	豕	2	豕 豸
豕	辶	2	逐 邈
足	交	2	赵 跤
足	人	2	趑 蹶
足	儿	2	跣 跳
足	匕	2	跎 跐
足	十	2	跸 踔
足	又	7	趣 跂 路 踱 蹑 蹾 躞
足	口	7	超 趟 跆 跏 踟 踣 踮
足	土	3	跬 蹚 躔
足	大	3	趺 跃 蹊
足	寸	5	跱 踌 踦 蹰 蹲
足	已	4	起 跄 跑 跪
足	戈	2	越 践
足	折	2	跨 躐
足	日	3	踏 蹭 躇
足	月	2	蹐 蹦
足	木	5	跺 踝 蹀 蹂 躁
足	横	3	跚 蹅 蹬
足	点	2	趵 跋
足	白	2	蹈 蹜
足	竖	3	赳 跻 蹿
足	艮	2	跟 踉
足	艹	2	趼 蹁
足	见	3	趱 踬 躜
足	足	2	走 足
足	辶	3	跶 跹 踺
足	隹	2	趯 躏
车	儿	3	𨐈 𫐄 𫐐
车	匕	2	轮 辊
车	又	4	轰 辂 辍 辙
车	口	2	轺 辖
车	大	2	轪 辏
车	工	2	轻 轼
车	折	3	轧 辄 辋
车	木	2	椠 𫐓
车	田	3	轴 辎 辐
车	竖	2	轷 轿
车	车	2	东 车
车	辶	2	连 𫟦
钅	乃	2	锈 镌
钅	争字底	3	铛 铮 𬭬
钅	交	3	钢 铰 𨱑
钅	人	5	钠 钦 锅 锨 镢
钅	今	2	钤 铃
钅	儿	6	铣 铫 铳 锐 镋 镜
钅	八	4	镇 镔 𫓹 𫟹
钅	几	2	钒 钪
钅	刀	3	钊 铏 铡
钅	力	2	铹 锄
钅	勿	3	钖 铴 锡
钅	匕	5	铊 铌 铑 锟 𬬭
钅	匚	2	钔 钜
钅	十	4	针 钭 铧 镡
钅	厶	3	钩 铥 𬭎
钅	又	13	䥽 钣 铬 锓 锼 锾 镀 镊 镘 镦 镬 鿏 𬭯
钅	口	20	钷 钻 铅 铜 铝 铪 铭 铷 铻 锆 锔 锘 锫 锿 镐 镕 𨱏 𫔎 𬬿 𬭳
钅	古	2	钴 锢
钅	土	7	钍 钮 铿 锉 镗 𫓯 𬭊
钅	大	7	钛 铗 铟 锲 锳 镁 𫓧
钅	女	3	钕 铵 镂
钅	子	2	钌 𬭚
钅	寸	9	钉 铸 锊 锕 锜 锝 锵 镈 𨱔
钅	小	2	铩 镣
钅	已	4	钯 铠 铯 锩
钅	巾	3	铈 铞 锦
钅	彡	2	钐 镠
钅	忄	5	铋 铽 锪 锶 镱
钅	戈	4	钱 钺 锇 𬬩
钅	扌	3	铎 镎 镛
钅	折	7	钆 钙 钝 铐 铖 锷 镴
钅	撇	2	钞 铲
钅	方	2	钫 镑
钅	日	8	䦃 钼 锏 锗 错 镅 镥 镨
钅	月	6	钥 铕 销 锖 镚 𫓶
钅	木	2	锞 镍
钅	横	4	钵 钽 锤 镫
钅	火	4	钬 锬 锹 镳
钅	点	6	钓 钗 钚 钹 𨱇 𬬸
钅	王	4	钰 铨 锃 锽
钅	田	9	钾 钿 铀 锚 锱 镏 镭 𫔍 𬬹
钅	白	3	铂 锴 锸
钅	皮	2	铍 𬭛
钅	皿	2	锰 镒
钅	矢	3	铁 镞 𬭤
钅	示	2	镖 镲
钅	竖	3	钟 锍 镩
钅	纟	2	铉 镃
钅	艮	2	银 锒
钅	艹	3	钘 锎 锛
钅	虫	2	镪 镯
钅	衣	3	铱 镮 镶
钅	见	4	钡 锁 锧 镄
钅	辶	5	铤 链 键 𫟼 𬭼
钅	里	2	锂 锺
钅	钅	2	金 鑫
隹	隹	2	隹 雠
雨	力	3	勔 雳 雾
雨	卩	2	鄠 酃
雨	又	3	霞 霰 露
雨	女	2	耍 霎
雨	寸	2	耐 霨
雨	月	2	霄 霸
雨	雨	4	而 雨 需 面
雨	鸟	2	鸸 鹴
韦	点	2	韧 韨
音	忄	2	意 戆
饣	又	5	饭 饹 馊 馒 馓
饣	口	3	饲 饴 饸
饣	土	2	饪 馐
饣	戈	2	饯 饿
饣	横	2	馇 𫗴
饣	衣	2	饻 馕
马	交	3	驱 驳 驶
马	八	4	骐 骕 骥 𬳿
马	又	4	驭 骆 骎 骏
马	口	3	驹 骀 𬳶
马	大	5	驮 骃 骙 𫘝 𫘬
马	日	2	驲 骦
马	纟	2	骡 𫠊
马	艹	2	骈 骗
马	马	2	马 骉
骨	又	2	骼 髂
鱼	交	2	鲛 鲠
鱼	儿	3	鲩 鲵 𬶐
鱼	刀	3	鱽 鲗 𬶟
鱼	匕	2	鲲 𬶍
鱼	厶	2	鲙 鲿
鱼	又	4	鲮 鲰 鳗 鳠
鱼	口	10	鲇 鲐 鲒 鲖 鲘 鲪 鲷 鳝 𬶋 𬶮
鱼	土	2	鲑 鲣
鱼	定字底	2	鳀 鳂
鱼	寸	5	鲟 鲥 鳉 鳚 鳟
鱼	小	2	鲦 鲸
鱼	已	4	鱾 鲃 鲍 𬶏
鱼	忄	2	鳃 鳡
鱼	扌	2	鲬 鳙
鱼	折	3	鲀 鳄 𫚭
鱼	方	2	鲂 鳑
鱼	日	4	䲠 鲁 鲳 鳍
鱼	月	2	鲔 鲭
鱼	横	3	鲊 鳢 鳣
鱼	氵	2	鳈 𩾌
鱼	点	2	鲅 鳏
鱼	田	3	鲉 鲻 鲾
鱼	白	2	鲌 鳛
鱼	示	2	鳔 𬶭
鸟	鸟	3	乌 岛 鸟
黑	大	2	默 黩
黑	黑	2	熏 黑
龙	龙	2	尤 龙
