root	from	to	hard1500x10000	hard3500x2000	full1500	full3500	full6000	short1500	short3500	three1500	three3500
巾	a	q	0	4	0	23	194	0	3	1339	2635
巾	a	o	0	4	0	23	197	0	4	1339	2637
巾	a	x	0	4	0	24	201	0	3	1339	2638
巾	a	r	0	4	0	24	200	0	3	1339	2634
月	w	t	0	4	0	26	211	0	3	1335	2623
忄	p	q	0	4	0	26	201	0	4	1340	2633
月	w	v	0	4	0	26	199	0	4	1337	2620
田	o	n	0	4	0	27	209	0	6	1339	2634
卜	e	y	0	5	0	20	190	0	3	1340	2638
卜	e	l	0	5	0	20	192	0	3	1339	2638
卜	e	q	0	5	0	20	190	0	3	1339	2634
皿	h	q	0	5	0	20	192	0	3	1338	2634
白	n	b	0	5	0	20	194	0	3	1338	2634
卜	e	o	0	5	0	20	193	0	3	1335	2634
矢	a	b	0	5	0	21	196	0	2	1339	2636
斤	t	m	0	5	0	21	191	0	3	1340	2638
斤	t	o	0	5	0	21	191	0	3	1340	2638
斤	t	w	0	5	0	21	191	0	3	1340	2637
米	k	y	0	5	0	21	194	0	3	1340	2637
卜	e	z	0	5	0	21	191	0	3	1340	2636
耂	i	k	0	5	0	21	193	0	3	1339	2640
辛	s	d	0	5	0	21	192	0	3	1339	2639
辛	s	h	0	5	0	21	192	0	3	1339	2639
辛	s	y	0	5	0	21	192	0	3	1339	2639
衣	q	b	0	5	0	21	193	0	3	1339	2639
辛	s	a	0	5	0	21	194	0	3	1339	2639
辛	s	k	0	5	0	21	194	0	3	1339	2639
辛	s	x	0	5	0	21	194	0	3	1339	2639
虫	b	p	0	5	0	21	202	0	3	1339	2639
束	b	j	0	5	0	21	191	0	3	1339	2638
韦	k	h	0	5	0	21	191	0	3	1339	2638
彳	u	y	0	5	0	21	192	0	3	1339	2638
臣	o	h	0	5	0	21	192	0	3	1339	2638
臣	o	k	0	5	0	21	192	0	3	1339	2638
佥	a	j	0	5	0	21	192	0	3	1339	2638
辛	s	j	0	5	0	21	192	0	3	1339	2638
里	v	y	0	5	0	21	192	0	3	1339	2638
丽	o	q	0	5	0	21	192	0	3	1339	2638
丽	o	w	0	5	0	21	192	0	3	1339	2638
井	b	d	0	5	0	21	192	0	3	1339	2638
井	b	h	0	5	0	21	192	0	3	1339	2638
井	b	i	0	5	0	21	192	0	3	1339	2638
井	b	y	0	5	0	21	192	0	3	1339	2638
甫	g	s	0	5	0	21	192	0	3	1339	2638
甫	g	y	0	5	0	21	192	0	3	1339	2638
卵	k	y	0	5	0	21	192	0	3	1339	2638
至	n	v	0	5	0	21	192	0	3	1339	2638
耂	i	c	0	5	0	21	192	0	3	1339	2638
耂	i	m	0	5	0	21	192	0	3	1339	2638
韦	k	v	0	5	0	21	192	0	3	1339	2638
臣	o	a	0	5	0	21	193	0	3	1339	2638
辛	s	q	0	5	0	21	193	0	3	1339	2638
丽	o	y	0	5	0	21	193	0	3	1339	2638
束	b	p	0	5	0	21	193	0	3	1339	2638
氏	s	o	0	5	0	21	193	0	3	1339	2638
九	p	z	0	5	0	21	193	0	3	1339	2638
习	j	l	0	5	0	21	194	0	3	1339	2638
毛	v	e	0	5	0	21	194	0	3	1339	2638
氏	s	l	0	5	0	21	194	0	3	1339	2638
毛	v	t	0	5	0	21	195	0	3	1339	2638
毛	v	u	0	5	0	21	195	0	3	1339	2638
囗	l	b	0	5	0	21	196	0	3	1339	2638
鸟	s	t	0	5	0	21	198	0	3	1339	2638
鬼	t	j	0	5	0	21	190	0	3	1339	2637
立	t	j	0	5	0	21	190	0	3	1339	2637
鬼	t	o	0	5	0	21	191	0	3	1339	2637
里	v	w	0	5	0	21	191	0	3	1339	2637
片	o	d	0	5	0	21	191	0	3	1339	2637
束	b	i	0	5	0	21	191	0	3	1339	2637
骨	z	j	0	5	0	21	191	0	3	1339	2637
韦	k	q	0	5	0	21	191	0	3	1339	2637
韦	k	s	0	5	0	21	191	0	3	1339	2637
专	n	a	0	5	0	21	192	0	3	1339	2637
专	n	b	0	5	0	21	192	0	3	1339	2637
专	n	c	0	5	0	21	192	0	3	1339	2637
专	n	d	0	5	0	21	192	0	3	1339	2637
专	n	f	0	5	0	21	192	0	3	1339	2637
专	n	h	0	5	0	21	192	0	3	1339	2637
专	n	j	0	5	0	21	192	0	3	1339	2637
专	n	k	0	5	0	21	192	0	3	1339	2637
专	n	l	0	5	0	21	192	0	3	1339	2637
专	n	m	0	5	0	21	192	0	3	1339	2637
专	n	o	0	5	0	21	192	0	3	1339	2637
专	n	p	0	5	0	21	192	0	3	1339	2637
专	n	r	0	5	0	21	192	0	3	1339	2637
专	n	s	0	5	0	21	192	0	3	1339	2637
专	n	u	0	5	0	21	192	0	3	1339	2637
专	n	v	0	5	0	21	192	0	3	1339	2637
母	l	j	0	5	0	21	192	0	3	1339	2637
母	l	y	0	5	0	21	192	0	3	1339	2637
利	i	q	0	5	0	21	192	0	3	1339	2637
臣	o	e	0	5	0	21	192	0	3	1339	2637
臣	o	l	0	5	0	21	192	0	3	1339	2637
臣	o	s	0	5	0	21	192	0	3	1339	2637
臣	o	w	0	5	0	21	192	0	3	1339	2637
臣	o	z	0	5	0	21	192	0	3	1339	2637
禸	n	e	0	5	0	21	192	0	3	1339	2637
禸	n	j	0	5	0	21	192	0	3	1339	2637
禸	n	m	0	5	0	21	192	0	3	1339	2637
禸	n	q	0	5	0	21	192	0	3	1339	2637
象	k	d	0	5	0	21	192	0	3	1339	2637
象	k	f	0	5	0	21	192	0	3	1339	2637
象	k	g	0	5	0	21	192	0	3	1339	2637
象	k	i	0	5	0	21	192	0	3	1339	2637
象	k	y	0	5	0	21	192	0	3	1339	2637
鬼	t	p	0	5	0	21	192	0	3	1339	2637
佥	a	y	0	5	0	21	192	0	3	1339	2637
兼	h	d	0	5	0	21	192	0	3	1339	2637
兼	h	p	0	5	0	21	192	0	3	1339	2637
兼	h	u	0	5	0	21	192	0	3	1339	2637
兼	h	w	0	5	0	21	192	0	3	1339	2637
兼	h	x	0	5	0	21	192	0	3	1339	2637
厉	a	q	0	5	0	21	192	0	3	1339	2637
厉	a	w	0	5	0	21	192	0	3	1339	2637
以	t	b	0	5	0	21	192	0	3	1339	2637
以	t	c	0	5	0	21	192	0	3	1339	2637
以	t	n	0	5	0	21	192	0	3	1339	2637
以	t	o	0	5	0	21	192	0	3	1339	2637
夷	e	b	0	5	0	21	192	0	3	1339	2637
夷	e	c	0	5	0	21	192	0	3	1339	2637
夷	e	g	0	5	0	21	192	0	3	1339	2637
夷	e	i	0	5	0	21	192	0	3	1339	2637
夷	e	k	0	5	0	21	192	0	3	1339	2637
夷	e	o	0	5	0	21	192	0	3	1339	2637
夷	e	r	0	5	0	21	192	0	3	1339	2637
夷	e	z	0	5	0	21	192	0	3	1339	2637
乙	v	a	0	5	0	21	192	0	3	1339	2637
乙	v	b	0	5	0	21	192	0	3	1339	2637
乙	v	c	0	5	0	21	192	0	3	1339	2637
乙	v	d	0	5	0	21	192	0	3	1339	2637
乙	v	e	0	5	0	21	192	0	3	1339	2637
乙	v	f	0	5	0	21	192	0	3	1339	2637
乙	v	g	0	5	0	21	192	0	3	1339	2637
乙	v	h	0	5	0	21	192	0	3	1339	2637
乙	v	i	0	5	0	21	192	0	3	1339	2637
乙	v	j	0	5	0	21	192	0	3	1339	2637
乙	v	k	0	5	0	21	192	0	3	1339	2637
乙	v	l	0	5	0	21	192	0	3	1339	2637
乙	v	m	0	5	0	21	192	0	3	1339	2637
乙	v	n	0	5	0	21	192	0	3	1339	2637
乙	v	o	0	5	0	21	192	0	3	1339	2637
乙	v	p	0	5	0	21	192	0	3	1339	2637
乙	v	q	0	5	0	21	192	0	3	1339	2637
乙	v	r	0	5	0	21	192	0	3	1339	2637
乙	v	s	0	5	0	21	192	0	3	1339	2637
乙	v	t	0	5	0	21	192	0	3	1339	2637
乙	v	u	0	5	0	21	192	0	3	1339	2637
乙	v	w	0	5	0	21	192	0	3	1339	2637
乙	v	x	0	5	0	21	192	0	3	1339	2637
乙	v	y	0	5	0	21	192	0	3	1339	2637
乙	v	z	0	5	0	21	192	0	3	1339	2637
殳	w	a	0	5	0	21	192	0	3	1339	2637
殳	w	e	0	5	0	21	192	0	3	1339	2637
殳	w	n	0	5	0	21	192	0	3	1339	2637
殳	w	y	0	5	0	21	192	0	3	1339	2637
兔	a	d	0	5	0	21	192	0	3	1339	2637
兔	a	h	0	5	0	21	192	0	3	1339	2637
兔	a	j	0	5	0	21	192	0	3	1339	2637
兔	a	q	0	5	0	21	192	0	3	1339	2637
兔	a	t	0	5	0	21	192	0	3	1339	2637
兔	a	w	0	5	0	21	192	0	3	1339	2637
兔	a	y	0	5	0	21	192	0	3	1339	2637
兔	a	z	0	5	0	21	192	0	3	1339	2637
丽	o	j	0	5	0	21	192	0	3	1339	2637
五	o	f	0	5	0	21	192	0	3	1339	2637
五	o	g	0	5	0	21	192	0	3	1339	2637
五	o	j	0	5	0	21	192	0	3	1339	2637
儿	r	q	0	5	0	21	192	0	3	1339	2637
来	k	a	0	5	0	21	192	0	3	1339	2637
来	k	d	0	5	0	21	192	0	3	1339	2637
来	k	e	0	5	0	21	192	0	3	1339	2637
来	k	g	0	5	0	21	192	0	3	1339	2637
来	k	j	0	5	0	21	192	0	3	1339	2637
来	k	l	0	5	0	21	192	0	3	1339	2637
来	k	m	0	5	0	21	192	0	3	1339	2637
来	k	o	0	5	0	21	192	0	3	1339	2637
来	k	p	0	5	0	21	192	0	3	1339	2637
来	k	q	0	5	0	21	192	0	3	1339	2637
来	k	s	0	5	0	21	192	0	3	1339	2637
来	k	w	0	5	0	21	192	0	3	1339	2637
来	k	x	0	5	0	21	192	0	3	1339	2637
来	k	y	0	5	0	21	192	0	3	1339	2637
来	k	z	0	5	0	21	192	0	3	1339	2637
也	l	a	0	5	0	21	192	0	3	1339	2637
也	l	c	0	5	0	21	192	0	3	1339	2637
也	l	k	0	5	0	21	192	0	3	1339	2637
也	l	n	0	5	0	21	192	0	3	1339	2637
也	l	p	0	5	0	21	192	0	3	1339	2637
商	o	a	0	5	0	21	192	0	3	1339	2637
商	o	b	0	5	0	21	192	0	3	1339	2637
商	o	c	0	5	0	21	192	0	3	1339	2637
商	o	d	0	5	0	21	192	0	3	1339	2637
商	o	g	0	5	0	21	192	0	3	1339	2637
商	o	h	0	5	0	21	192	0	3	1339	2637
商	o	j	0	5	0	21	192	0	3	1339	2637
商	o	k	0	5	0	21	192	0	3	1339	2637
商	o	n	0	5	0	21	192	0	3	1339	2637
商	o	t	0	5	0	21	192	0	3	1339	2637
商	o	v	0	5	0	21	192	0	3	1339	2637
商	o	z	0	5	0	21	192	0	3	1339	2637
井	b	a	0	5	0	21	192	0	3	1339	2637
井	b	g	0	5	0	21	192	0	3	1339	2637
井	b	j	0	5	0	21	192	0	3	1339	2637
井	b	p	0	5	0	21	192	0	3	1339	2637
井	b	s	0	5	0	21	192	0	3	1339	2637
井	b	u	0	5	0	21	192	0	3	1339	2637
示	p	b	0	5	0	21	192	0	3	1339	2637
弟	p	d	0	5	0	21	192	0	3	1339	2637
弟	p	g	0	5	0	21	192	0	3	1339	2637
弟	p	h	0	5	0	21	192	0	3	1339	2637
弟	p	k	0	5	0	21	192	0	3	1339	2637
弟	p	m	0	5	0	21	192	0	3	1339	2637
弟	p	t	0	5	0	21	192	0	3	1339	2637
弟	p	y	0	5	0	21	192	0	3	1339	2637
甫	g	i	0	5	0	21	192	0	3	1339	2637
甫	g	m	0	5	0	21	192	0	3	1339	2637
甫	g	r	0	5	0	21	192	0	3	1339	2637
甫	g	t	0	5	0	21	192	0	3	1339	2637
俞	b	q	0	5	0	21	192	0	3	1339	2637
俞	b	y	0	5	0	21	192	0	3	1339	2637
弗	p	s	0	5	0	21	192	0	3	1339	2637
卵	k	g	0	5	0	21	192	0	3	1339	2637
卵	k	q	0	5	0	21	192	0	3	1339	2637
卵	k	t	0	5	0	21	192	0	3	1339	2637
卵	k	u	0	5	0	21	192	0	3	1339	2637
无	v	g	0	5	0	21	192	0	3	1339	2637
无	v	j	0	5	0	21	192	0	3	1339	2637
无	v	k	0	5	0	21	192	0	3	1339	2637
无	v	t	0	5	0	21	192	0	3	1339	2637
龙	t	h	0	5	0	21	192	0	3	1339	2637
秉	o	a	0	5	0	21	192	0	3	1339	2637
秉	o	b	0	5	0	21	192	0	3	1339	2637
秉	o	c	0	5	0	21	192	0	3	1339	2637
秉	o	d	0	5	0	21	192	0	3	1339	2637
秉	o	e	0	5	0	21	192	0	3	1339	2637
秉	o	f	0	5	0	21	192	0	3	1339	2637
秉	o	g	0	5	0	21	192	0	3	1339	2637
秉	o	h	0	5	0	21	192	0	3	1339	2637
秉	o	i	0	5	0	21	192	0	3	1339	2637
秉	o	j	0	5	0	21	192	0	3	1339	2637
秉	o	k	0	5	0	21	192	0	3	1339	2637
秉	o	l	0	5	0	21	192	0	3	1339	2637
秉	o	m	0	5	0	21	192	0	3	1339	2637
秉	o	n	0	5	0	21	192	0	3	1339	2637
秉	o	p	0	5	0	21	192	0	3	1339	2637
秉	o	q	0	5	0	21	192	0	3	1339	2637
秉	o	r	0	5	0	21	192	0	3	1339	2637
秉	o	s	0	5	0	21	192	0	3	1339	2637
秉	o	t	0	5	0	21	192	0	3	1339	2637
秉	o	u	0	5	0	21	192	0	3	1339	2637
秉	o	v	0	5	0	21	192	0	3	1339	2637
秉	o	w	0	5	0	21	192	0	3	1339	2637
秉	o	x	0	5	0	21	192	0	3	1339	2637
秉	o	y	0	5	0	21	192	0	3	1339	2637
秉	o	z	0	5	0	21	192	0	3	1339	2637
尧	k	b	0	5	0	21	192	0	3	1339	2637
尧	k	c	0	5	0	21	192	0	3	1339	2637
尧	k	j	0	5	0	21	192	0	3	1339	2637
尧	k	l	0	5	0	21	192	0	3	1339	2637
尧	k	y	0	5	0	21	192	0	3	1339	2637
居	o	d	0	5	0	21	192	0	3	1339	2637
居	o	r	0	5	0	21	192	0	3	1339	2637
居	o	t	0	5	0	21	192	0	3	1339	2637
居	o	v	0	5	0	21	192	0	3	1339	2637
居	o	z	0	5	0	21	192	0	3	1339	2637
乃	r	a	0	5	0	21	192	0	3	1339	2637
乃	r	i	0	5	0	21	192	0	3	1339	2637
乃	r	j	0	5	0	21	192	0	3	1339	2637
乃	r	l	0	5	0	21	192	0	3	1339	2637
乃	r	u	0	5	0	21	192	0	3	1339	2637
乃	r	x	0	5	0	21	192	0	3	1339	2637
暴	p	b	0	5	0	21	192	0	3	1339	2637
暴	p	j	0	5	0	21	192	0	3	1339	2637
暴	p	n	0	5	0	21	192	0	3	1339	2637
暴	p	r	0	5	0	21	192	0	3	1339	2637
暴	p	u	0	5	0	21	192	0	3	1339	2637
暴	p	x	0	5	0	21	192	0	3	1339	2637
暴	p	z	0	5	0	21	192	0	3	1339	2637
莫	b	e	0	5	0	21	192	0	3	1339	2637
莫	b	g	0	5	0	21	192	0	3	1339	2637
莫	b	x	0	5	0	21	192	0	3	1339	2637
毛	v	m	0	5	0	21	192	0	3	1339	2637
皮	v	a	0	5	0	21	192	0	3	1339	2637
皮	v	b	0	5	0	21	192	0	3	1339	2637
皮	v	c	0	5	0	21	192	0	3	1339	2637
皮	v	d	0	5	0	21	192	0	3	1339	2637
皮	v	e	0	5	0	21	192	0	3	1339	2637
皮	v	f	0	5	0	21	192	0	3	1339	2637
皮	v	g	0	5	0	21	192	0	3	1339	2637
皮	v	h	0	5	0	21	192	0	3	1339	2637
皮	v	i	0	5	0	21	192	0	3	1339	2637
皮	v	j	0	5	0	21	192	0	3	1339	2637
皮	v	k	0	5	0	21	192	0	3	1339	2637
皮	v	l	0	5	0	21	192	0	3	1339	2637
皮	v	m	0	5	0	21	192	0	3	1339	2637
皮	v	n	0	5	0	21	192	0	3	1339	2637
皮	v	o	0	5	0	21	192	0	3	1339	2637
皮	v	p	0	5	0	21	192	0	3	1339	2637
皮	v	q	0	5	0	21	192	0	3	1339	2637
皮	v	r	0	5	0	21	192	0	3	1339	2637
皮	v	s	0	5	0	21	192	0	3	1339	2637
皮	v	t	0	5	0	21	192	0	3	1339	2637
皮	v	u	0	5	0	21	192	0	3	1339	2637
皮	v	w	0	5	0	21	192	0	3	1339	2637
皮	v	x	0	5	0	21	192	0	3	1339	2637
皮	v	y	0	5	0	21	192	0	3	1339	2637
皮	v	z	0	5	0	21	192	0	3	1339	2637
击	t	v	0	5	0	21	192	0	3	1339	2637
击	t	x	0	5	0	21	192	0	3	1339	2637
牙	d	m	0	5	0	21	192	0	3	1339	2637
牙	d	t	0	5	0	21	192	0	3	1339	2637
民	n	a	0	5	0	21	192	0	3	1339	2637
民	n	b	0	5	0	21	192	0	3	1339	2637
民	n	c	0	5	0	21	192	0	3	1339	2637
民	n	d	0	5	0	21	192	0	3	1339	2637
民	n	f	0	5	0	21	192	0	3	1339	2637
民	n	j	0	5	0	21	192	0	3	1339	2637
民	n	l	0	5	0	21	192	0	3	1339	2637
民	n	m	0	5	0	21	192	0	3	1339	2637
民	n	o	0	5	0	21	192	0	3	1339	2637
民	n	s	0	5	0	21	192	0	3	1339	2637
民	n	t	0	5	0	21	192	0	3	1339	2637
民	n	u	0	5	0	21	192	0	3	1339	2637
民	n	w	0	5	0	21	192	0	3	1339	2637
民	n	x	0	5	0	21	192	0	3	1339	2637
民	n	y	0	5	0	21	192	0	3	1339	2637
民	n	z	0	5	0	21	192	0	3	1339	2637
瓦	g	a	0	5	0	21	192	0	3	1339	2637
瓦	g	c	0	5	0	21	192	0	3	1339	2637
瓦	g	d	0	5	0	21	192	0	3	1339	2637
瓦	g	f	0	5	0	21	192	0	3	1339	2637
瓦	g	h	0	5	0	21	192	0	3	1339	2637
瓦	g	i	0	5	0	21	192	0	3	1339	2637
瓦	g	l	0	5	0	21	192	0	3	1339	2637
瓦	g	m	0	5	0	21	192	0	3	1339	2637
瓦	g	p	0	5	0	21	192	0	3	1339	2637
瓦	g	y	0	5	0	21	192	0	3	1339	2637
鬲	y	a	0	5	0	21	192	0	3	1339	2637
鬲	y	b	0	5	0	21	192	0	3	1339	2637
鬲	y	e	0	5	0	21	192	0	3	1339	2637
鬲	y	g	0	5	0	21	192	0	3	1339	2637
鬲	y	h	0	5	0	21	192	0	3	1339	2637
鬲	y	k	0	5	0	21	192	0	3	1339	2637
鬲	y	m	0	5	0	21	192	0	3	1339	2637
鬲	y	q	0	5	0	21	192	0	3	1339	2637
鬲	y	u	0	5	0	21	192	0	3	1339	2637
鬲	y	v	0	5	0	21	192	0	3	1339	2637
鬲	y	z	0	5	0	21	192	0	3	1339	2637
骨	z	v	0	5	0	21	192	0	3	1339	2637
乐	y	b	0	5	0	21	192	0	3	1339	2637
乐	y	c	0	5	0	21	192	0	3	1339	2637
乐	y	d	0	5	0	21	192	0	3	1339	2637
乐	y	e	0	5	0	21	192	0	3	1339	2637
乐	y	g	0	5	0	21	192	0	3	1339	2637
乐	y	h	0	5	0	21	192	0	3	1339	2637
乐	y	i	0	5	0	21	192	0	3	1339	2637
乐	y	j	0	5	0	21	192	0	3	1339	2637
乐	y	k	0	5	0	21	192	0	3	1339	2637
乐	y	m	0	5	0	21	192	0	3	1339	2637
乐	y	n	0	5	0	21	192	0	3	1339	2637
乐	y	p	0	5	0	21	192	0	3	1339	2637
乐	y	q	0	5	0	21	192	0	3	1339	2637
乐	y	r	0	5	0	21	192	0	3	1339	2637
乐	y	s	0	5	0	21	192	0	3	1339	2637
乐	y	t	0	5	0	21	192	0	3	1339	2637
乐	y	u	0	5	0	21	192	0	3	1339	2637
乐	y	v	0	5	0	21	192	0	3	1339	2637
乐	y	w	0	5	0	21	192	0	3	1339	2637
乐	y	z	0	5	0	21	192	0	3	1339	2637
丘	y	d	0	5	0	21	192	0	3	1339	2637
丘	y	j	0	5	0	21	192	0	3	1339	2637
丘	y	q	0	5	0	21	192	0	3	1339	2637
丘	y	u	0	5	0	21	192	0	3	1339	2637
丘	y	x	0	5	0	21	192	0	3	1339	2637
丘	y	z	0	5	0	21	192	0	3	1339	2637
单	o	f	0	5	0	21	192	0	3	1339	2637
单	o	j	0	5	0	21	192	0	3	1339	2637
单	o	x	0	5	0	21	192	0	3	1339	2637
单	o	z	0	5	0	21	192	0	3	1339	2637
长	j	b	0	5	0	21	192	0	3	1339	2637
长	j	d	0	5	0	21	192	0	3	1339	2637
长	j	l	0	5	0	21	192	0	3	1339	2637
长	j	q	0	5	0	21	192	0	3	1339	2637
长	j	u	0	5	0	21	192	0	3	1339	2637
长	j	y	0	5	0	21	192	0	3	1339	2637
永	o	a	0	5	0	21	192	0	3	1339	2637
永	o	b	0	5	0	21	192	0	3	1339	2637
永	o	g	0	5	0	21	192	0	3	1339	2637
永	o	h	0	5	0	21	192	0	3	1339	2637
永	o	m	0	5	0	21	192	0	3	1339	2637
永	o	s	0	5	0	21	192	0	3	1339	2637
永	o	u	0	5	0	21	192	0	3	1339	2637
永	o	w	0	5	0	21	192	0	3	1339	2637
永	o	y	0	5	0	21	192	0	3	1339	2637
九	p	a	0	5	0	21	192	0	3	1339	2637
九	p	d	0	5	0	21	192	0	3	1339	2637
之	t	g	0	5	0	21	192	0	3	1339	2637
之	t	j	0	5	0	21	192	0	3	1339	2637
之	t	v	0	5	0	21	192	0	3	1339	2637
之	t	y	0	5	0	21	192	0	3	1339	2637
之	t	z	0	5	0	21	192	0	3	1339	2637
专	n	g	0	5	0	21	193	0	3	1339	2637
专	n	x	0	5	0	21	193	0	3	1339	2637
臣	o	b	0	5	0	21	193	0	3	1339	2637
臣	o	j	0	5	0	21	193	0	3	1339	2637
臣	o	q	0	5	0	21	193	0	3	1339	2637
禸	n	a	0	5	0	21	193	0	3	1339	2637
禸	n	k	0	5	0	21	193	0	3	1339	2637
禸	n	l	0	5	0	21	193	0	3	1339	2637
禸	n	o	0	5	0	21	193	0	3	1339	2637
佥	a	p	0	5	0	21	193	0	3	1339	2637
夷	e	f	0	5	0	21	193	0	3	1339	2637
殳	w	c	0	5	0	21	193	0	3	1339	2637
殳	w	d	0	5	0	21	193	0	3	1339	2637
殳	w	o	0	5	0	21	193	0	3	1339	2637
殳	w	p	0	5	0	21	193	0	3	1339	2637
勿	n	y	0	5	0	21	193	0	3	1339	2637
矢	a	i	0	5	0	21	193	0	3	1339	2637
兔	a	e	0	5	0	21	193	0	3	1339	2637
兔	a	n	0	5	0	21	193	0	3	1339	2637
丽	o	n	0	5	0	21	193	0	3	1339	2637
儿	r	c	0	5	0	21	193	0	3	1339	2637
来	k	c	0	5	0	21	193	0	3	1339	2637
来	k	i	0	5	0	21	193	0	3	1339	2637
来	k	n	0	5	0	21	193	0	3	1339	2637
来	k	u	0	5	0	21	193	0	3	1339	2637
商	o	p	0	5	0	21	193	0	3	1339	2637
商	o	q	0	5	0	21	193	0	3	1339	2637
商	o	r	0	5	0	21	193	0	3	1339	2637
商	o	s	0	5	0	21	193	0	3	1339	2637
示	p	l	0	5	0	21	193	0	3	1339	2637
今	z	w	0	5	0	21	193	0	3	1339	2637
予	o	l	0	5	0	21	193	0	3	1339	2637
及	m	k	0	5	0	21	193	0	3	1339	2637
甫	g	v	0	5	0	21	193	0	3	1339	2637
付	j	x	0	5	0	21	193	0	3	1339	2637
卵	k	b	0	5	0	21	193	0	3	1339	2637
无	v	f	0	5	0	21	193	0	3	1339	2637
鹿	p	a	0	5	0	21	193	0	3	1339	2637
鹿	p	b	0	5	0	21	193	0	3	1339	2637
束	b	o	0	5	0	21	193	0	3	1339	2637
尧	k	o	0	5	0	21	193	0	3	1339	2637
尧	k	r	0	5	0	21	193	0	3	1339	2637
尧	k	t	0	5	0	21	193	0	3	1339	2637
居	o	g	0	5	0	21	193	0	3	1339	2637
居	o	u	0	5	0	21	193	0	3	1339	2637
乃	r	w	0	5	0	21	193	0	3	1339	2637
黑	j	p	0	5	0	21	193	0	3	1339	2637
黑	j	y	0	5	0	21	193	0	3	1339	2637
莫	b	a	0	5	0	21	193	0	3	1339	2637
莫	b	d	0	5	0	21	193	0	3	1339	2637
民	n	h	0	5	0	21	193	0	3	1339	2637
民	n	i	0	5	0	21	193	0	3	1339	2637
民	n	p	0	5	0	21	193	0	3	1339	2637
民	n	q	0	5	0	21	193	0	3	1339	2637
民	n	r	0	5	0	21	193	0	3	1339	2637
瓦	g	t	0	5	0	21	193	0	3	1339	2637
瓦	g	w	0	5	0	21	193	0	3	1339	2637
瓦	g	z	0	5	0	21	193	0	3	1339	2637
鬲	y	c	0	5	0	21	193	0	3	1339	2637
鬲	y	j	0	5	0	21	193	0	3	1339	2637
鬲	y	l	0	5	0	21	193	0	3	1339	2637
鬲	y	p	0	5	0	21	193	0	3	1339	2637
鬲	y	t	0	5	0	21	193	0	3	1339	2637
骨	z	a	0	5	0	21	193	0	3	1339	2637
骨	z	b	0	5	0	21	193	0	3	1339	2637
骨	z	h	0	5	0	21	193	0	3	1339	2637
骨	z	k	0	5	0	21	193	0	3	1339	2637
骨	z	m	0	5	0	21	193	0	3	1339	2637
骨	z	u	0	5	0	21	193	0	3	1339	2637
乐	y	a	0	5	0	21	193	0	3	1339	2637
乐	y	f	0	5	0	21	193	0	3	1339	2637
乐	y	o	0	5	0	21	193	0	3	1339	2637
乐	y	x	0	5	0	21	193	0	3	1339	2637
丘	y	b	0	5	0	21	193	0	3	1339	2637
长	j	f	0	5	0	21	193	0	3	1339	2637
长	j	h	0	5	0	21	193	0	3	1339	2637
长	j	p	0	5	0	21	193	0	3	1339	2637
永	o	f	0	5	0	21	193	0	3	1339	2637
永	o	j	0	5	0	21	193	0	3	1339	2637
永	o	k	0	5	0	21	193	0	3	1339	2637
永	o	t	0	5	0	21	193	0	3	1339	2637
永	o	v	0	5	0	21	193	0	3	1339	2637
九	p	c	0	5	0	21	193	0	3	1339	2637
九	p	w	0	5	0	21	193	0	3	1339	2637
母	l	k	0	5	0	21	194	0	3	1339	2637
禸	n	f	0	5	0	21	194	0	3	1339	2637
禸	n	p	0	5	0	21	194	0	3	1339	2637
禸	n	s	0	5	0	21	194	0	3	1339	2637
厉	a	y	0	5	0	21	194	0	3	1339	2637
殳	w	k	0	5	0	21	194	0	3	1339	2637
丽	o	h	0	5	0	21	194	0	3	1339	2637
来	k	t	0	5	0	21	194	0	3	1339	2637
及	m	h	0	5	0	21	194	0	3	1339	2637
甫	g	h	0	5	0	21	194	0	3	1339	2637
甫	g	n	0	5	0	21	194	0	3	1339	2637
乃	r	p	0	5	0	21	194	0	3	1339	2637
毛	v	f	0	5	0	21	194	0	3	1339	2637
瓦	g	j	0	5	0	21	194	0	3	1339	2637
鬲	y	n	0	5	0	21	194	0	3	1339	2637
九	p	s	0	5	0	21	194	0	3	1339	2637
囗	l	a	0	5	0	21	195	0	3	1339	2637
禸	n	t	0	5	0	21	195	0	3	1339	2637
瓦	g	s	0	5	0	21	195	0	3	1339	2637
骨	z	q	0	5	0	21	196	0	3	1339	2637
骨	z	s	0	5	0	21	196	0	3	1339	2637
豕	d	c	0	5	0	21	198	0	3	1339	2637
尸	c	i	0	5	0	21	189	0	3	1339	2636
鬼	t	d	0	5	0	21	190	0	3	1339	2636
鬼	t	w	0	5	0	21	190	0	3	1339	2636
鬼	t	c	0	5	0	21	191	0	3	1339	2636
鬼	t	e	0	5	0	21	191	0	3	1339	2636
鬼	t	i	0	5	0	21	191	0	3	1339	2636
鬼	t	k	0	5	0	21	191	0	3	1339	2636
里	v	k	0	5	0	21	191	0	3	1339	2636
古	t	j	0	5	0	21	191	0	3	1339	2636
古	t	y	0	5	0	21	191	0	3	1339	2636
予	o	d	0	5	0	21	191	0	3	1339	2636
予	o	e	0	5	0	21	191	0	3	1339	2636
龙	t	a	0	5	0	21	191	0	3	1339	2636
龙	t	m	0	5	0	21	191	0	3	1339	2636
束	b	e	0	5	0	21	191	0	3	1339	2636
耳	b	j	0	5	0	21	191	0	3	1339	2636
专	n	q	0	5	0	21	192	0	3	1339	2636
母	l	g	0	5	0	21	192	0	3	1339	2636
母	l	h	0	5	0	21	192	0	3	1339	2636
母	l	i	0	5	0	21	192	0	3	1339	2636
利	i	h	0	5	0	21	192	0	3	1339	2636
利	i	j	0	5	0	21	192	0	3	1339	2636
利	i	k	0	5	0	21	192	0	3	1339	2636
利	i	x	0	5	0	21	192	0	3	1339	2636
臣	o	c	0	5	0	21	192	0	3	1339	2636
臣	o	d	0	5	0	21	192	0	3	1339	2636
臣	o	i	0	5	0	21	192	0	3	1339	2636
臣	o	u	0	5	0	21	192	0	3	1339	2636
臣	o	v	0	5	0	21	192	0	3	1339	2636
豕	d	u	0	5	0	21	192	0	3	1339	2636
象	k	h	0	5	0	21	192	0	3	1339	2636
象	k	j	0	5	0	21	192	0	3	1339	2636
象	k	n	0	5	0	21	192	0	3	1339	2636
象	k	r	0	5	0	21	192	0	3	1339	2636
兼	h	j	0	5	0	21	192	0	3	1339	2636
兼	h	q	0	5	0	21	192	0	3	1339	2636
兼	h	y	0	5	0	21	192	0	3	1339	2636
厉	a	d	0	5	0	21	192	0	3	1339	2636
厉	a	e	0	5	0	21	192	0	3	1339	2636
厉	a	g	0	5	0	21	192	0	3	1339	2636
厉	a	j	0	5	0	21	192	0	3	1339	2636
厉	a	k	0	5	0	21	192	0	3	1339	2636
厉	a	p	0	5	0	21	192	0	3	1339	2636
厉	a	u	0	5	0	21	192	0	3	1339	2636
厉	a	x	0	5	0	21	192	0	3	1339	2636
厉	a	z	0	5	0	21	192	0	3	1339	2636
行	b	a	0	5	0	21	192	0	3	1339	2636
行	b	j	0	5	0	21	192	0	3	1339	2636
行	b	l	0	5	0	21	192	0	3	1339	2636
行	b	u	0	5	0	21	192	0	3	1339	2636
音	z	u	0	5	0	21	192	0	3	1339	2636
勿	n	j	0	5	0	21	192	0	3	1339	2636
勿	n	m	0	5	0	21	192	0	3	1339	2636
勿	n	z	0	5	0	21	192	0	3	1339	2636
兔	a	c	0	5	0	21	192	0	3	1339	2636
兔	a	i	0	5	0	21	192	0	3	1339	2636
兔	a	o	0	5	0	21	192	0	3	1339	2636
兔	a	p	0	5	0	21	192	0	3	1339	2636
兔	a	s	0	5	0	21	192	0	3	1339	2636
兔	a	u	0	5	0	21	192	0	3	1339	2636
兔	a	v	0	5	0	21	192	0	3	1339	2636
兔	a	x	0	5	0	21	192	0	3	1339	2636
丽	o	x	0	5	0	21	192	0	3	1339	2636
五	o	m	0	5	0	21	192	0	3	1339	2636
五	o	z	0	5	0	21	192	0	3	1339	2636
爫	z	y	0	5	0	21	192	0	3	1339	2636
也	l	g	0	5	0	21	192	0	3	1339	2636
也	l	w	0	5	0	21	192	0	3	1339	2636
向	t	g	0	5	0	21	192	0	3	1339	2636
予	o	p	0	5	0	21	192	0	3	1339	2636
予	o	x	0	5	0	21	192	0	3	1339	2636
刍	g	k	0	5	0	21	192	0	3	1339	2636
弟	p	c	0	5	0	21	192	0	3	1339	2636
弟	p	z	0	5	0	21	192	0	3	1339	2636
付	j	q	0	5	0	21	192	0	3	1339	2636
付	j	r	0	5	0	21	192	0	3	1339	2636
俞	b	e	0	5	0	21	192	0	3	1339	2636
俞	b	f	0	5	0	21	192	0	3	1339	2636
俞	b	u	0	5	0	21	192	0	3	1339	2636
俞	b	z	0	5	0	21	192	0	3	1339	2636
弗	p	t	0	5	0	21	192	0	3	1339	2636
弗	p	x	0	5	0	21	192	0	3	1339	2636
卵	k	j	0	5	0	21	192	0	3	1339	2636
卵	k	x	0	5	0	21	192	0	3	1339	2636
无	v	m	0	5	0	21	192	0	3	1339	2636
无	v	q	0	5	0	21	192	0	3	1339	2636
龙	t	y	0	5	0	21	192	0	3	1339	2636
尧	k	a	0	5	0	21	192	0	3	1339	2636
尧	k	g	0	5	0	21	192	0	3	1339	2636
尧	k	m	0	5	0	21	192	0	3	1339	2636
尧	k	n	0	5	0	21	192	0	3	1339	2636
尧	k	p	0	5	0	21	192	0	3	1339	2636
尧	k	s	0	5	0	21	192	0	3	1339	2636
尧	k	u	0	5	0	21	192	0	3	1339	2636
居	o	a	0	5	0	21	192	0	3	1339	2636
居	o	f	0	5	0	21	192	0	3	1339	2636
居	o	h	0	5	0	21	192	0	3	1339	2636
居	o	j	0	5	0	21	192	0	3	1339	2636
居	o	p	0	5	0	21	192	0	3	1339	2636
居	o	s	0	5	0	21	192	0	3	1339	2636
居	o	w	0	5	0	21	192	0	3	1339	2636
乃	r	e	0	5	0	21	192	0	3	1339	2636
乃	r	g	0	5	0	21	192	0	3	1339	2636
乃	r	k	0	5	0	21	192	0	3	1339	2636
乃	r	o	0	5	0	21	192	0	3	1339	2636
乃	r	y	0	5	0	21	192	0	3	1339	2636
暴	p	l	0	5	0	21	192	0	3	1339	2636
暴	p	o	0	5	0	21	192	0	3	1339	2636
暴	p	t	0	5	0	21	192	0	3	1339	2636
黑	j	e	0	5	0	21	192	0	3	1339	2636
黑	j	g	0	5	0	21	192	0	3	1339	2636
黑	j	h	0	5	0	21	192	0	3	1339	2636
黑	j	m	0	5	0	21	192	0	3	1339	2636
黑	j	u	0	5	0	21	192	0	3	1339	2636
莫	b	f	0	5	0	21	192	0	3	1339	2636
莫	b	z	0	5	0	21	192	0	3	1339	2636
击	t	z	0	5	0	21	192	0	3	1339	2636
牙	d	j	0	5	0	21	192	0	3	1339	2636
牙	d	k	0	5	0	21	192	0	3	1339	2636
牙	d	n	0	5	0	21	192	0	3	1339	2636
牙	d	p	0	5	0	21	192	0	3	1339	2636
牙	d	v	0	5	0	21	192	0	3	1339	2636
牙	d	w	0	5	0	21	192	0	3	1339	2636
牙	d	z	0	5	0	21	192	0	3	1339	2636
民	n	k	0	5	0	21	192	0	3	1339	2636
至	n	d	0	5	0	21	192	0	3	1339	2636
瓦	g	b	0	5	0	21	192	0	3	1339	2636
瓦	g	n	0	5	0	21	192	0	3	1339	2636
瓦	g	x	0	5	0	21	192	0	3	1339	2636
鬲	y	o	0	5	0	21	192	0	3	1339	2636
鬲	y	r	0	5	0	21	192	0	3	1339	2636
鬲	y	s	0	5	0	21	192	0	3	1339	2636
丘	y	a	0	5	0	21	192	0	3	1339	2636
丘	y	e	0	5	0	21	192	0	3	1339	2636
丘	y	f	0	5	0	21	192	0	3	1339	2636
丘	y	k	0	5	0	21	192	0	3	1339	2636
丘	y	t	0	5	0	21	192	0	3	1339	2636
单	o	c	0	5	0	21	192	0	3	1339	2636
单	o	s	0	5	0	21	192	0	3	1339	2636
单	o	t	0	5	0	21	192	0	3	1339	2636
单	o	u	0	5	0	21	192	0	3	1339	2636
长	j	g	0	5	0	21	192	0	3	1339	2636
长	j	n	0	5	0	21	192	0	3	1339	2636
长	j	s	0	5	0	21	192	0	3	1339	2636
永	o	c	0	5	0	21	192	0	3	1339	2636
九	p	x	0	5	0	21	192	0	3	1339	2636
母	l	e	0	5	0	21	193	0	3	1339	2636
母	l	t	0	5	0	21	193	0	3	1339	2636
利	i	b	0	5	0	21	193	0	3	1339	2636
利	i	n	0	5	0	21	193	0	3	1339	2636
臣	o	n	0	5	0	21	193	0	3	1339	2636
臣	o	x	0	5	0	21	193	0	3	1339	2636
象	k	c	0	5	0	21	193	0	3	1339	2636
厉	a	b	0	5	0	21	193	0	3	1339	2636
厉	a	n	0	5	0	21	193	0	3	1339	2636
厉	a	s	0	5	0	21	193	0	3	1339	2636
夕	m	a	0	5	0	21	193	0	3	1339	2636
勿	n	h	0	5	0	21	193	0	3	1339	2636
勿	n	t	0	5	0	21	193	0	3	1339	2636
今	z	v	0	5	0	21	193	0	3	1339	2636
付	j	d	0	5	0	21	193	0	3	1339	2636
付	j	f	0	5	0	21	193	0	3	1339	2636
付	j	t	0	5	0	21	193	0	3	1339	2636
俞	b	a	0	5	0	21	193	0	3	1339	2636
弗	p	d	0	5	0	21	193	0	3	1339	2636
卵	k	d	0	5	0	21	193	0	3	1339	2636
卵	k	e	0	5	0	21	193	0	3	1339	2636
卵	k	i	0	5	0	21	193	0	3	1339	2636
龙	t	f	0	5	0	21	193	0	3	1339	2636
龙	t	w	0	5	0	21	193	0	3	1339	2636
束	b	w	0	5	0	21	193	0	3	1339	2636
乃	r	c	0	5	0	21	193	0	3	1339	2636
乃	r	s	0	5	0	21	193	0	3	1339	2636
乃	r	t	0	5	0	21	193	0	3	1339	2636
黑	j	z	0	5	0	21	193	0	3	1339	2636
毛	v	x	0	5	0	21	193	0	3	1339	2636
击	t	h	0	5	0	21	193	0	3	1339	2636
牙	d	b	0	5	0	21	193	0	3	1339	2636
鬲	y	d	0	5	0	21	193	0	3	1339	2636
鬲	y	w	0	5	0	21	193	0	3	1339	2636
骨	z	e	0	5	0	21	193	0	3	1339	2636
骨	z	o	0	5	0	21	193	0	3	1339	2636
骨	z	y	0	5	0	21	193	0	3	1339	2636
丘	y	s	0	5	0	21	193	0	3	1339	2636
丘	y	v	0	5	0	21	193	0	3	1339	2636
单	o	a	0	5	0	21	193	0	3	1339	2636
单	o	b	0	5	0	21	193	0	3	1339	2636
单	o	m	0	5	0	21	193	0	3	1339	2636
永	o	e	0	5	0	21	193	0	3	1339	2636
永	o	z	0	5	0	21	193	0	3	1339	2636
之	t	d	0	5	0	21	193	0	3	1339	2636
彳	u	s	0	5	0	21	194	0	3	1339	2636
利	i	r	0	5	0	21	194	0	3	1339	2636
豕	d	g	0	5	0	21	194	0	3	1339	2636
豕	d	z	0	5	0	21	194	0	3	1339	2636
且	y	x	0	5	0	21	194	0	3	1339	2636
来	k	r	0	5	0	21	194	0	3	1339	2636
弟	p	s	0	5	0	21	194	0	3	1339	2636
俞	b	w	0	5	0	21	194	0	3	1339	2636
卵	k	s	0	5	0	21	194	0	3	1339	2636
黑	j	o	0	5	0	21	194	0	3	1339	2636
毛	v	r	0	5	0	21	194	0	3	1339	2636
民	n	v	0	5	0	21	194	0	3	1339	2636
骨	z	p	0	5	0	21	194	0	3	1339	2636
单	o	n	0	5	0	21	194	0	3	1339	2636
单	o	p	0	5	0	21	194	0	3	1339	2636
豕	d	b	0	5	0	21	195	0	3	1339	2636
豕	d	l	0	5	0	21	195	0	3	1339	2636
豕	d	y	0	5	0	21	195	0	3	1339	2636
豕	d	p	0	5	0	21	196	0	3	1339	2636
豕	d	q	0	5	0	21	196	0	3	1339	2636
豕	d	r	0	5	0	21	196	0	3	1339	2636
虫	b	q	0	5	0	21	197	0	3	1339	2636
鬼	t	f	0	5	0	21	190	0	3	1339	2635
鬼	t	m	0	5	0	21	190	0	3	1339	2635
鬼	t	s	0	5	0	21	190	0	3	1339	2635
鬼	t	h	0	5	0	21	191	0	3	1339	2635
向	t	y	0	5	0	21	191	0	3	1339	2635
龙	t	u	0	5	0	21	191	0	3	1339	2635
龙	t	v	0	5	0	21	191	0	3	1339	2635
束	b	q	0	5	0	21	191	0	3	1339	2635
豕	d	j	0	5	0	21	192	0	3	1339	2635
兼	h	c	0	5	0	21	192	0	3	1339	2635
行	b	g	0	5	0	21	192	0	3	1339	2635
行	b	x	0	5	0	21	192	0	3	1339	2635
勿	n	b	0	5	0	21	192	0	3	1339	2635
勿	n	k	0	5	0	21	192	0	3	1339	2635
勿	n	q	0	5	0	21	192	0	3	1339	2635
角	p	y	0	5	0	21	192	0	3	1339	2635
今	z	p	0	5	0	21	192	0	3	1339	2635
刍	g	z	0	5	0	21	192	0	3	1339	2635
弟	p	e	0	5	0	21	192	0	3	1339	2635
弗	p	k	0	5	0	21	192	0	3	1339	2635
弗	p	r	0	5	0	21	192	0	3	1339	2635
卵	k	a	0	5	0	21	192	0	3	1339	2635
斤	t	r	0	5	0	21	192	0	3	1339	2635
束	b	n	0	5	0	21	192	0	3	1339	2635
尧	k	e	0	5	0	21	192	0	3	1339	2635
尧	k	i	0	5	0	21	192	0	3	1339	2635
尧	k	v	0	5	0	21	192	0	3	1339	2635
尧	k	z	0	5	0	21	192	0	3	1339	2635
丘	y	o	0	5	0	21	192	0	3	1339	2635
丘	y	p	0	5	0	21	192	0	3	1339	2635
丘	y	w	0	5	0	21	192	0	3	1339	2635
耳	b	d	0	5	0	21	192	0	3	1339	2635
母	l	m	0	5	0	21	193	0	3	1339	2635
母	l	z	0	5	0	21	193	0	3	1339	2635
彳	u	q	0	5	0	21	193	0	3	1339	2635
鹿	p	d	0	5	0	21	193	0	3	1339	2635
龙	t	g	0	5	0	21	193	0	3	1339	2635
龙	t	s	0	5	0	21	193	0	3	1339	2635
束	b	k	0	5	0	21	193	0	3	1339	2635
乃	r	b	0	5	0	21	193	0	3	1339	2635
乃	r	f	0	5	0	21	193	0	3	1339	2635
乃	r	v	0	5	0	21	193	0	3	1339	2635
黑	j	a	0	5	0	21	193	0	3	1339	2635
黑	j	k	0	5	0	21	193	0	3	1339	2635
黑	j	n	0	5	0	21	193	0	3	1339	2635
骨	z	x	0	5	0	21	193	0	3	1339	2635
韦	k	a	0	5	0	21	193	0	3	1339	2635
卵	k	p	0	5	0	21	194	0	3	1339	2635
气	m	b	0	5	0	21	194	0	3	1339	2635
豕	d	k	0	5	0	21	195	0	3	1339	2635
豕	d	t	0	5	0	21	195	0	3	1339	2635
夕	m	q	0	5	0	21	195	0	3	1339	2635
匕	o	t	0	5	0	21	195	0	3	1339	2635
工	z	n	0	5	0	21	195	0	3	1339	2635
骨	z	r	0	5	0	21	195	0	3	1339	2635
豕	d	s	0	5	0	21	197	0	3	1339	2635
龙	t	z	0	5	0	21	191	0	3	1339	2634
行	b	t	0	5	0	21	192	0	3	1339	2634
向	t	n	0	5	0	21	192	0	3	1339	2634
刍	g	h	0	5	0	21	192	0	3	1339	2634
卵	k	c	0	5	0	21	192	0	3	1339	2634
气	m	y	0	5	0	21	192	0	3	1339	2634
丘	y	h	0	5	0	21	192	0	3	1339	2634
夕	m	t	0	5	0	21	193	0	3	1339	2634
刍	g	i	0	5	0	21	193	0	3	1339	2634
卵	k	f	0	5	0	21	193	0	3	1339	2634
鹿	p	l	0	5	0	21	193	0	3	1339	2634
黑	j	r	0	5	0	21	193	0	3	1339	2634
气	m	u	0	5	0	21	194	0	3	1339	2634
鹿	p	k	0	5	0	21	194	0	3	1339	2634
气	m	a	0	5	0	21	193	0	3	1339	2633
西	d	l	0	5	0	21	193	0	3	1339	2633
牛	u	f	0	5	0	21	195	0	3	1339	2633
气	m	v	0	5	0	21	193	0	3	1339	2632
犭	j	o	0	5	0	21	198	0	3	1339	2632
衣	q	g	0	5	0	21	193	0	3	1338	2640
耂	i	v	0	5	0	21	193	0	3	1338	2640
文	e	a	0	5	0	21	192	0	3	1338	2639
耂	i	j	0	5	0	21	192	0	3	1338	2639
刀	l	y	0	5	0	21	193	0	3	1338	2639
耂	i	g	0	5	0	21	193	0	3	1338	2639
文	e	n	0	5	0	21	194	0	3	1338	2639
耂	i	a	0	5	0	21	194	0	3	1338	2639
刀	l	j	0	5	0	21	196	0	3	1338	2639
白	n	t	0	5	0	21	190	0	3	1338	2638
囗	l	s	0	5	0	21	192	0	3	1338	2638
文	e	d	0	5	0	21	192	0	3	1338	2638
止	s	o	0	5	0	21	194	0	3	1338	2638
衣	q	a	0	5	0	21	195	0	3	1338	2638
鸟	s	a	0	5	0	21	189	0	3	1338	2637
方	t	d	0	5	0	21	191	0	3	1338	2637
里	v	q	0	5	0	21	191	0	3	1338	2637
氏	s	i	0	5	0	21	191	0	3	1338	2637
氏	s	j	0	5	0	21	191	0	3	1338	2637
韦	k	u	0	5	0	21	191	0	3	1338	2637
佥	a	k	0	5	0	21	192	0	3	1338	2637
马	h	m	0	5	0	21	192	0	3	1338	2637
以	t	g	0	5	0	21	192	0	3	1338	2637
以	t	i	0	5	0	21	192	0	3	1338	2637
以	t	j	0	5	0	21	192	0	3	1338	2637
以	t	z	0	5	0	21	192	0	3	1338	2637
丽	o	c	0	5	0	21	192	0	3	1338	2637
丽	o	p	0	5	0	21	192	0	3	1338	2637
丽	o	u	0	5	0	21	192	0	3	1338	2637
子	l	d	0	5	0	21	192	0	3	1338	2637
井	b	c	0	5	0	21	192	0	3	1338	2637
井	b	e	0	5	0	21	192	0	3	1338	2637
井	b	k	0	5	0	21	192	0	3	1338	2637
井	b	m	0	5	0	21	192	0	3	1338	2637
井	b	o	0	5	0	21	192	0	3	1338	2637
井	b	q	0	5	0	21	192	0	3	1338	2637
今	z	o	0	5	0	21	192	0	3	1338	2637
片	o	u	0	5	0	21	192	0	3	1338	2637
及	m	p	0	5	0	21	192	0	3	1338	2637
及	m	q	0	5	0	21	192	0	3	1338	2637
艮	f	y	0	5	0	21	192	0	3	1338	2637
毛	v	j	0	5	0	21	192	0	3	1338	2637
至	n	o	0	5	0	21	192	0	3	1338	2637
囗	l	d	0	5	0	21	193	0	3	1338	2637
佥	a	t	0	5	0	21	193	0	3	1338	2637
以	t	a	0	5	0	21	193	0	3	1338	2637
习	j	y	0	5	0	21	193	0	3	1338	2637
里	v	u	0	5	0	21	193	0	3	1338	2637
丽	o	e	0	5	0	21	193	0	3	1338	2637
丽	o	g	0	5	0	21	193	0	3	1338	2637
丽	o	s	0	5	0	21	193	0	3	1338	2637
及	m	a	0	5	0	21	193	0	3	1338	2637
艮	f	b	0	5	0	21	193	0	3	1338	2637
艮	f	o	0	5	0	21	193	0	3	1338	2637
氏	s	e	0	5	0	21	193	0	3	1338	2637
氏	s	t	0	5	0	21	193	0	3	1338	2637
氏	s	x	0	5	0	21	193	0	3	1338	2637
氏	s	z	0	5	0	21	193	0	3	1338	2637
耂	i	q	0	5	0	21	193	0	3	1338	2637
佥	a	r	0	5	0	21	194	0	3	1338	2637
以	t	f	0	5	0	21	194	0	3	1338	2637
以	t	p	0	5	0	21	194	0	3	1338	2637
习	j	a	0	5	0	21	194	0	3	1338	2637
及	m	c	0	5	0	21	194	0	3	1338	2637
艮	f	r	0	5	0	21	194	0	3	1338	2637
耂	i	n	0	5	0	21	195	0	3	1338	2637
白	n	g	0	5	0	21	184	0	3	1338	2636
斤	t	e	0	5	0	21	189	0	3	1338	2636
隹	l	e	0	5	0	21	189	0	3	1338	2636
隹	l	j	0	5	0	21	189	0	3	1338	2636
亠	z	d	0	5	0	21	190	0	3	1338	2636
方	t	y	0	5	0	21	191	0	3	1338	2636
音	z	a	0	5	0	21	191	0	3	1338	2636
音	z	d	0	5	0	21	191	0	3	1338	2636
音	z	h	0	5	0	21	191	0	3	1338	2636
古	t	o	0	5	0	21	191	0	3	1338	2636
古	t	q	0	5	0	21	191	0	3	1338	2636
示	p	e	0	5	0	21	191	0	3	1338	2636
示	p	i	0	5	0	21	191	0	3	1338	2636
示	p	n	0	5	0	21	191	0	3	1338	2636
予	o	i	0	5	0	21	191	0	3	1338	2636
氏	s	h	0	5	0	21	191	0	3	1338	2636
专	n	t	0	5	0	21	192	0	3	1338	2636
利	i	g	0	5	0	21	192	0	3	1338	2636
利	i	p	0	5	0	21	192	0	3	1338	2636
象	k	a	0	5	0	21	192	0	3	1338	2636
象	k	b	0	5	0	21	192	0	3	1338	2636
象	k	m	0	5	0	21	192	0	3	1338	2636
象	k	u	0	5	0	21	192	0	3	1338	2636
象	k	z	0	5	0	21	192	0	3	1338	2636
兼	h	o	0	5	0	21	192	0	3	1338	2636
厶	n	o	0	5	0	21	192	0	3	1338	2636
辛	s	e	0	5	0	21	192	0	3	1338	2636
五	o	a	0	5	0	21	192	0	3	1338	2636
五	o	b	0	5	0	21	192	0	3	1338	2636
五	o	c	0	5	0	21	192	0	3	1338	2636
五	o	h	0	5	0	21	192	0	3	1338	2636
也	l	q	0	5	0	21	192	0	3	1338	2636
也	l	r	0	5	0	21	192	0	3	1338	2636
也	l	v	0	5	0	21	192	0	3	1338	2636
也	l	x	0	5	0	21	192	0	3	1338	2636
商	o	i	0	5	0	21	192	0	3	1338	2636
向	t	s	0	5	0	21	192	0	3	1338	2636
示	p	q	0	5	0	21	192	0	3	1338	2636
今	z	c	0	5	0	21	192	0	3	1338	2636
刍	g	t	0	5	0	21	192	0	3	1338	2636
付	j	u	0	5	0	21	192	0	3	1338	2636
弗	p	a	0	5	0	21	192	0	3	1338	2636
弗	p	e	0	5	0	21	192	0	3	1338	2636
弗	p	h	0	5	0	21	192	0	3	1338	2636
弗	p	l	0	5	0	21	192	0	3	1338	2636
弗	p	o	0	5	0	21	192	0	3	1338	2636
无	v	a	0	5	0	21	192	0	3	1338	2636
无	v	e	0	5	0	21	192	0	3	1338	2636
无	v	h	0	5	0	21	192	0	3	1338	2636
居	o	b	0	5	0	21	192	0	3	1338	2636
居	o	c	0	5	0	21	192	0	3	1338	2636
暴	p	e	0	5	0	21	192	0	3	1338	2636
暴	p	k	0	5	0	21	192	0	3	1338	2636
暴	p	m	0	5	0	21	192	0	3	1338	2636
暴	p	q	0	5	0	21	192	0	3	1338	2636
黑	j	s	0	5	0	21	192	0	3	1338	2636
黑	j	w	0	5	0	21	192	0	3	1338	2636
莫	b	j	0	5	0	21	192	0	3	1338	2636
莫	b	l	0	5	0	21	192	0	3	1338	2636
击	t	a	0	5	0	21	192	0	3	1338	2636
击	t	j	0	5	0	21	192	0	3	1338	2636
民	n	e	0	5	0	21	192	0	3	1338	2636
瓦	g	q	0	5	0	21	192	0	3	1338	2636
鬲	y	i	0	5	0	21	192	0	3	1338	2636
丘	y	m	0	5	0	21	192	0	3	1338	2636
单	o	e	0	5	0	21	192	0	3	1338	2636
长	j	x	0	5	0	21	192	0	3	1338	2636
长	j	z	0	5	0	21	192	0	3	1338	2636
永	o	d	0	5	0	21	192	0	3	1338	2636
九	p	g	0	5	0	21	192	0	3	1338	2636
耂	i	d	0	5	0	21	192	0	3	1338	2636
之	t	b	0	5	0	21	192	0	3	1338	2636
之	t	e	0	5	0	21	192	0	3	1338	2636
之	t	h	0	5	0	21	192	0	3	1338	2636
之	t	k	0	5	0	21	192	0	3	1338	2636
之	t	p	0	5	0	21	192	0	3	1338	2636
之	t	r	0	5	0	21	192	0	3	1338	2636
鸟	s	c	0	5	0	21	192	0	3	1338	2636
彳	u	m	0	5	0	21	193	0	3	1338	2636
未	t	o	0	5	0	21	193	0	3	1338	2636
利	i	c	0	5	0	21	193	0	3	1338	2636
利	i	e	0	5	0	21	193	0	3	1338	2636
利	i	z	0	5	0	21	193	0	3	1338	2636
习	j	q	0	5	0	21	193	0	3	1338	2636
丽	o	d	0	5	0	21	193	0	3	1338	2636
古	t	a	0	5	0	21	193	0	3	1338	2636
刍	g	a	0	5	0	21	193	0	3	1338	2636
付	j	a	0	5	0	21	193	0	3	1338	2636
付	j	h	0	5	0	21	193	0	3	1338	2636
付	j	w	0	5	0	21	193	0	3	1338	2636
无	v	c	0	5	0	21	193	0	3	1338	2636
文	e	g	0	5	0	21	193	0	3	1338	2636
居	o	y	0	5	0	21	193	0	3	1338	2636
乃	r	m	0	5	0	21	193	0	3	1338	2636
莫	b	c	0	5	0	21	193	0	3	1338	2636
骨	z	l	0	5	0	21	193	0	3	1338	2636
单	o	y	0	5	0	21	193	0	3	1338	2636
永	o	n	0	5	0	21	193	0	3	1338	2636
之	t	a	0	5	0	21	193	0	3	1338	2636
之	t	o	0	5	0	21	193	0	3	1338	2636
丽	o	r	0	5	0	21	194	0	3	1338	2636
角	p	z	0	5	0	21	194	0	3	1338	2636
予	o	z	0	5	0	21	194	0	3	1338	2636
巾	a	l	0	5	0	21	194	0	3	1338	2636
骨	z	c	0	5	0	21	194	0	3	1338	2636
犭	j	y	0	5	0	21	194	0	3	1338	2636
未	t	h	0	5	0	21	195	0	3	1338	2636
付	j	l	0	5	0	21	196	0	3	1338	2636
鱼	t	z	0	5	0	21	196	0	3	1338	2636
里	v	b	0	5	0	21	191	0	3	1338	2635
向	t	j	0	5	0	21	191	0	3	1338	2635
束	b	g	0	5	0	21	191	0	3	1338	2635
至	n	r	0	5	0	21	191	0	3	1338	2635
兼	h	e	0	5	0	21	192	0	3	1338	2635
兼	h	g	0	5	0	21	192	0	3	1338	2635
兼	h	k	0	5	0	21	192	0	3	1338	2635
兼	h	r	0	5	0	21	192	0	3	1338	2635
行	b	c	0	5	0	21	192	0	3	1338	2635
里	v	r	0	5	0	21	192	0	3	1338	2635
古	t	p	0	5	0	21	192	0	3	1338	2635
向	t	m	0	5	0	21	192	0	3	1338	2635
予	o	a	0	5	0	21	192	0	3	1338	2635
刍	g	d	0	5	0	21	192	0	3	1338	2635
刍	g	f	0	5	0	21	192	0	3	1338	2635
刍	g	o	0	5	0	21	192	0	3	1338	2635
刍	g	p	0	5	0	21	192	0	3	1338	2635
刍	g	s	0	5	0	21	192	0	3	1338	2635
弗	p	c	0	5	0	21	192	0	3	1338	2635
弗	p	f	0	5	0	21	192	0	3	1338	2635
弗	p	n	0	5	0	21	192	0	3	1338	2635
击	t	p	0	5	0	21	192	0	3	1338	2635
牙	d	c	0	5	0	21	192	0	3	1338	2635
丘	y	c	0	5	0	21	192	0	3	1338	2635
丘	y	r	0	5	0	21	192	0	3	1338	2635
单	o	d	0	5	0	21	192	0	3	1338	2635
长	j	i	0	5	0	21	192	0	3	1338	2635
牛	u	y	0	5	0	21	192	0	3	1338	2635
鬼	t	z	0	5	0	21	193	0	3	1338	2635
行	b	o	0	5	0	21	193	0	3	1338	2635
几	d	g	0	5	0	21	193	0	3	1338	2635
角	p	a	0	5	0	21	193	0	3	1338	2635
刍	g	w	0	5	0	21	193	0	3	1338	2635
卵	k	n	0	5	0	21	193	0	3	1338	2635
乃	r	z	0	5	0	21	193	0	3	1338	2635
黑	j	b	0	5	0	21	193	0	3	1338	2635
黑	j	c	0	5	0	21	193	0	3	1338	2635
击	t	g	0	5	0	21	193	0	3	1338	2635
单	o	q	0	5	0	21	193	0	3	1338	2635
兼	h	b	0	5	0	21	194	0	3	1338	2635
工	z	s	0	5	0	21	194	0	3	1338	2635
击	t	n	0	5	0	21	194	0	3	1338	2635
击	t	o	0	5	0	21	194	0	3	1338	2635
单	o	r	0	5	0	21	194	0	3	1338	2635
牛	u	g	0	5	0	21	194	0	3	1338	2635
工	z	p	0	5	0	21	195	0	3	1338	2635
夕	m	p	0	5	0	21	198	0	3	1338	2635
白	n	p	0	5	0	21	190	0	3	1338	2634
向	t	z	0	5	0	21	191	0	3	1338	2634
雨	m	p	0	5	0	21	191	0	3	1338	2634
行	b	k	0	5	0	21	192	0	3	1338	2634
夕	m	b	0	5	0	21	192	0	3	1338	2634
角	p	h	0	5	0	21	192	0	3	1338	2634
向	t	e	0	5	0	21	192	0	3	1338	2634
刍	g	e	0	5	0	21	192	0	3	1338	2634
刍	g	r	0	5	0	21	192	0	3	1338	2634
卵	k	m	0	5	0	21	192	0	3	1338	2634
行	b	v	0	5	0	21	193	0	3	1338	2634
角	p	c	0	5	0	21	193	0	3	1338	2634
角	p	e	0	5	0	21	193	0	3	1338	2634
向	t	p	0	5	0	21	194	0	3	1338	2634
丰	x	o	0	5	0	21	188	0	3	1338	2633
且	y	i	0	5	0	21	190	0	3	1338	2633
行	b	h	0	5	0	21	192	0	3	1338	2633
音	z	p	0	5	0	21	192	0	3	1338	2633
鹿	p	q	0	5	0	21	192	0	3	1338	2633
丘	y	g	0	5	0	21	192	0	3	1338	2633
牛	u	k	0	5	0	21	192	0	3	1338	2633
耳	b	a	0	5	0	21	192	0	3	1338	2633
几	d	v	0	5	0	21	194	0	3	1338	2633
刍	g	c	0	5	0	21	194	0	3	1338	2633
气	m	h	0	5	0	21	194	0	3	1338	2633
行	b	s	0	5	0	21	193	0	3	1338	2632
雨	m	v	0	5	0	21	194	0	3	1338	2632
饣	m	h	0	5	0	21	196	0	3	1338	2632
亠	z	n	0	5	0	21	196	0	3	1338	2632
牛	u	r	0	5	0	21	196	0	3	1338	2632
戈	d	b	0	5	0	21	194	0	3	1338	2631
耂	i	b	0	5	0	21	192	0	3	1337	2639
耂	i	z	0	5	0	21	193	0	3	1337	2638
方	t	l	0	5	0	21	192	0	3	1337	2637
耂	i	u	0	5	0	21	193	0	3	1337	2637
音	z	m	0	5	0	21	191	0	3	1337	2636
九	p	h	0	5	0	21	192	0	3	1337	2636
井	b	n	0	5	0	21	193	0	3	1337	2636
耂	i	r	0	5	0	21	193	0	3	1337	2636
习	j	p	0	5	0	21	194	0	3	1337	2636
习	j	s	0	5	0	21	195	0	3	1337	2636
丰	x	d	0	5	0	21	187	0	3	1337	2635
向	t	a	0	5	0	21	191	0	3	1337	2635
隹	l	i	0	5	0	21	191	0	3	1337	2635
未	t	j	0	5	0	21	192	0	3	1337	2635
弗	p	w	0	5	0	21	192	0	3	1337	2635
山	i	w	0	5	0	21	192	0	3	1337	2635
未	t	e	0	5	0	21	193	0	3	1337	2635
方	t	h	0	5	0	21	193	0	3	1337	2635
里	v	z	0	5	0	21	193	0	3	1337	2635
囗	l	v	0	5	0	21	194	0	3	1337	2635
干	c	a	0	5	0	21	194	0	3	1337	2635
九	p	r	0	5	0	21	194	0	3	1337	2635
耳	b	z	0	5	0	21	194	0	3	1337	2635
丰	x	c	0	5	0	21	188	0	3	1337	2634
丰	x	z	0	5	0	21	189	0	3	1337	2634
彳	u	l	0	5	0	21	191	0	3	1337	2634
行	b	e	0	5	0	21	192	0	3	1337	2634
爫	z	m	0	5	0	21	192	0	3	1337	2634
牛	u	t	0	5	0	21	193	0	3	1337	2634
彳	u	g	0	5	0	21	194	0	3	1337	2634
行	b	r	0	5	0	21	194	0	3	1337	2634
隹	l	q	0	5	0	21	189	0	3	1337	2633
今	z	r	0	5	0	21	192	0	3	1337	2633
行	b	p	0	5	0	21	193	0	3	1337	2633
角	p	s	0	5	0	21	193	0	3	1337	2633
干	c	p	0	5	0	21	199	0	3	1337	2633
音	z	f	0	5	0	21	193	0	3	1337	2632
耳	b	c	0	5	0	21	194	0	3	1337	2630
廿	j	b	0	5	0	21	196	0	3	1337	2630
且	y	o	0	5	0	21	191	0	3	1336	2634
立	t	s	0	5	0	21	190	0	3	1336	2633
亠	z	o	0	5	0	21	191	0	3	1336	2633
方	t	z	0	5	0	21	192	0	3	1336	2633
向	t	u	0	5	0	21	192	0	3	1336	2633
牛	u	e	0	5	0	21	193	0	3	1336	2633
牛	u	v	0	5	0	21	195	0	3	1336	2633
彳	u	e	0	5	0	21	194	0	3	1336	2632
足	l	e	0	5	0	21	201	0	3	1336	2632
束	b	f	0	5	0	21	192	0	3	1336	2631
耳	b	q	0	5	0	21	194	0	3	1336	2629
耂	i	f	0	5	0	21	193	0	3	1335	2637
禾	p	v	0	5	0	21	189	0	3	1334	2633
亠	z	c	0	5	0	21	193	0	3	1334	2630
亠	z	t	0	5	0	21	191	0	3	1332	2629
卜	e	h	0	5	0	21	191	0	4	1340	2637
以	t	r	0	5	0	21	192	0	4	1339	2637
卜	e	p	0	5	0	21	191	0	4	1339	2635
长	j	e	0	5	0	21	192	0	4	1338	2635
力	f	s	0	5	0	21	194	0	4	1337	2636
白	n	r	0	5	0	21	192	0	4	1336	2633
斤	t	f	0	5	0	22	190	0	3	1340	2637
竹	b	l	0	5	0	22	193	0	3	1340	2636
止	s	y	0	5	0	22	192	0	3	1339	2639
厶	n	t	0	5	0	22	193	0	3	1339	2639
耂	i	o	0	5	0	22	193	0	3	1339	2639
厶	n	d	0	5	0	22	190	0	3	1339	2638
韦	k	j	0	5	0	22	192	0	3	1339	2638
辛	s	c	0	5	0	22	193	0	3	1339	2638
毛	v	p	0	5	0	22	193	0	3	1339	2638
矢	a	v	0	5	0	22	195	0	3	1339	2638
及	m	x	0	5	0	22	195	0	3	1339	2638
毛	v	b	0	5	0	22	195	0	3	1339	2638
氏	s	b	0	5	0	22	196	0	3	1339	2638
里	v	a	0	5	0	22	192	0	3	1339	2637
束	b	m	0	5	0	22	192	0	3	1339	2637
束	b	y	0	5	0	22	192	0	3	1339	2637
韦	k	g	0	5	0	22	192	0	3	1339	2637
辶	l	g	0	5	0	22	193	0	3	1339	2637
臣	o	p	0	5	0	22	193	0	3	1339	2637
臣	o	t	0	5	0	22	193	0	3	1339	2637
臣	o	y	0	5	0	22	193	0	3	1339	2637
禸	n	c	0	5	0	22	193	0	3	1339	2637
禸	n	w	0	5	0	22	193	0	3	1339	2637
禸	n	z	0	5	0	22	193	0	3	1339	2637
夷	e	a	0	5	0	22	193	0	3	1339	2637
夷	e	s	0	5	0	22	193	0	3	1339	2637
夷	e	t	0	5	0	22	193	0	3	1339	2637
殳	w	l	0	5	0	22	193	0	3	1339	2637
兔	a	b	0	5	0	22	193	0	3	1339	2637
五	o	t	0	5	0	22	193	0	3	1339	2637
也	l	e	0	5	0	22	193	0	3	1339	2637
甫	g	d	0	5	0	22	193	0	3	1339	2637
卵	k	h	0	5	0	22	193	0	3	1339	2637
暴	p	y	0	5	0	22	193	0	3	1339	2637
永	o	p	0	5	0	22	193	0	3	1339	2637
韦	k	z	0	5	0	22	193	0	3	1339	2637
臣	o	f	0	5	0	22	194	0	3	1339	2637
禸	n	v	0	5	0	22	194	0	3	1339	2637
夷	e	h	0	5	0	22	194	0	3	1339	2637
夷	e	q	0	5	0	22	194	0	3	1339	2637
俞	b	l	0	5	0	22	194	0	3	1339	2637
艮	f	z	0	5	0	22	194	0	3	1339	2637
黑	j	d	0	5	0	22	194	0	3	1339	2637
瓦	g	k	0	5	0	22	194	0	3	1339	2637
豕	d	x	0	5	0	22	195	0	3	1339	2637
殳	w	t	0	5	0	22	195	0	3	1339	2637
鬲	y	x	0	5	0	22	195	0	3	1339	2637
单	o	h	0	5	0	22	195	0	3	1339	2637
禸	n	b	0	5	0	22	196	0	3	1339	2637
殳	w	b	0	5	0	22	196	0	3	1339	2637
皿	h	y	0	5	0	22	197	0	3	1339	2637
辶	l	v	0	5	0	22	198	0	3	1339	2637
虫	b	d	0	5	0	22	198	0	3	1339	2637
衣	q	o	0	5	0	22	198	0	3	1339	2637
且	y	m	0	5	0	22	191	0	3	1339	2636
鬼	t	y	0	5	0	22	192	0	3	1339	2636
且	y	p	0	5	0	22	192	0	3	1339	2636
古	t	m	0	5	0	22	192	0	3	1339	2636
向	t	d	0	5	0	22	192	0	3	1339	2636
母	l	d	0	5	0	22	193	0	3	1339	2636
象	k	q	0	5	0	22	193	0	3	1339	2636
鬼	t	v	0	5	0	22	193	0	3	1339	2636
厉	a	c	0	5	0	22	193	0	3	1339	2636
厉	a	h	0	5	0	22	193	0	3	1339	2636
厉	a	o	0	5	0	22	193	0	3	1339	2636
厉	a	r	0	5	0	22	193	0	3	1339	2636
厉	a	v	0	5	0	22	193	0	3	1339	2636
勿	n	a	0	5	0	22	193	0	3	1339	2636
勿	n	d	0	5	0	22	193	0	3	1339	2636
辛	s	f	0	5	0	22	193	0	3	1339	2636
丽	o	a	0	5	0	22	193	0	3	1339	2636
五	o	d	0	5	0	22	193	0	3	1339	2636
来	k	v	0	5	0	22	193	0	3	1339	2636
古	t	f	0	5	0	22	193	0	3	1339	2636
古	t	k	0	5	0	22	193	0	3	1339	2636
今	z	a	0	5	0	22	193	0	3	1339	2636
予	o	q	0	5	0	22	193	0	3	1339	2636
予	o	w	0	5	0	22	193	0	3	1339	2636
刍	g	v	0	5	0	22	193	0	3	1339	2636
弟	p	b	0	5	0	22	193	0	3	1339	2636
弟	p	l	0	5	0	22	193	0	3	1339	2636
弟	p	r	0	5	0	22	193	0	3	1339	2636
付	j	k	0	5	0	22	193	0	3	1339	2636
俞	b	j	0	5	0	22	193	0	3	1339	2636
俞	b	m	0	5	0	22	193	0	3	1339	2636
弗	p	q	0	5	0	22	193	0	3	1339	2636
无	v	l	0	5	0	22	193	0	3	1339	2636
无	v	r	0	5	0	22	193	0	3	1339	2636
无	v	z	0	5	0	22	193	0	3	1339	2636
暴	p	d	0	5	0	22	193	0	3	1339	2636
暴	p	v	0	5	0	22	193	0	3	1339	2636
民	n	g	0	5	0	22	193	0	3	1339	2636
瓦	g	r	0	5	0	22	193	0	3	1339	2636
丘	y	n	0	5	0	22	193	0	3	1339	2636
单	o	i	0	5	0	22	193	0	3	1339	2636
单	o	k	0	5	0	22	193	0	3	1339	2636
单	o	v	0	5	0	22	193	0	3	1339	2636
长	j	a	0	5	0	22	193	0	3	1339	2636
长	j	k	0	5	0	22	193	0	3	1339	2636
长	j	t	0	5	0	22	193	0	3	1339	2636
永	o	r	0	5	0	22	193	0	3	1339	2636
之	t	c	0	5	0	22	193	0	3	1339	2636
母	l	o	0	5	0	22	194	0	3	1339	2636
兼	h	f	0	5	0	22	194	0	3	1339	2636
厉	a	i	0	5	0	22	194	0	3	1339	2636
厉	a	t	0	5	0	22	194	0	3	1339	2636
勿	n	s	0	5	0	22	194	0	3	1339	2636
矢	a	o	0	5	0	22	194	0	3	1339	2636
五	o	l	0	5	0	22	194	0	3	1339	2636
五	o	n	0	5	0	22	194	0	3	1339	2636
五	o	r	0	5	0	22	194	0	3	1339	2636
爫	z	o	0	5	0	22	194	0	3	1339	2636
也	l	s	0	5	0	22	194	0	3	1339	2636
古	t	s	0	5	0	22	194	0	3	1339	2636
卵	k	o	0	5	0	22	194	0	3	1339	2636
无	v	d	0	5	0	22	194	0	3	1339	2636
居	o	x	0	5	0	22	194	0	3	1339	2636
毛	v	y	0	5	0	22	194	0	3	1339	2636
牙	d	e	0	5	0	22	194	0	3	1339	2636
永	o	x	0	5	0	22	194	0	3	1339	2636
之	t	f	0	5	0	22	194	0	3	1339	2636
干	c	f	0	5	0	22	195	0	3	1339	2636
夕	m	g	0	5	0	22	195	0	3	1339	2636
爫	z	b	0	5	0	22	195	0	3	1339	2636
无	v	n	0	5	0	22	195	0	3	1339	2636
黑	j	v	0	5	0	22	195	0	3	1339	2636
俞	b	c	0	5	0	22	196	0	3	1339	2636
毛	v	k	0	5	0	22	196	0	3	1339	2636
鸟	s	q	0	5	0	22	196	0	3	1339	2636
鬼	t	g	0	5	0	22	191	0	3	1339	2635
龙	t	c	0	5	0	22	192	0	3	1339	2635
行	b	m	0	5	0	22	193	0	3	1339	2635
兔	a	k	0	5	0	22	193	0	3	1339	2635
几	d	k	0	5	0	22	193	0	3	1339	2635
古	t	n	0	5	0	22	193	0	3	1339	2635
刍	g	u	0	5	0	22	193	0	3	1339	2635
束	b	t	0	5	0	22	193	0	3	1339	2635
黑	j	f	0	5	0	22	193	0	3	1339	2635
黑	j	l	0	5	0	22	193	0	3	1339	2635
莫	b	r	0	5	0	22	193	0	3	1339	2635
黑	j	x	0	5	0	22	194	0	3	1339	2635
豕	d	m	0	5	0	22	195	0	3	1339	2635
予	o	s	0	5	0	22	195	0	3	1339	2635
豕	d	v	0	5	0	22	196	0	3	1339	2635
亠	z	w	0	5	0	22	196	0	3	1339	2635
骨	z	i	0	5	0	22	196	0	3	1339	2635
耳	b	g	0	5	0	22	197	0	3	1339	2635
豕	d	o	0	5	0	22	198	0	3	1339	2635
鬼	t	r	0	5	0	22	192	0	3	1339	2634
古	t	x	0	5	0	22	192	0	3	1339	2634
向	t	c	0	5	0	22	192	0	3	1339	2634
雨	m	y	0	5	0	22	192	0	3	1339	2634
米	k	h	0	5	0	22	194	0	3	1339	2634
鹿	p	m	0	5	0	22	194	0	3	1339	2634
鹿	p	y	0	5	0	22	194	0	3	1339	2634
鹿	p	o	0	5	0	22	195	0	3	1339	2634
鹿	p	w	0	5	0	22	196	0	3	1339	2634
鱼	t	s	0	5	0	22	206	0	3	1339	2634
且	y	w	0	5	0	22	191	0	3	1339	2633
牛	u	z	0	5	0	22	193	0	3	1339	2633
耳	b	f	0	5	0	22	193	0	3	1339	2633
工	z	q	0	5	0	22	194	0	3	1339	2633
气	m	i	0	5	0	22	194	0	3	1339	2633
鹿	p	e	0	5	0	22	194	0	3	1339	2633
气	m	s	0	5	0	22	196	0	3	1339	2633
气	m	n	0	5	0	22	198	0	3	1339	2633
夕	m	f	0	5	0	22	194	0	3	1339	2632
爫	z	k	0	5	0	22	194	0	3	1339	2632
西	d	t	0	5	0	22	197	0	3	1339	2629
文	e	w	0	5	0	22	195	0	3	1338	2638
鱼	t	a	0	5	0	22	201	0	3	1338	2638
佥	a	g	0	5	0	22	193	0	3	1338	2637
以	t	e	0	5	0	22	193	0	3	1338	2637
井	b	f	0	5	0	22	193	0	3	1338	2637
束	b	d	0	5	0	22	193	0	3	1338	2637
氏	s	v	0	5	0	22	193	0	3	1338	2637
及	m	g	0	5	0	22	194	0	3	1338	2637
氏	s	c	0	5	0	22	194	0	3	1338	2637
习	j	h	0	5	0	22	195	0	3	1338	2637
丰	x	q	0	5	0	22	189	0	3	1338	2636
立	t	u	0	5	0	22	190	0	3	1338	2636
里	v	c	0	5	0	22	192	0	3	1338	2636
里	v	x	0	5	0	22	192	0	3	1338	2636
示	p	t	0	5	0	22	192	0	3	1338	2636
隹	l	o	0	5	0	22	192	0	3	1338	2636
象	k	p	0	5	0	22	193	0	3	1338	2636
五	o	e	0	5	0	22	193	0	3	1338	2636
也	l	b	0	5	0	22	193	0	3	1338	2636
示	p	c	0	5	0	22	193	0	3	1338	2636
付	j	g	0	5	0	22	193	0	3	1338	2636
弗	p	g	0	5	0	22	193	0	3	1338	2636
莫	b	p	0	5	0	22	193	0	3	1338	2636
毛	v	q	0	5	0	22	193	0	3	1338	2636
鬲	y	f	0	5	0	22	193	0	3	1338	2636
隹	l	r	0	5	0	22	193	0	3	1338	2636
未	t	y	0	5	0	22	194	0	3	1338	2636
习	j	z	0	5	0	22	194	0	3	1338	2636
工	z	o	0	5	0	22	194	0	3	1338	2636
予	o	h	0	5	0	22	194	0	3	1338	2636
予	o	r	0	5	0	22	194	0	3	1338	2636
无	v	x	0	5	0	22	194	0	3	1338	2636
氏	s	n	0	5	0	22	194	0	3	1338	2636
马	h	v	0	5	0	22	195	0	3	1338	2636
习	j	g	0	5	0	22	195	0	3	1338	2636
子	l	p	0	5	0	22	195	0	3	1338	2636
予	o	c	0	5	0	22	195	0	3	1338	2636
子	l	s	0	5	0	22	197	0	3	1338	2636
且	y	d	0	5	0	22	192	0	3	1338	2635
古	t	e	0	5	0	22	192	0	3	1338	2635
束	b	l	0	5	0	22	192	0	3	1338	2635
骨	z	g	0	5	0	22	192	0	3	1338	2635
未	t	a	0	5	0	22	193	0	3	1338	2635
囗	l	g	0	5	0	22	193	0	3	1338	2635
向	t	q	0	5	0	22	193	0	3	1338	2635
予	o	v	0	5	0	22	193	0	3	1338	2635
击	t	l	0	5	0	22	193	0	3	1338	2635
囗	l	w	0	5	0	22	195	0	3	1338	2635
莫	b	n	0	5	0	22	195	0	3	1338	2635
鱼	t	u	0	5	0	22	191	0	3	1338	2634
音	z	b	0	5	0	22	193	0	3	1338	2634
角	p	n	0	5	0	22	193	0	3	1338	2634
气	m	j	0	5	0	22	193	0	3	1338	2634
囗	l	p	0	5	0	22	194	0	3	1338	2634
且	y	n	0	5	0	22	194	0	3	1338	2634
击	t	s	0	5	0	22	194	0	3	1338	2634
耳	b	p	0	5	0	22	194	0	3	1338	2634
几	d	x	0	5	0	22	197	0	3	1338	2634
雨	m	d	0	5	0	22	192	0	3	1338	2633
爫	z	d	0	5	0	22	193	0	3	1338	2633
牛	u	d	0	5	0	22	193	0	3	1338	2633
几	d	a	0	5	0	22	194	0	3	1338	2633
气	m	k	0	5	0	22	195	0	3	1338	2632
犭	j	h	0	5	0	22	196	0	3	1338	2632
犭	j	m	0	5	0	22	194	0	3	1338	2631
气	m	z	0	5	0	22	195	0	3	1338	2631
足	l	u	0	5	0	22	196	0	3	1338	2631
犭	j	b	0	5	0	22	199	0	3	1338	2631
犭	j	k	0	5	0	22	196	0	3	1338	2629
足	l	n	0	5	0	22	203	0	3	1338	2628
礻	u	f	0	5	0	22	203	0	3	1338	2626
礻	u	q	0	5	0	22	201	0	3	1338	2625
石	y	z	0	5	0	22	197	0	3	1338	2623
文	e	h	0	5	0	22	193	0	3	1337	2637
耂	i	s	0	5	0	22	194	0	3	1337	2637
鸟	s	e	0	5	0	22	191	0	3	1337	2636
文	e	q	0	5	0	22	193	0	3	1337	2636
矢	a	t	0	5	0	22	194	0	3	1337	2636
文	e	c	0	5	0	22	194	0	3	1337	2636
鱼	t	l	0	5	0	22	198	0	3	1337	2636
方	t	p	0	5	0	22	192	0	3	1337	2635
饣	m	v	0	5	0	22	194	0	3	1337	2635
未	t	c	0	5	0	22	194	0	3	1337	2635
丰	x	b	0	5	0	22	190	0	3	1337	2634
且	y	u	0	5	0	22	191	0	3	1337	2634
方	t	e	0	5	0	22	194	0	3	1337	2634
耳	b	t	0	5	0	22	194	0	3	1337	2634
饣	m	d	0	5	0	22	193	0	3	1337	2633
廿	j	u	0	5	0	22	193	0	3	1337	2633
击	t	r	0	5	0	22	194	0	3	1337	2633
丰	x	v	0	5	0	22	188	0	3	1337	2632
丰	x	t	0	5	0	22	191	0	3	1337	2632
尸	c	v	0	5	0	22	193	0	3	1337	2631
耳	b	w	0	5	0	22	194	0	3	1337	2631
彳	u	n	0	5	0	22	197	0	3	1337	2630
足	l	p	0	5	0	22	197	0	3	1337	2630
礻	u	l	0	5	0	22	199	0	3	1337	2630
匚	k	z	0	5	0	22	192	0	3	1336	2635
且	y	e	0	5	0	22	192	0	3	1336	2634
方	t	u	0	5	0	22	192	0	3	1336	2633
片	o	e	0	5	0	22	192	0	3	1336	2633
亠	z	p	0	5	0	22	192	0	3	1336	2633
鱼	t	o	0	5	0	22	207	0	3	1336	2633
牛	u	o	0	5	0	22	196	0	3	1336	2632
囗	l	r	0	5	0	22	197	0	3	1336	2632
耳	b	l	0	5	0	22	196	0	3	1336	2631
彳	u	o	0	5	0	22	192	0	3	1336	2630
戈	d	k	0	5	0	22	196	0	3	1336	2630
犭	j	z	0	5	0	22	199	0	3	1336	2630
廿	j	o	0	5	0	22	197	0	3	1334	2629
戈	d	e	0	5	0	22	195	0	3	1334	2626
廿	j	r	0	5	0	22	198	0	3	1332	2625
厶	n	y	0	5	0	22	191	0	4	1340	2639
斤	t	a	0	5	0	22	192	0	4	1340	2637
卜	e	x	0	5	0	22	194	0	4	1340	2632
辛	s	b	0	5	0	22	194	0	4	1339	2639
厶	n	c	0	5	0	22	192	0	4	1339	2638
韦	k	b	0	5	0	22	192	0	4	1339	2638
辛	s	g	0	5	0	22	193	0	4	1339	2638
甫	g	x	0	5	0	22	193	0	4	1339	2638
毛	v	l	0	5	0	22	193	0	4	1339	2638
辛	s	v	0	5	0	22	194	0	4	1339	2638
甫	g	o	0	5	0	22	194	0	4	1339	2638
辶	l	y	0	5	0	22	192	0	4	1339	2637
今	z	h	0	5	0	22	192	0	4	1339	2637
象	k	v	0	5	0	22	193	0	4	1339	2637
殳	w	j	0	5	0	22	193	0	4	1339	2637
辛	s	r	0	5	0	22	193	0	4	1339	2637
五	o	k	0	5	0	22	193	0	4	1339	2637
商	o	y	0	5	0	22	193	0	4	1339	2637
甫	g	c	0	5	0	22	193	0	4	1339	2637
甫	g	l	0	5	0	22	193	0	4	1339	2637
甫	g	w	0	5	0	22	193	0	4	1339	2637
暴	p	c	0	5	0	22	193	0	4	1339	2637
禸	n	h	0	5	0	22	194	0	4	1339	2637
禸	n	x	0	5	0	22	194	0	4	1339	2637
夷	e	n	0	5	0	22	194	0	4	1339	2637
夷	e	v	0	5	0	22	194	0	4	1339	2637
甫	g	b	0	5	0	22	194	0	4	1339	2637
俞	b	d	0	5	0	22	194	0	4	1339	2637
辶	l	q	0	5	0	22	195	0	4	1339	2637
斤	t	c	0	5	0	22	192	0	4	1339	2636
母	l	x	0	5	0	22	193	0	4	1339	2636
利	i	d	0	5	0	22	193	0	4	1339	2636
衣	q	c	0	5	0	22	193	0	4	1339	2636
五	o	p	0	5	0	22	193	0	4	1339	2636
五	o	q	0	5	0	22	193	0	4	1339	2636
俞	b	s	0	5	0	22	193	0	4	1339	2636
无	v	p	0	5	0	22	193	0	4	1339	2636
居	o	n	0	5	0	22	193	0	4	1339	2636
乃	r	h	0	5	0	22	193	0	4	1339	2636
牙	d	f	0	5	0	22	193	0	4	1339	2636
牙	d	s	0	5	0	22	193	0	4	1339	2636
矢	a	z	0	5	0	22	194	0	4	1339	2636
工	z	l	0	5	0	22	194	0	4	1339	2636
俞	b	o	0	5	0	22	194	0	4	1339	2636
黑	j	i	0	5	0	22	194	0	4	1339	2636
毛	v	s	0	5	0	22	194	0	4	1339	2636
牙	d	a	0	5	0	22	194	0	4	1339	2636
九	p	o	0	5	0	22	194	0	4	1339	2636
彳	u	i	0	5	0	22	196	0	4	1339	2636
夕	m	y	0	5	0	22	193	0	4	1339	2635
予	o	j	0	5	0	22	193	0	4	1339	2635
勿	n	r	0	5	0	22	194	0	4	1339	2635
予	o	f	0	5	0	22	194	0	4	1339	2635
牙	d	r	0	5	0	22	194	0	4	1339	2635
九	p	n	0	5	0	22	195	0	4	1339	2635
豕	d	n	0	5	0	22	196	0	4	1339	2635
予	o	n	0	5	0	22	196	0	4	1339	2635
骨	z	n	0	5	0	22	197	0	4	1339	2635
母	l	r	0	5	0	22	193	0	4	1339	2634
今	z	s	0	5	0	22	193	0	4	1339	2634
鹿	p	u	0	5	0	22	194	0	4	1339	2634
犭	j	q	0	5	0	22	198	0	4	1339	2634
米	k	a	0	5	0	22	191	0	4	1339	2633
卜	e	n	0	5	0	22	192	0	4	1339	2631
爫	z	a	0	5	0	22	193	0	4	1339	2630
耂	i	t	0	5	0	22	193	0	4	1338	2639
衣	q	j	0	5	0	22	194	0	4	1338	2639
衣	q	i	0	5	0	22	193	0	4	1338	2638
韦	k	x	0	5	0	22	192	0	4	1338	2637
井	b	v	0	5	0	22	193	0	4	1338	2637
韦	k	p	0	5	0	22	193	0	4	1338	2637
及	m	l	0	5	0	22	195	0	4	1338	2637
竹	b	a	0	5	0	22	196	0	4	1338	2637
隹	l	a	0	5	0	22	191	0	4	1338	2636
束	b	s	0	5	0	22	192	0	4	1338	2636
未	t	z	0	5	0	22	193	0	4	1338	2636
利	i	s	0	5	0	22	193	0	4	1338	2636
兼	h	s	0	5	0	22	193	0	4	1338	2636
商	o	e	0	5	0	22	193	0	4	1338	2636
刍	g	m	0	5	0	22	193	0	4	1338	2636
束	b	x	0	5	0	22	193	0	4	1338	2636
黑	j	q	0	5	0	22	193	0	4	1338	2636
黑	j	t	0	5	0	22	193	0	4	1338	2636
击	t	c	0	5	0	22	193	0	4	1338	2636
牙	d	o	0	5	0	22	193	0	4	1338	2636
韦	k	n	0	5	0	22	193	0	4	1338	2636
象	k	s	0	5	0	22	194	0	4	1338	2636
佥	a	b	0	5	0	22	194	0	4	1338	2636
佥	a	s	0	5	0	22	194	0	4	1338	2636
付	j	e	0	5	0	22	194	0	4	1338	2636
且	y	q	0	5	0	22	192	0	4	1338	2635
予	o	m	0	5	0	22	192	0	4	1338	2635
未	t	d	0	5	0	22	193	0	4	1338	2635
兼	h	n	0	5	0	22	193	0	4	1338	2635
弗	p	v	0	5	0	22	193	0	4	1338	2635
击	t	b	0	5	0	22	193	0	4	1338	2635
兼	h	a	0	5	0	22	194	0	4	1338	2635
习	j	e	0	5	0	22	194	0	4	1338	2635
刍	g	y	0	5	0	22	193	0	4	1338	2634
鱼	t	i	0	5	0	22	193	0	4	1338	2634
皿	h	c	0	5	0	22	195	0	4	1338	2634
鱼	t	d	0	5	0	22	196	0	4	1338	2634
匚	k	u	0	5	0	22	191	0	4	1338	2633
止	s	p	0	5	0	22	190	0	4	1337	2637
井	b	z	0	5	0	22	194	0	4	1337	2636
饣	m	j	0	5	0	22	192	0	4	1337	2635
囗	l	o	0	5	0	22	194	0	4	1337	2635
今	z	e	0	5	0	22	192	0	4	1337	2634
牛	u	s	0	5	0	22	195	0	4	1337	2634
行	b	n	0	5	0	22	193	0	4	1337	2633
牛	u	b	0	5	0	22	198	0	4	1337	2631
牛	u	n	0	5	0	22	195	0	4	1337	2630
止	s	k	0	5	0	22	192	0	4	1336	2635
音	z	v	0	5	0	22	193	0	4	1335	2631
女	n	o	0	5	0	22	198	0	5	1336	2638
皿	h	p	0	5	0	22	196	0	5	1336	2635
厶	n	p	0	5	0	23	193	0	3	1340	2639
米	k	d	0	5	0	23	194	0	3	1340	2633
匕	o	z	0	5	0	23	196	0	3	1339	2639
厶	n	h	0	5	0	23	192	0	3	1339	2638
夷	e	y	0	5	0	23	194	0	3	1339	2637
匕	o	y	0	5	0	23	194	0	3	1339	2637
习	j	m	0	5	0	23	194	0	3	1339	2637
付	j	o	0	5	0	23	194	0	3	1339	2637
丽	o	b	0	5	0	23	195	0	3	1339	2637
殳	w	v	0	5	0	23	196	0	3	1339	2637
鸟	s	z	0	5	0	23	197	0	3	1339	2637
辶	l	b	0	5	0	23	198	0	3	1339	2637
里	v	n	0	5	0	23	194	0	3	1339	2636
至	n	c	0	5	0	23	194	0	3	1339	2636
俞	b	h	0	5	0	23	195	0	3	1339	2636
付	j	b	0	5	0	23	197	0	3	1339	2636
龙	t	q	0	5	0	23	193	0	3	1339	2635
子	l	k	0	5	0	23	194	0	3	1339	2635
弟	p	o	0	5	0	23	195	0	3	1339	2635
龙	t	j	0	5	0	23	193	0	3	1339	2634
鹿	p	c	0	5	0	23	197	0	3	1339	2633
气	m	p	0	5	0	23	197	0	3	1339	2631
山	i	g	0	5	0	23	203	0	3	1339	2631
米	k	s	0	5	0	23	196	0	3	1339	2630
山	i	c	0	5	0	23	203	0	3	1339	2629
礻	u	w	0	5	0	23	197	0	3	1339	2628
石	y	b	0	5	0	23	205	0	3	1339	2625
止	s	f	0	5	0	23	195	0	3	1338	2638
艮	f	n	0	5	0	23	194	0	3	1338	2637
示	p	x	0	5	0	23	193	0	3	1338	2636
隹	l	s	0	5	0	23	193	0	3	1338	2636
习	j	b	0	5	0	23	197	0	3	1338	2636
习	j	t	0	5	0	23	197	0	3	1338	2636
匕	o	c	0	5	0	23	195	0	3	1338	2635
兼	h	l	0	5	0	23	196	0	3	1338	2635
犭	j	g	0	5	0	23	196	0	3	1338	2634
丰	x	n	0	5	0	23	191	0	3	1338	2633
足	l	a	0	5	0	23	194	0	3	1338	2633
气	m	t	0	5	0	23	196	0	3	1338	2633
戈	d	z	0	5	0	23	198	0	3	1338	2633
几	d	c	0	5	0	23	195	0	3	1338	2631
米	k	o	0	5	0	23	196	0	3	1338	2631
米	k	v	0	5	0	23	194	0	3	1338	2630
饣	m	t	0	5	0	23	198	0	3	1338	2630
犭	j	i	0	5	0	23	199	0	3	1338	2630
犭	j	x	0	5	0	23	205	0	3	1338	2629
山	i	y	0	5	0	23	199	0	3	1337	2637
亠	z	q	0	5	0	23	197	0	3	1337	2636
牛	u	a	0	5	0	23	199	0	3	1337	2635
牛	u	i	0	5	0	23	196	0	3	1337	2634
白	n	f	0	5	0	23	193	0	3	1337	2633
夕	m	e	0	5	0	23	194	0	3	1337	2633
鱼	t	n	0	5	0	23	206	0	3	1337	2633
牛	u	w	0	5	0	23	195	0	3	1337	2631
几	d	n	0	5	0	23	196	0	3	1337	2630
彳	u	p	0	5	0	23	197	0	3	1337	2630
耳	b	s	0	5	0	23	198	0	3	1337	2630
礻	u	c	0	5	0	23	199	0	3	1337	2621
干	c	o	0	5	0	23	197	0	3	1336	2636
文	e	m	0	5	0	23	195	0	3	1336	2635
石	y	c	0	5	0	23	201	0	3	1336	2620
文	e	r	0	5	0	23	195	0	3	1335	2633
廿	j	a	0	5	0	23	196	0	3	1335	2630
匚	k	t	0	5	0	23	198	0	3	1335	2630
人	k	b	0	5	0	23	202	0	4	1341	2639
厶	n	b	0	5	0	23	194	0	4	1340	2638
斤	t	v	0	5	0	23	192	0	4	1340	2636
卜	e	s	0	5	0	23	193	0	4	1340	2633
辛	s	l	0	5	0	23	194	0	4	1339	2639
儿	r	v	0	5	0	23	192	0	4	1339	2637
隹	l	k	0	5	0	23	193	0	4	1339	2637
殳	w	x	0	5	0	23	194	0	4	1339	2637
也	l	y	0	5	0	23	194	0	4	1339	2637
甫	g	z	0	5	0	23	194	0	4	1339	2637
斤	t	p	0	5	0	23	194	0	4	1339	2637
辛	s	n	0	5	0	23	195	0	4	1339	2637
儿	r	p	0	5	0	23	196	0	4	1339	2637
甫	g	p	0	5	0	23	196	0	4	1339	2637
虫	b	y	0	5	0	23	198	0	4	1339	2637
鬼	t	l	0	5	0	23	194	0	4	1339	2636
俞	b	t	0	5	0	23	194	0	4	1339	2636
俞	b	v	0	5	0	23	194	0	4	1339	2636
鸟	s	r	0	5	0	23	195	0	4	1339	2636
俞	b	n	0	5	0	23	196	0	4	1339	2636
匕	o	s	0	5	0	23	199	0	4	1339	2636
弟	p	v	0	5	0	23	194	0	4	1339	2635
勿	n	x	0	5	0	23	195	0	4	1339	2635
鱼	t	q	0	5	0	23	199	0	4	1339	2634
夕	m	c	0	5	0	23	194	0	4	1339	2633
爫	z	e	0	5	0	23	197	0	4	1339	2633
饣	m	o	0	5	0	23	196	0	4	1339	2631
十	k	c	0	5	0	23	197	0	4	1339	2630
马	h	l	0	5	0	23	195	0	4	1338	2639
鸟	s	b	0	5	0	23	193	0	4	1338	2637
韦	k	o	0	5	0	23	194	0	4	1338	2637
鸟	s	g	0	5	0	23	196	0	4	1338	2637
五	o	x	0	5	0	23	194	0	4	1338	2636
莫	b	v	0	5	0	23	194	0	4	1338	2636
习	j	n	0	5	0	23	195	0	4	1338	2636
马	h	p	0	5	0	23	196	0	4	1338	2636
习	j	x	0	5	0	23	197	0	4	1338	2636
山	i	t	0	5	0	23	197	0	4	1338	2636
山	i	q	0	5	0	23	201	0	4	1338	2636
鸟	s	n	0	5	0	23	205	0	4	1338	2636
干	c	s	0	5	0	23	197	0	4	1338	2634
夕	m	w	0	5	0	23	197	0	4	1338	2634
干	c	q	0	5	0	23	196	0	4	1338	2633
西	d	a	0	5	0	23	197	0	4	1338	2631
西	d	i	0	5	0	23	195	0	4	1338	2628
卩	n	z	0	5	0	23	187	0	4	1337	2638
立	t	c	0	5	0	23	193	0	4	1337	2635
尸	c	a	0	5	0	23	192	0	4	1337	2634
车	z	h	0	5	0	23	196	0	4	1337	2634
已	y	n	0	5	0	23	200	0	4	1337	2634
饣	m	n	0	5	0	23	200	0	4	1337	2632
竹	b	o	0	5	0	23	198	0	4	1336	2635
足	l	t	0	5	0	23	200	0	4	1336	2632
犭	j	t	0	5	0	23	199	0	4	1336	2629
戈	d	n	0	5	0	23	196	0	4	1335	2630
犭	j	s	0	5	0	23	202	0	4	1335	2627
禸	n	g	0	5	0	23	195	0	5	1339	2637
厉	a	f	0	5	0	23	194	0	5	1339	2636
俞	b	p	0	5	0	23	194	0	5	1339	2636
俞	b	x	0	5	0	23	196	0	5	1339	2636
臣	o	r	0	5	0	23	194	0	5	1339	2635
刀	l	p	0	5	0	23	198	0	5	1338	2637
皿	h	t	0	5	0	23	202	0	5	1338	2637
予	o	g	0	5	0	23	194	0	5	1338	2636
车	z	p	0	5	0	23	200	0	5	1337	2635
几	d	p	0	5	0	23	198	0	5	1337	2634
女	n	z	0	5	0	23	191	0	6	1337	2638
匕	o	v	0	5	0	24	199	0	3	1340	2638
矢	a	l	0	5	0	24	196	0	3	1340	2635
衣	q	n	0	5	0	24	196	0	3	1339	2637
辶	l	p	0	5	0	24	198	0	3	1339	2637
毛	v	o	0	5	0	24	199	0	3	1339	2636
龙	t	p	0	5	0	24	194	0	3	1339	2635
工	z	v	0	5	0	24	196	0	3	1339	2635
鹿	p	t	0	5	0	24	197	0	3	1339	2633
竹	b	c	0	5	0	24	202	0	3	1339	2633
西	d	m	0	5	0	24	194	0	3	1339	2630
足	l	g	0	5	0	24	201	0	3	1339	2630
山	i	a	0	5	0	24	204	0	3	1338	2637
皿	h	n	0	5	0	24	200	0	3	1338	2635
犭	j	u	0	5	0	24	197	0	3	1338	2633
牛	u	p	0	5	0	24	194	0	3	1338	2632
气	m	c	0	5	0	24	195	0	3	1338	2630
夕	m	v	0	5	0	24	195	0	3	1337	2634
鱼	t	v	0	5	0	24	198	0	3	1337	2634
几	d	z	0	5	0	24	194	0	3	1337	2633
雨	m	n	0	5	0	24	197	0	3	1337	2628
礻	u	n	0	5	0	24	210	0	3	1337	2620
西	d	e	0	5	0	24	198	0	3	1336	2621
竹	b	v	0	5	0	24	197	0	4	1340	2633
大	z	v	0	5	0	24	201	0	4	1339	2639
韦	k	y	0	5	0	24	195	0	4	1339	2638
辛	s	o	0	5	0	24	198	0	4	1339	2637
俞	b	g	0	5	0	24	195	0	4	1339	2636
虫	b	o	0	5	0	24	206	0	4	1339	2635
鱼	t	f	0	5	0	24	208	0	4	1339	2634
隹	l	y	0	5	0	24	194	0	4	1338	2636
佥	a	z	0	5	0	24	195	0	4	1338	2636
厶	n	k	0	5	0	24	195	0	4	1338	2636
囗	l	f	0	5	0	24	199	0	4	1338	2634
车	z	g	0	5	0	24	200	0	4	1337	2632
讠	a	n	0	5	0	24	214	0	4	1337	2615
彳	u	k	0	5	0	24	196	0	4	1336	2629
礻	u	b	0	5	0	24	201	0	4	1336	2623
石	y	t	0	5	0	24	205	0	4	1336	2622
廿	j	p	0	5	0	24	197	0	4	1334	2626
广	c	o	0	5	0	24	201	0	4	1329	2617
辶	l	a	0	5	0	24	196	0	5	1339	2637
鱼	t	b	0	5	0	24	199	0	5	1339	2636
鱼	t	r	0	5	0	24	216	0	5	1338	2633
山	i	k	0	5	0	24	200	0	5	1338	2631
爫	z	r	0	5	0	24	198	0	5	1338	2628
方	t	r	0	5	0	24	197	0	5	1337	2634
鱼	t	e	0	5	0	24	203	0	5	1337	2633
耂	i	e	0	5	0	24	195	0	5	1336	2636
止	s	r	0	5	0	24	197	0	5	1336	2633
彳	u	f	0	5	0	24	196	0	5	1336	2630
子	l	v	0	5	0	25	197	0	3	1339	2635
足	l	i	0	5	0	25	199	0	3	1339	2635
王	g	a	0	5	0	25	203	0	3	1339	2629
西	d	k	0	5	0	25	197	0	3	1339	2627
干	c	n	0	5	0	25	199	0	3	1336	2634
力	f	a	0	5	0	25	194	0	4	1340	2638
虫	b	n	0	5	0	25	215	0	4	1339	2632
隹	l	t	0	5	0	25	194	0	4	1338	2637
马	h	q	0	5	0	25	200	0	4	1338	2634
饣	m	s	0	5	0	25	198	0	4	1338	2633
车	z	i	0	5	0	25	200	0	4	1338	2630
犭	j	e	0	5	0	25	202	0	4	1337	2626
车	z	s	0	5	0	25	204	0	4	1336	2630
尸	c	h	0	5	0	25	192	0	4	1335	2628
尸	c	e	0	5	0	25	196	0	4	1328	2624
土	r	v	0	5	0	25	188	0	5	1343	2653
厶	n	q	0	5	0	25	193	0	5	1339	2637
未	t	v	0	5	0	25	199	0	5	1339	2637
鱼	t	w	0	5	0	25	204	0	5	1339	2635
马	h	k	0	5	0	25	195	0	5	1338	2634
西	d	s	0	5	0	25	196	0	5	1338	2625
女	n	q	0	5	0	25	189	0	5	1337	2634
匚	k	a	0	5	0	25	194	0	5	1337	2632
车	z	b	0	5	0	25	200	0	5	1335	2632
宀	i	e	0	5	0	25	203	0	5	1325	2612
虫	b	s	0	5	0	25	204	0	6	1339	2637
忄	p	h	0	5	0	25	199	0	6	1337	2634
马	h	o	0	5	0	25	197	0	6	1337	2632
匚	k	v	0	5	0	25	199	0	6	1337	2622
鱼	t	p	0	5	0	26	201	0	3	1339	2632
犭	j	n	0	5	0	26	207	0	3	1339	2627
足	l	f	0	5	0	26	204	0	4	1339	2633
火	w	c	0	5	0	26	203	0	4	1339	2631
卜	e	r	0	5	0	26	195	0	4	1339	2628
石	y	o	0	5	0	26	205	0	4	1339	2623
山	i	o	0	5	0	26	204	0	4	1338	2630
女	n	f	0	5	0	26	196	0	4	1337	2630
米	k	r	0	5	0	26	197	0	4	1337	2625
石	y	e	0	5	0	26	204	0	4	1337	2619
寸	c	b	0	5	0	26	201	0	5	1338	2636
夕	m	n	0	5	0	26	202	0	5	1338	2630
王	g	f	0	5	0	26	224	0	5	1338	2623
刀	l	b	0	5	0	26	201	0	5	1337	2636
雨	m	e	0	5	0	26	199	0	5	1337	2626
犭	j	r	0	5	0	26	208	0	5	1337	2626
女	n	b	0	5	0	26	193	0	7	1336	2639
王	g	w	0	5	0	27	213	0	4	1341	2621
大	z	s	0	5	0	27	204	0	4	1340	2633
廿	j	q	0	5	0	27	200	0	4	1336	2625
竹	b	f	0	5	0	27	211	0	6	1338	2633
竹	b	n	0	5	0	27	207	0	7	1338	2630
匚	k	s	0	5	0	28	199	0	4	1335	2625
虫	b	a	0	5	0	28	202	0	6	1339	2636
山	i	r	0	5	0	28	215	0	6	1336	2627
宀	i	w	0	5	0	30	208	0	6	1337	2622
纟	o	f	0	5	0	31	218	0	6	1336	2627
王	g	r	0	5	0	34	239	0	10	1337	2609
辛	s	i	0	6	0	21	192	0	3	1339	2639
辛	s	m	0	6	0	21	192	0	3	1339	2639
鸟	s	j	0	6	0	21	191	0	3	1339	2638
臣	o	m	0	6	0	21	192	0	3	1339	2638
夷	e	l	0	6	0	21	192	0	3	1339	2638
夷	e	m	0	6	0	21	192	0	3	1339	2638
专	n	i	0	6	0	21	192	0	3	1339	2637
利	i	w	0	6	0	21	192	0	3	1339	2637
兼	h	v	0	6	0	21	192	0	3	1339	2637
厉	a	l	0	6	0	21	192	0	3	1339	2637
夷	e	j	0	6	0	21	192	0	3	1339	2637
夷	e	u	0	6	0	21	192	0	3	1339	2637
兔	a	l	0	6	0	21	192	0	3	1339	2637
及	m	z	0	6	0	21	192	0	3	1339	2637
弟	p	w	0	6	0	21	192	0	3	1339	2637
弟	p	x	0	6	0	21	192	0	3	1339	2637
甫	g	a	0	6	0	21	192	0	3	1339	2637
甫	g	q	0	6	0	21	192	0	3	1339	2637
甫	g	u	0	6	0	21	192	0	3	1339	2637
暴	p	a	0	6	0	21	192	0	3	1339	2637
暴	p	s	0	6	0	21	192	0	3	1339	2637
丘	y	i	0	6	0	21	192	0	3	1339	2637
利	i	y	0	6	0	21	193	0	3	1339	2637
禸	n	y	0	6	0	21	193	0	3	1339	2637
厉	a	m	0	6	0	21	193	0	3	1339	2637
夷	e	d	0	6	0	21	193	0	3	1339	2637
殳	w	h	0	6	0	21	193	0	3	1339	2637
甫	g	k	0	6	0	21	193	0	3	1339	2637
暴	p	h	0	6	0	21	193	0	3	1339	2637
瓦	g	e	0	6	0	21	193	0	3	1339	2637
瓦	g	v	0	6	0	21	193	0	3	1339	2637
殳	w	g	0	6	0	21	194	0	3	1339	2637
夷	e	p	0	6	0	21	195	0	3	1339	2637
母	l	a	0	6	0	21	192	0	3	1339	2636
母	l	c	0	6	0	21	192	0	3	1339	2636
臣	o	g	0	6	0	21	192	0	3	1339	2636
辛	s	z	0	6	0	21	192	0	3	1339	2636
向	t	h	0	6	0	21	192	0	3	1339	2636
弟	p	f	0	6	0	21	192	0	3	1339	2636
弟	p	i	0	6	0	21	192	0	3	1339	2636
尧	k	d	0	6	0	21	192	0	3	1339	2636
单	o	g	0	6	0	21	192	0	3	1339	2636
长	j	o	0	6	0	21	192	0	3	1339	2636
弗	p	b	0	6	0	21	193	0	3	1339	2636
尧	k	x	0	6	0	21	193	0	3	1339	2636
母	l	q	0	6	0	21	194	0	3	1339	2636
彳	u	w	0	6	0	21	196	0	3	1339	2636
今	z	y	0	6	0	21	191	0	3	1339	2635
龙	t	i	0	6	0	21	191	0	3	1339	2635
母	l	u	0	6	0	21	192	0	3	1339	2635
弟	p	q	0	6	0	21	192	0	3	1339	2635
尧	k	q	0	6	0	21	192	0	3	1339	2635
斤	t	s	0	6	0	21	193	0	3	1339	2635
犭	j	w	0	6	0	21	199	0	3	1339	2635
击	t	k	0	6	0	21	193	0	3	1339	2634
子	l	a	0	6	0	21	191	0	3	1338	2637
里	v	p	0	6	0	21	192	0	3	1338	2637
及	m	j	0	6	0	21	192	0	3	1338	2637
氏	s	q	0	6	0	21	192	0	3	1338	2637
工	z	k	0	6	0	21	192	0	3	1338	2636
弗	p	u	0	6	0	21	192	0	3	1338	2636
无	v	b	0	6	0	21	192	0	3	1338	2636
击	t	q	0	6	0	21	192	0	3	1338	2636
且	y	k	0	6	0	21	193	0	3	1338	2635
耳	b	y	0	6	0	21	195	0	3	1338	2635
车	z	d	0	6	0	21	194	0	3	1338	2634
犭	j	d	0	6	0	21	194	0	3	1338	2632
白	n	d	0	6	0	21	187	0	3	1337	2637
文	e	k	0	6	0	21	193	0	3	1337	2637
隹	l	p	0	6	0	21	191	0	3	1337	2636
文	e	z	0	6	0	21	192	0	3	1337	2636
音	z	j	0	6	0	21	192	0	3	1337	2635
干	c	e	0	6	0	21	194	0	3	1337	2634
爫	z	j	0	6	0	21	192	0	3	1337	2632
石	y	j	0	6	0	21	196	0	3	1337	2628
马	h	j	0	6	0	21	193	0	3	1336	2636
交	f	y	0	6	0	22	192	0	3	1339	2637
甫	g	j	0	6	0	22	193	0	3	1339	2637
母	l	w	0	6	0	22	194	0	3	1339	2637
子	l	t	0	6	0	22	194	0	3	1339	2637
示	p	o	0	6	0	22	194	0	3	1339	2637
甫	g	e	0	6	0	22	194	0	3	1339	2637
艮	f	h	0	6	0	22	195	0	3	1339	2637
虫	b	w	0	6	0	22	212	0	3	1339	2637
专	n	e	0	6	0	22	193	0	3	1339	2636
勿	n	l	0	6	0	22	195	0	3	1339	2636
毛	v	a	0	6	0	22	195	0	3	1339	2636
立	t	b	0	6	0	22	190	0	3	1339	2632
西	d	q	0	6	0	22	193	0	3	1339	2629
尸	c	y	0	6	0	22	191	0	3	1338	2638
鱼	t	y	0	6	0	22	194	0	3	1338	2637
已	y	z	0	6	0	22	193	0	3	1338	2636
匕	o	h	0	6	0	22	194	0	3	1338	2636
子	l	x	0	6	0	22	194	0	3	1338	2635
皿	h	f	0	6	0	22	197	0	3	1338	2635
龙	t	n	0	6	0	22	192	0	3	1338	2634
夕	m	j	0	6	0	22	193	0	3	1338	2634
爫	z	s	0	6	0	22	195	0	3	1338	2634
卵	k	v	0	6	0	22	195	0	3	1338	2634
足	l	h	0	6	0	22	194	0	3	1338	2632
立	t	h	0	6	0	22	191	0	3	1337	2635
习	j	f	0	6	0	22	195	0	3	1337	2635
足	l	v	0	6	0	22	194	0	3	1337	2633
西	d	h	0	6	0	22	194	0	3	1337	2627
十	k	l	0	6	0	22	197	0	4	1340	2638
暴	p	g	0	6	0	22	193	0	4	1339	2637
兔	a	r	0	6	0	22	193	0	4	1339	2636
俞	b	k	0	6	0	22	194	0	4	1339	2636
山	i	v	0	6	0	22	198	0	4	1338	2638
力	f	p	0	6	0	22	192	0	4	1338	2637
隹	l	f	0	6	0	22	192	0	4	1337	2636
彳	u	t	0	6	0	22	193	0	4	1337	2634
车	z	u	0	6	0	23	193	0	3	1337	2635
已	y	p	0	6	0	23	200	0	3	1337	2634
辶	l	d	0	6	0	23	197	0	4	1339	2637
西	d	y	0	6	0	23	194	0	4	1339	2636
石	y	l	0	6	0	23	199	0	4	1339	2627
佥	a	l	0	6	0	23	195	0	4	1338	2637
隹	l	n	0	6	0	23	195	0	4	1338	2635
皿	h	b	0	6	0	23	198	0	4	1338	2635
韦	k	c	0	6	0	23	193	0	5	1338	2637
儿	r	y	0	6	0	24	198	0	3	1339	2638
毛	v	c	0	6	0	24	195	0	3	1339	2636
毛	v	n	0	6	0	24	200	0	3	1339	2636
气	m	g	0	6	0	24	195	0	3	1339	2633
夕	m	l	0	6	0	24	198	0	3	1339	2633
犭	j	v	0	6	0	24	202	0	3	1338	2628
礻	u	x	0	6	0	24	206	0	3	1338	2623
虫	b	m	0	6	0	24	195	0	4	1339	2637
白	n	v	0	6	0	24	192	0	4	1339	2632
爫	z	n	0	6	0	24	198	0	4	1339	2632
习	j	k	0	6	0	24	197	0	4	1338	2636
几	d	b	0	6	0	24	199	0	4	1338	2633
西	d	b	0	6	0	24	198	0	4	1335	2626
女	n	w	0	6	0	25	187	0	3	1339	2641
虫	b	g	0	6	0	25	202	0	4	1339	2635
见	t	x	0	6	0	25	200	0	4	1337	2632
虫	b	v	0	6	0	25	199	0	5	1339	2636
山	i	s	0	6	0	25	205	0	5	1338	2630
米	k	t	0	6	0	26	197	0	3	1338	2631
山	i	h	0	6	0	26	200	0	3	1337	2635
宀	i	z	0	6	0	26	201	0	5	1330	2620
夕	m	x	0	6	0	27	203	0	4	1339	2634
八	g	v	0	6	0	27	202	0	6	1338	2632
钅	n	s	0	6	0	29	209	0	6	1337	2624
立	t	w	0	7	0	21	192	0	3	1339	2638
豕	d	f	0	7	0	21	193	0	3	1339	2634
尸	c	d	0	7	0	21	190	0	3	1338	2634
力	f	n	0	7	0	21	194	0	4	1338	2636
车	z	y	0	7	0	22	193	0	3	1340	2635
夷	e	x	0	7	0	22	193	0	3	1339	2637
夷	e	w	0	7	0	22	194	0	3	1339	2637
予	o	k	0	7	0	22	194	0	4	1338	2634
夕	m	d	0	7	0	23	195	0	3	1339	2635
匚	k	y	0	7	0	23	192	0	3	1337	2632
日	v	e	0	7	0	30	212	0	7	1332	2616
日	v	t	0	7	0	35	220	0	7	1333	2625
立	t	d	0	8	0	21	189	0	3	1340	2635
纟	o	j	0	8	0	21	195	0	3	1339	2638
几	d	o	0	8	0	22	194	0	3	1336	2632
卩	n	i	0	9	0	21	184	0	5	1337	2638
