moves	hard_old	hard_new	full1500	full3500	full6000	short1500	short3500	three1500	three3500	score
土:r>q 忄:p>g 月:w>t 田:o>n 艹:f>p	0	0	1	41	241	0	9	1337	2615	2010565
亻:e>o 巾:a>x 月:w>t 田:o>n 艹:f>e	0	0	1	42	260	0	8	1320	2582	2012090
亻:e>o 巾:a>q 月:w>t 田:o>n 艹:f>e	0	0	1	42	253	0	8	1320	2579	2011965
亻:e>o 巾:a>o 月:w>t 田:o>n 艹:f>e	0	0	1	42	257	0	9	1320	2577	2013255
亻:e>o 巾:a>x 月:w>v 田:o>n 艹:f>e	0	0	1	43	248	0	10	1322	2579	2015685
亻:e>o 巾:a>q 月:w>v 田:o>n 艹:f>e	0	0	1	43	241	0	10	1322	2576	2015560
亻:e>o 巾:a>o 月:w>v 田:o>n 艹:f>e	0	0	1	43	245	0	11	1322	2574	2016850
亻:e>o 忄:p>q 月:w>t 田:o>n 艹:f>e	0	0	1	44	259	0	9	1321	2577	2016255
亻:e>o 忄:p>q 月:w>v 田:o>n 艹:f>e	0	0	1	46	248	0	11	1323	2574	2021370
亻:e>o 忄:p>q 月:w>t 田:o>n 艹:f>p	0	0	1	47	267	0	12	1316	2574	2024730
亻:e>o 忄:p>q 月:w>v 田:o>n 艹:f>p	0	0	1	50	257	0	15	1318	2571	2032565
亻:e>o 巾:a>x 月:w>v 田:o>p 艹:f>e	0	0	2	40	238	0	7	1322	2580	4007380
亻:e>o 巾:a>o 月:w>v 田:o>p 艹:f>e	0	0	2	40	235	0	8	1322	2575	4008545
亻:e>o 巾:a>q 月:w>v 田:o>p 艹:f>e	0	0	2	41	232	0	7	1322	2577	4008775
土:r>q 忄:p>a 月:w>t 田:o>n 艹:f>p	0	0	2	41	254	0	8	1335	2614	4009710
亻:e>o 忄:p>q 月:w>v 田:o>p 艹:f>e	0	0	2	43	235	0	8	1323	2578	4012990
土:r>q 忄:p>a 月:w>v 田:o>n 艹:f>p	0	0	2	43	247	0	11	1337	2611	4016105
亻:e>c 巾:a>q 月:w>t 田:o>n 艹:f>e	0	0	2	44	260	0	7	1323	2580	4013780
亻:e>c 巾:a>o 月:w>t 田:o>n 艹:f>e	0	0	2	44	263	0	8	1323	2582	4015030
亻:e>o 巾:a>t 月:w>v 田:o>n 艹:f>e	0	0	2	44	245	0	11	1322	2575	4018345
亻:e>c 巾:a>x 月:w>t 田:o>n 艹:f>e	0	0	2	45	268	0	7	1323	2583	4015425
土:r>q 忄:p>g 月:w>t 田:o>n 艹:f>w	0	0	2	45	249	0	9	1340	2617	4016595
土:r>s 忄:p>q 月:w>t 田:o>n 艹:f>p	0	0	2	45	256	0	9	1337	2614	4016870
亻:e>c 巾:a>q 月:w>v 田:o>n 艹:f>e	0	0	2	45	250	0	9	1325	2577	4017415
亻:e>c 巾:a>o 月:w>v 田:o>n 艹:f>e	0	0	2	45	253	0	10	1325	2579	4018665
亻:e>c 巾:a>x 月:w>v 田:o>n 艹:f>e	0	0	2	46	258	0	9	1325	2580	4019060
亻:e>c 忄:p>q 月:w>t 田:o>n 艹:f>e	0	0	2	47	267	0	8	1324	2578	4019590
土:r>s 忄:p>q 月:w>v 田:o>n 艹:f>p	0	0	2	48	249	0	12	1339	2611	4024765
亻:e>o 巾:a>r 月:w>v 田:o>n 艹:f>w	0	0	2	48	262	0	12	1320	2574	4025970
亻:e>c 忄:p>q 月:w>v 田:o>n 艹:f>e	0	0	2	49	258	0	10	1326	2575	4024745
亻:e>c 忄:p>q 月:w>t 田:o>n 艹:f>p	0	0	2	49	274	0	10	1319	2575	4025345
亻:e>o 巾:a>x 月:w>v 田:o>n 艹:f>w	0	0	2	49	263	0	12	1320	2578	4027470
亻:e>o 巾:a>q 月:w>v 田:o>n 艹:f>w	0	0	2	49	256	0	12	1320	2575	4027345
亻:e>o 巾:a>o 月:w>v 田:o>n 艹:f>w	0	0	2	49	260	0	13	1320	2573	4028635
亻:e>o 忄:p>q 月:w>v 田:o>n 艹:f>w	0	0	2	52	263	0	13	1321	2573	4033155
亻:e>c 忄:p>q 月:w>v 田:o>n 艹:f>p	0	0	2	52	266	0	13	1321	2572	4033220
土:r>q 忄:p>g 月:w>t 木:s>g 艹:f>p	0	0	2	52	261	0	15	1329	2582	4035150
亻:e>o 巾:a>r 月:w>v 田:o>n 艹:f>p	0	0	2	53	273	0	16	1316	2559	4038725
亻:e>o 巾:a>x 月:w>v 田:o>n 艹:f>p	0	0	2	54	274	0	16	1316	2563	4040225
亻:e>o 巾:a>q 月:w>v 田:o>n 艹:f>p	0	0	2	54	267	0	16	1316	2560	4040100
亻:e>o 巾:a>o 月:w>v 田:o>n 艹:f>p	0	0	2	54	272	0	17	1316	2558	4041410
土:r>q 忄:p>g 月:w>t 田:o>n 艹:f>n	0	0	2	57	289	0	19	1336	2575	4047765
亻:e>o 巾:a>r 月:w>v 田:o>n 艹:f>n	0	0	2	60	302	0	22	1316	2532	4057140
亻:e>o 巾:a>x 月:w>v 田:o>n 艹:f>n	0	0	2	61	303	0	22	1316	2536	4058640
亻:e>o 巾:a>q 月:w>v 田:o>n 艹:f>n	0	0	2	61	296	0	22	1316	2533	4058515
亻:e>o 巾:a>o 月:w>v 田:o>n 艹:f>n	0	0	2	62	302	0	24	1316	2531	4062545
亻:e>o 忄:p>q 月:w>v 田:o>n 艹:f>n	0	0	2	64	303	0	23	1317	2531	4064325
土:r>q 忄:p>h 月:w>t 田:o>n 艹:f>p	0	1	0	41	243	0	11	1334	2616	513120
土:r>v 忄:p>q 月:w>t 田:o>n 艹:f>p	0	1	0	42	244	0	9	1335	2619	512185
土:r>q 忄:p>h 月:w>v 田:o>n 艹:f>p	0	1	0	43	236	0	14	1336	2613	519515
土:r>v 忄:p>q 月:w>v 田:o>n 艹:f>p	0	1	0	49	252	0	15	1333	2605	530195
亻:e>o 巾:a>l 月:w>t 田:o>n 艹:f>e	0	1	1	39	251	0	8	1319	2580	2507460
亻:e>o 巾:a>l 月:w>v 田:o>n 艹:f>e	0	1	1	40	239	0	10	1321	2577	2511055
土:r>v 巾:a>r 月:w>t 田:o>n 艹:f>w	0	1	1	42	249	0	8	1337	2623	2510985
土:r>v 巾:a>x 月:w>t 田:o>n 艹:f>w	0	1	1	43	251	0	8	1337	2626	2512510
土:r>v 巾:a>q 月:w>t 田:o>n 艹:f>w	0	1	1	43	245	0	8	1337	2623	2512405
亻:e>o 忄:p>h 月:w>t 田:o>n 艹:f>e	0	1	1	43	255	0	11	1318	2578	2517190
土:r>v 巾:a>r 月:w>t 田:o>n 艹:f>p	0	1	1	44	257	0	9	1333	2608	2515580
土:r>v 巾:a>o 月:w>t 田:o>n 艹:f>w	0	1	1	44	249	0	10	1337	2625	2516375
亻:e>o 忄:p>h 月:w>v 田:o>n 艹:f>e	0	1	1	44	243	0	13	1320	2575	2520785
土:r>v 巾:a>x 月:w>t 田:o>n 艹:f>p	0	1	1	45	259	0	9	1333	2611	2517105
土:r>v 巾:a>q 月:w>t 田:o>n 艹:f>p	0	1	1	45	253	0	9	1333	2608	2517000
土:r>q 忄:p>h 月:w>t 田:o>n 艹:f>w	0	1	1	45	251	0	11	1337	2618	2519150
土:r>v 忄:p>q 月:w>t 田:o>n 艹:f>w	0	1	1	46	253	0	9	1338	2621	2518235
土:r>v 巾:a>o 月:w>t 田:o>n 艹:f>p	0	1	1	46	258	0	11	1333	2610	2520990
土:r>q 忄:p>h 月:w>v 田:o>n 艹:f>w	0	1	1	46	243	0	13	1339	2615	2522825
亻:e>o 忄:p>h 月:w>t 田:o>n 艹:f>p	0	1	1	46	263	0	14	1313	2575	2525665
土:r>v 巾:a>r 月:w>v 田:o>n 艹:f>w	0	1	1	47	255	0	13	1335	2609	2524755
土:r>v 巾:a>x 月:w>v 田:o>n 艹:f>w	0	1	1	48	256	0	13	1335	2612	2526260
土:r>v 巾:a>q 月:w>v 田:o>n 艹:f>w	0	1	1	48	250	0	13	1335	2609	2526155
亻:e>o 忄:p>h 月:w>v 田:o>n 艹:f>p	0	1	1	48	252	0	17	1315	2572	2531980
土:r>v 巾:a>o 月:w>v 田:o>n 艹:f>w	0	1	1	49	254	0	15	1335	2611	2530125
土:r>v 忄:p>q 月:w>t 木:s>g 艹:f>p	0	1	1	51	258	0	13	1328	2597	2531155
土:r>v 巾:a>r 月:w>v 田:o>n 艹:f>p	0	1	1	51	265	0	16	1331	2594	2534790
土:r>v 忄:p>q 月:w>v 田:o>n 艹:f>w	0	1	1	52	260	0	14	1336	2607	2533525
土:r>v 巾:a>x 月:w>v 田:o>n 艹:f>p	0	1	1	52	266	0	16	1331	2597	2536295
土:r>v 巾:a>q 月:w>v 田:o>n 艹:f>p	0	1	1	52	260	0	16	1331	2594	2536190
土:r>v 巾:a>o 月:w>v 田:o>n 艹:f>p	0	1	1	53	265	0	18	1331	2596	2540180
土:r>v 巾:a>r 月:w>t 田:o>n 艹:f>n	0	1	1	54	288	0	18	1333	2581	2542135
土:r>v 巾:a>x 月:w>t 田:o>n 艹:f>n	0	1	1	55	290	0	18	1333	2584	2543660
土:r>v 巾:a>q 月:w>t 田:o>n 艹:f>n	0	1	1	55	284	0	18	1333	2581	2543555
土:r>v 忄:p>q 月:w>v 木:s>g 艹:f>p	0	1	1	57	266	0	18	1326	2583	2546465
土:r>v 巾:a>o 月:w>t 田:o>n 艹:f>n	0	1	1	57	290	0	21	1333	2583	2550265
土:r>v 忄:p>q 月:w>t 田:o>n 艹:f>n	0	1	1	58	292	0	19	1334	2579	2549385
土:r>q 忄:p>h 月:w>t 田:o>n 艹:f>n	0	1	1	58	292	0	22	1333	2576	2553040
土:r>v 巾:a>r 月:w>v 田:o>n 艹:f>n	0	1	1	59	294	0	23	1331	2567	2555905
土:r>q 忄:p>h 月:w>v 田:o>n 艹:f>n	0	1	1	59	284	0	24	1335	2573	2556715
土:r>v 巾:a>x 月:w>v 田:o>n 艹:f>n	0	1	1	60	295	0	23	1331	2570	2557410
土:r>v 巾:a>q 月:w>v 田:o>n 艹:f>n	0	1	1	60	289	0	23	1331	2567	2557305
土:r>v 巾:a>o 月:w>v 田:o>n 艹:f>n	0	1	1	62	295	0	26	1331	2569	2564015
土:r>v 忄:p>q 月:w>v 田:o>n 艹:f>n	0	1	1	64	299	0	24	1332	2565	2564675
亻:e>o 巾:a>l 月:w>v 田:o>p 艹:f>e	0	1	2	37	229	0	7	1321	2578	4502750
土:r>v 忄:p>a 月:w>t 田:o>n 艹:f>p	0	1	2	41	251	0	8	1333	2618	4509710
土:r>v 巾:a>l 月:w>t 田:o>n 艹:f>w	0	2	1	41	244	0	8	1336	2624	3009420
土:r>v 巾:a>l 月:w>t 田:o>n 艹:f>p	0	2	1	44	254	0	9	1332	2609	3015555
土:r>v 巾:a>l 月:w>v 田:o>n 艹:f>w	0	2	1	46	249	0	13	1334	2610	3023170
土:r>v 巾:a>l 月:w>v 田:o>n 艹:f>p	0	2	1	51	261	0	16	1330	2595	3034745
土:r>v 忄:p>q 月:w>c 田:o>n 艹:f>p	0	3	1	40	240	0	9	1333	2612	3509220
土:r>m 忄:p>q 月:w>t 田:o>n 艹:f>p	1	0	0	40	236	0	6	1338	2622	2005290
土:r>m 忄:p>q 月:w>v 田:o>n 艹:f>p	1	0	0	42	228	0	9	1340	2619	2011665
土:r>m 忄:p>g 月:w>t 田:o>n 艹:f>p	1	0	1	38	230	0	6	1338	2622	4002170
亻:e>o 巾:a>x 月:w>t 田:o>s 艹:f>e	1	0	1	38	244	0	6	1322	2586	4003270
亻:e>o 巾:a>q 月:w>t 田:o>s 艹:f>e	1	0	1	38	237	0	6	1322	2583	4003145
亻:e>o 巾:a>q 月:w>t 田:o>q 艹:f>e	1	0	1	38	235	0	6	1321	2580	4003160
土:r>q 忄:p>g 月:w>t 田:o>s 艹:f>p	1	0	1	38	226	0	7	1339	2619	4003265
亻:e>o 巾:a>q 月:w>v 田:o>q 艹:f>e	1	0	1	38	222	0	7	1323	2577	4004035
亻:e>o 巾:a>o 月:w>t 田:o>s 艹:f>e	1	0	1	38	241	0	7	1322	2581	4004435
亻:e>o 巾:a>o 月:w>t 田:o>q 艹:f>e	1	0	1	38	239	0	7	1321	2578	4004450
土:r>q 忄:p>g 月:w>t 田:o>y 艹:f>p	1	0	1	38	228	0	8	1340	2619	4004465
亻:e>o 巾:a>o 月:w>v 田:o>q 艹:f>e	1	0	1	38	226	0	8	1323	2575	4005325
土:r>m 巾:a>r 月:w>t 田:o>n 艹:f>w	1	0	1	39	240	0	5	1340	2626	4002570
亻:e>o 巾:a>x 月:w>t 田:o>y 艹:f>e	1	0	1	39	247	0	6	1323	2586	4004790
亻:e>o 巾:a>q 月:w>t 田:o>y 艹:f>e	1	0	1	39	240	0	6	1323	2583	4004665
土:r>m 巾:a>r 月:w>v 田:o>n 艹:f>w	1	0	1	39	231	0	7	1342	2623	4004725
亻:e>o 巾:a>x 月:w>v 田:o>y 艹:f>e	1	0	1	39	234	0	7	1325	2583	4005665
亻:e>o 巾:a>q 月:w>v 田:o>y 艹:f>e	1	0	1	39	227	0	7	1325	2580	4005540
亻:e>o 巾:a>o 月:w>t 田:o>y 艹:f>e	1	0	1	39	244	0	7	1323	2581	4005955
亻:e>o 巾:a>o 月:w>v 田:o>y 艹:f>e	1	0	1	39	231	0	8	1325	2578	4006830
土:r>m 巾:a>q 月:w>t 田:o>n 艹:f>w	1	0	1	40	236	0	5	1340	2626	4003990
土:r>m 巾:a>o 月:w>t 田:o>n 艹:f>w	1	0	1	40	239	0	6	1340	2628	4005240
土:r>m 巾:a>q 月:w>v 田:o>n 艹:f>w	1	0	1	40	226	0	7	1342	2623	4006125
亻:e>o 忄:p>q 月:w>t 田:o>s 艹:f>e	1	0	1	40	243	0	7	1323	2581	4007435
亻:e>o 忄:p>q 月:w>t 田:o>q 艹:f>e	1	0	1	40	244	0	7	1322	2574	4007530
土:r>m 巾:a>o 月:w>v 田:o>n 艹:f>w	1	0	1	40	229	0	8	1342	2625	4007375
亻:e>o 巾:a>w 月:w>v 田:o>n 艹:f>e	1	0	1	40	241	0	10	1322	2579	4011045
土:r>m 巾:a>x 月:w>t 田:o>n 艹:f>w	1	0	1	41	242	0	5	1340	2629	4005595
土:r>m 巾:a>r 月:w>t 田:o>n 艹:f>p	1	0	1	41	249	0	6	1336	2611	4007185
土:r>m 巾:a>x 月:w>v 田:o>n 艹:f>w	1	0	1	41	232	0	7	1342	2626	4007730
亻:e>o 忄:p>q 月:w>t 田:o>y 艹:f>e	1	0	1	41	246	0	7	1324	2581	4008955
亻:e>o 忄:p>q 月:w>v 田:o>q 艹:f>e	1	0	1	41	232	0	8	1324	2571	4009925
亻:e>o 巾:a>f 月:w>v 田:o>n 艹:f>e	1	0	1	41	238	0	10	1322	2580	4012480
亻:e>o 巾:a>d 月:w>v 田:o>n 艹:f>e	1	0	1	41	241	0	10	1322	2576	4012560
土:r>m 巾:a>q 月:w>t 田:o>n 艹:f>p	1	0	1	42	245	0	6	1336	2611	4008605
土:r>m 巾:a>o 月:w>t 田:o>n 艹:f>p	1	0	1	42	249	0	7	1336	2613	4009875
亻:e>o 忄:p>q 月:w>v 田:o>y 艹:f>e	1	0	1	42	234	0	8	1326	2578	4011350
亻:e>o 巾:a>r 月:w>v 田:o>n 艹:f>e	1	0	1	42	247	0	10	1322	2575	4014185
土:r>m 巾:a>x 月:w>t 田:o>n 艹:f>p	1	0	1	43	251	0	6	1336	2614	4010210
土:r>m 巾:a>r 月:w>v 田:o>n 艹:f>p	1	0	1	43	241	0	10	1338	2608	4014760
亻:e>o 忄:p>q 月:w>t 田:o>s 艹:f>p	1	0	1	43	251	0	10	1318	2578	4015910
亻:e>o 忄:p>q 月:w>t 田:o>q 艹:f>p	1	0	1	43	252	0	10	1317	2571	4016005
亻:e>o 巾:a>b 月:w>v 田:o>n 艹:f>e	1	0	1	43	242	0	11	1322	2578	4016770
土:r>q 忄:p>g 月:w>v 田:o>n 艹:f>p	1	0	1	43	233	0	12	1339	2612	4016940
土:r>m 忄:p>q 月:w>t 田:o>n 艹:f>w	1	0	1	44	244	0	6	1341	2624	4011320
土:r>m 巾:a>q 月:w>v 田:o>n 艹:f>p	1	0	1	44	236	0	10	1338	2608	4016160
土:r>m 巾:a>o 月:w>v 田:o>n 艹:f>p	1	0	1	44	240	0	11	1338	2610	4017430
亻:e>o 忄:p>q 月:w>t 田:o>y 艹:f>p	1	0	1	44	254	0	11	1319	2578	4018630
亻:e>o 巾:a>s 月:w>v 田:o>n 艹:f>e	1	0	1	44	247	0	12	1322	2574	4019590
土:r>m 忄:p>q 月:w>v 田:o>n 艹:f>w	1	0	1	45	235	0	8	1343	2621	4014975
土:r>m 巾:a>x 月:w>v 田:o>n 艹:f>p	1	0	1	45	242	0	10	1338	2611	4017765
土:r>s 忄:p>q 月:w>t 木:s>a 艹:f>p	1	0	1	45	245	0	12	1336	2613	4020295
亻:e>o 忄:p>q 月:w>v 田:o>q 艹:f>p	1	0	1	45	241	0	12	1319	2568	4021120
亻:e>o 忄:p>q 月:w>v 田:o>y 艹:f>p	1	0	1	46	243	0	13	1321	2575	4023745
土:r>s 忄:p>q 月:w>v 木:s>a 艹:f>p	1	0	1	47	237	0	14	1338	2610	4025470
土:r>q 忄:p>t 月:w>v 田:o>n 艹:f>p	1	0	1	47	249	0	14	1338	2609	4025715
土:r>m 忄:p>q 月:w>t 木:s>g 艹:f>p	1	0	1	48	249	0	10	1331	2600	4022740
土:r>q 忄:p>g 月:w>t 木:s>a 艹:f>p	1	0	1	48	253	0	12	1332	2595	4025205
土:r>m 忄:p>q 月:w>v 木:s>g 艹:f>p	1	0	1	49	241	0	12	1333	2597	4026415
土:r>q 忄:p>t 月:w>t 田:o>n 艹:f>p	1	0	1	49	263	0	13	1335	2609	4027915
亻:e>o 巾:a>r 月:w>v 田:o>n 艹:f>b	1	0	1	49	302	0	14	1315	2555	4030965
土:r>q 忄:p>g 月:w>t 田:o>n 艹:f>s	1	0	1	50	277	0	12	1335	2590	4028590
亻:e>o 巾:a>x 月:w>v 田:o>n 艹:f>b	1	0	1	50	303	0	14	1315	2559	4032465
亻:e>o 巾:a>q 月:w>v 田:o>n 艹:f>b	1	0	1	50	296	0	14	1315	2556	4032340
亻:e>o 巾:a>o 月:w>v 田:o>n 艹:f>b	1	0	1	50	300	0	15	1315	2554	4033630
土:r>m 巾:a>r 月:w>t 田:o>n 艹:f>n	1	0	1	51	280	0	15	1336	2584	4033740
土:r>m 巾:a>r 月:w>v 田:o>n 艹:f>n	1	0	1	51	271	0	17	1338	2581	4035895
土:r>m 巾:a>q 月:w>t 田:o>n 艹:f>n	1	0	1	52	276	0	15	1336	2584	4035160
土:r>m 巾:a>q 月:w>v 田:o>n 艹:f>n	1	0	1	52	266	0	17	1338	2581	4037295
土:r>m 巾:a>x 月:w>t 田:o>n 艹:f>n	1	0	1	53	282	0	15	1336	2587	4036765
土:r>m 巾:a>x 月:w>v 田:o>n 艹:f>n	1	0	1	53	272	0	17	1338	2584	4038900
土:r>m 巾:a>o 月:w>t 田:o>n 艹:f>n	1	0	1	53	281	0	17	1336	2586	4039150
土:r>m 巾:a>o 月:w>v 田:o>n 艹:f>n	1	0	1	53	271	0	19	1338	2583	4041285
亻:e>o 忄:p>q 月:w>v 木:s>a 艹:f>e	1	0	1	54	266	0	15	1315	2551	4038965
亻:e>o 巾:a>r 月:w>v 田:o>n 艹:f>s	1	0	1	54	292	0	16	1315	2547	4040705
亻:e>o 巾:a>x 月:w>v 田:o>n 艹:f>s	1	0	1	55	292	0	16	1315	2551	4042185
亻:e>o 巾:a>q 月:w>v 田:o>n 艹:f>s	1	0	1	55	285	0	16	1315	2548	4042060
亻:e>o 巾:a>o 月:w>v 田:o>n 艹:f>s	1	0	1	55	289	0	17	1315	2546	4043350
土:r>m 忄:p>q 月:w>t 田:o>n 艹:f>n	1	0	1	56	284	0	16	1337	2582	4042490
亻:e>o 忄:p>q 月:w>v 田:o>n 艹:f>s	1	0	1	57	291	0	16	1316	2546	4045150
土:r>m 忄:p>q 月:w>v 田:o>n 艹:f>n	1	0	1	57	275	0	18	1339	2579	4046145
亻:e>o 忄:p>q 月:w>v 木:s>a 艹:f>p	1	0	1	57	274	0	18	1310	2548	4047440
土:r>q 忄:p>w 月:w>t 田:o>n 艹:f>p	1	1	0	38	241	0	8	1337	2616	2504860
土:r>q 忄:p>h 月:w>t 田:o>s 艹:f>p	1	1	0	38	228	0	9	1336	2620	2505820
土:r>v 忄:p>q 月:w>t 田:o>s 艹:f>p	1	1	0	39	229	0	8	1337	2623	2506085
土:r>q 忄:p>y 月:w>t 田:o>n 艹:f>p	1	1	0	39	239	0	8	1337	2619	2506305
土:r>v 忄:p>q 月:w>t 田:o>q 艹:f>p	1	1	0	39	230	0	8	1336	2616	2506180
土:r>m 忄:p>h 月:w>t 田:o>n 艹:f>p	1	1	0	39	233	0	8	1335	2623	2506245
土:r>v 忄:p>q 月:w>t 田:o>y 艹:f>p	1	1	0	40	232	0	9	1338	2623	2508805
土:r>q 忄:p>w 月:w>v 田:o>n 艹:f>p	1	1	0	40	232	0	11	1339	2613	2511215
土:r>m 忄:p>h 月:w>v 田:o>n 艹:f>p	1	1	0	40	224	0	11	1337	2620	2511100
土:r>q 忄:p>y 月:w>v 田:o>n 艹:f>p	1	1	0	41	232	0	11	1339	2616	2512700
土:r>v 巾:a>r 月:w>t 田:o>n 艹:f>b	1	1	0	43	288	0	10	1332	2604	2515960
土:r>v 巾:a>x 月:w>t 田:o>n 艹:f>b	1	1	0	44	290	0	10	1332	2607	2517485
土:r>v 巾:a>q 月:w>t 田:o>n 艹:f>b	1	1	0	44	284	0	10	1332	2604	2517380
土:r>v 巾:a>o 月:w>t 田:o>n 艹:f>b	1	1	0	45	288	0	12	1332	2606	2521350
土:r>v 忄:p>q 月:w>v 田:o>q 艹:f>p	1	1	0	45	237	0	13	1334	2602	2521470
土:r>v 忄:p>q 月:w>v 田:o>y 艹:f>p	1	1	0	46	239	0	14	1336	2609	2524095
土:r>q 忄:p>h 月:w>t 木:s>a 艹:f>p	1	1	0	48	255	0	14	1329	2596	2527760
土:r>v 巾:a>r 月:w>v 田:o>n 艹:f>b	1	1	0	48	295	0	15	1330	2590	2529750
土:r>v 巾:a>x 月:w>v 田:o>n 艹:f>b	1	1	0	49	296	0	15	1330	2593	2531255
土:r>v 巾:a>q 月:w>v 田:o>n 艹:f>b	1	1	0	49	290	0	15	1330	2590	2531150
土:r>q 忄:p>h 月:w>v 木:s>a 艹:f>p	1	1	0	49	247	0	16	1331	2593	2531435
土:r>q 忄:p>h 月:w>t 田:o>n 艹:f>s	1	1	0	50	279	0	14	1332	2591	2531145
土:r>v 巾:a>o 月:w>v 田:o>n 艹:f>b	1	1	0	50	294	0	17	1330	2592	2535120
土:r>q 忄:p>h 月:w>v 田:o>n 艹:f>s	1	1	0	51	271	0	16	1334	2588	2534820
亻:e>o 巾:a>l 月:w>t 田:o>s 艹:f>e	1	1	1	35	235	0	6	1321	2584	4498640
亻:e>o 巾:a>l 月:w>t 田:o>q 艹:f>e	1	1	1	35	233	0	6	1320	2581	4498655
亻:e>o 巾:a>l 月:w>v 田:o>q 艹:f>e	1	1	1	35	220	0	7	1322	2578	4499530
亻:e>o 巾:a>l 月:w>t 田:o>y 艹:f>e	1	1	1	36	239	0	6	1322	2584	4500180
亻:e>o 巾:a>l 月:w>v 田:o>y 艹:f>e	1	1	1	36	226	0	7	1324	2581	4501055
土:r>m 巾:a>l 月:w>t 田:o>n 艹:f>w	1	1	1	38	235	0	5	1339	2627	4501005
土:r>m 巾:a>l 月:w>v 田:o>n 艹:f>w	1	1	1	38	225	0	7	1341	2624	4503140
亻:e>o 巾:a>x 月:w>v 田:o>s 艹:f>e	1	1	1	38	231	0	7	1324	2583	4504145
亻:e>o 巾:a>q 月:w>v 田:o>s 艹:f>e	1	1	1	38	224	0	7	1324	2580	4504020
亻:e>o 巾:a>o 月:w>v 田:o>s 艹:f>e	1	1	1	38	228	0	8	1324	2578	4505310
土:r>q 忄:p>h 月:w>t 田:o>c 艹:f>p	1	1	1	38	228	0	9	1330	2613	4506095
土:r>v 巾:a>r 月:w>t 田:o>q 艹:f>w	1	1	1	39	231	0	7	1338	2624	4504880
亻:e>o 忄:p>h 月:w>t 田:o>s 艹:f>e	1	1	1	39	239	0	9	1320	2582	4508370
亻:e>o 忄:p>h 月:w>t 田:o>q 艹:f>e	1	1	1	39	237	0	9	1319	2579	4508385
亻:e>o 忄:p>h 月:w>v 田:o>q 艹:f>e	1	1	1	39	224	0	10	1321	2576	4509260
土:r>v 巾:a>r 月:w>t 田:o>y 艹:f>w	1	1	1	40	236	0	7	1340	2627	4506385
土:r>v 巾:a>x 月:w>t 田:o>s 艹:f>w	1	1	1	40	236	0	7	1339	2630	4506410
土:r>v 巾:a>q 月:w>t 田:o>s 艹:f>w	1	1	1	40	230	0	7	1339	2627	4506305
土:r>v 巾:a>q 月:w>t 田:o>q 艹:f>w	1	1	1	40	228	0	7	1338	2624	4506320
土:r>v 忄:p>q 月:w>t 田:o>c 艹:f>p	1	1	1	40	230	0	8	1331	2616	4507880
土:r>q 忄:p>h 月:w>t 田:o>q 艹:f>p	1	1	1	40	230	0	9	1330	2612	4509140
土:r>m 巾:a>l 月:w>t 田:o>n 艹:f>p	1	1	1	41	246	0	6	1335	2612	4507160
土:r>v 巾:a>x 月:w>t 田:o>y 艹:f>w	1	1	1	41	239	0	7	1340	2630	4507930
土:r>v 巾:a>q 月:w>t 田:o>y 艹:f>w	1	1	1	41	233	0	7	1340	2627	4507825
土:r>v 巾:a>r 月:w>t 田:o>q 艹:f>p	1	1	1	41	239	0	8	1334	2609	4509475
土:r>v 忄:p>w 月:w>t 田:o>n 艹:f>p	1	2	0	38	237	0	8	1335	2620	3004840
土:r>v 忄:p>y 月:w>t 田:o>n 艹:f>p	1	2	0	39	236	0	8	1335	2623	3006305
土:r>q 忄:p>h 月:w>v 田:o>s 艹:f>p	1	2	0	39	220	0	11	1338	2617	3009495
土:r>v 巾:a>l 月:w>t 田:o>n 艹:f>b	1	2	0	42	284	0	10	1331	2605	3014415
土:r>v 忄:p>h 月:w>t 田:o>n 艹:f>p	1	2	0	42	241	0	12	1332	2620	3015840
土:r>v 忄:p>w 月:w>v 田:o>n 艹:f>p	1	2	0	44	241	0	14	1333	2606	3021270
土:r>v 忄:p>q 月:w>v 田:o>s 艹:f>p	1	2	0	45	236	0	13	1335	2609	3021375
土:r>v 忄:p>y 月:w>v 田:o>n 艹:f>p	1	2	0	45	242	0	14	1333	2609	3022775
土:r>v 巾:a>l 月:w>v 田:o>n 艹:f>b	1	2	0	47	290	0	15	1329	2591	3028185
土:r>v 忄:p>h 月:w>v 田:o>n 艹:f>p	1	2	0	48	247	0	18	1330	2606	3032310
土:r>v 巾:a>r 月:w>t 田:o>n 艹:f>m	1	3	0	39	250	0	6	1336	2612	3504200
土:r>v 巾:a>x 月:w>t 田:o>n 艹:f>m	1	3	0	40	253	0	6	1336	2615	3505745
土:r>v 巾:a>q 月:w>t 田:o>n 艹:f>m	1	3	0	40	246	0	6	1336	2612	3505620
土:r>v 巾:a>o 月:w>t 田:o>n 艹:f>m	1	3	0	41	250	0	8	1336	2614	3509590
土:r>v 忄:p>q 月:w>y 田:o>n 艹:f>p	1	3	0	41	235	0	11	1337	2625	3512795
土:r>v 巾:a>r 月:w>v 田:o>n 艹:f>m	1	3	0	44	256	0	11	1334	2598	3517970
土:r>v 巾:a>x 月:w>v 田:o>n 艹:f>m	1	3	0	45	258	0	11	1334	2601	3519495
土:r>v 巾:a>q 月:w>v 田:o>n 艹:f>m	1	3	0	45	251	0	11	1334	2598	3519370
土:r>v 巾:a>o 月:w>v 田:o>n 艹:f>m	1	3	0	46	255	0	13	1334	2600	3523340
土:r>v 巾:a>l 月:w>t 田:o>n 艹:f>m	1	4	0	38	245	0	6	1335	2613	4002635
土:r>v 巾:a>l 月:w>v 田:o>n 艹:f>m	1	4	0	43	250	0	11	1333	2599	4016385
土:r>m 忄:p>q 月:w>t 田:o>s 艹:f>p	2	0	0	37	221	0	5	1340	2626	3999190
土:r>m 忄:p>q 月:w>t 田:o>q 艹:f>p	2	0	0	37	222	0	5	1339	2619	3999285
土:r>m 忄:p>q 月:w>t 田:o>y 艹:f>p	2	0	0	38	224	0	6	1341	2626	4001910
土:r>m 忄:p>q 月:w>v 田:o>q 艹:f>p	2	0	0	38	213	0	7	1341	2616	4002940
土:r>m 忄:p>q 月:w>v 田:o>y 艹:f>p	2	0	0	39	215	0	8	1343	2623	4005565
土:r>m 巾:a>r 月:w>t 田:o>n 艹:f>b	2	0	0	40	279	0	7	1335	2607	4007545
土:r>m 巾:a>r 月:w>v 田:o>n 艹:f>b	2	0	0	40	271	0	9	1337	2604	4009720
土:r>m 巾:a>q 月:w>t 田:o>n 艹:f>b	2	0	0	41	275	0	7	1335	2607	4008965
土:r>m 巾:a>o 月:w>t 田:o>n 艹:f>b	2	0	0	41	278	0	8	1335	2609	4010215
土:r>q 忄:p>j 月:w>t 田:o>n 艹:f>p	2	0	0	41	241	0	9	1337	2617	4010555
土:r>m 巾:a>q 月:w>v 田:o>n 艹:f>b	2	0	0	41	266	0	9	1337	2604	4011120
土:r>m 巾:a>o 月:w>v 田:o>n 艹:f>b	2	0	0	41	269	0	10	1337	2606	4012370
土:r>m 巾:a>x 月:w>t 田:o>n 艹:f>b	2	0	0	42	281	0	7	1335	2610	4010570
土:r>m 巾:a>x 月:w>v 田:o>n 艹:f>b	2	0	0	42	272	0	9	1337	2607	4012725
土:r>q 忄:p>j 月:w>v 田:o>n 艹:f>p	2	0	0	43	233	0	12	1339	2614	4016930
土:r>m 巾:a>r 月:w>t 田:o>n 艹:f>s	2	0	0	45	270	0	9	1335	2599	4017305
土:r>m 巾:a>r 月:w>v 田:o>n 艹:f>s	2	0	0	45	261	0	11	1337	2596	4019460
土:r>m 巾:a>q 月:w>t 田:o>n 艹:f>s	2	0	0	46	265	0	9	1335	2599	4018705
土:r>m 巾:a>o 月:w>t 田:o>n 艹:f>s	2	0	0	46	268	0	10	1335	2601	4019955
土:r>m 巾:a>q 月:w>v 田:o>n 艹:f>s	2	0	0	46	255	0	11	1337	2596	4020840
土:r>m 巾:a>o 月:w>v 田:o>n 艹:f>s	2	0	0	46	258	0	12	1337	2598	4022090
土:r>m 巾:a>x 月:w>t 田:o>n 艹:f>s	2	0	0	47	271	0	9	1335	2602	4020310
土:r>m 巾:a>x 月:w>v 田:o>n 艹:f>s	2	0	0	47	261	0	11	1337	2599	4022445
土:r>m 忄:p>q 月:w>t 木:s>a 艹:f>p	2	0	0	48	249	0	10	1333	2602	4022650
土:r>m 忄:p>q 月:w>t 田:o>n 艹:f>s	2	0	0	49	272	0	9	1336	2597	4023315
土:r>m 忄:p>q 月:w>v 木:s>a 艹:f>p	2	0	0	49	240	0	12	1335	2599	4026305
土:r>m 忄:p>q 月:w>v 田:o>n 艹:f>s	2	0	0	50	263	0	11	1338	2594	4026970
土:r>q 忄:p>w 月:w>t 田:o>s 艹:f>p	2	1	0	35	226	0	6	1339	2620	4497560
土:r>q 忄:p>w 月:w>t 田:o>y 艹:f>p	2	1	0	35	228	0	7	1340	2620	4498760
土:r>m 忄:p>w 月:w>t 田:o>n 艹:f>p	2	1	0	36	230	0	5	1338	2623	4497965
土:r>q 忄:p>y 月:w>t 田:o>s 艹:f>p	2	1	0	36	224	0	6	1339	2623	4499005
土:r>m 忄:p>h 月:w>t 田:o>s 艹:f>p	2	1	0	36	218	0	7	1337	2627	4500145
土:r>m 忄:p>h 月:w>t 田:o>q 艹:f>p	2	1	0	36	216	0	7	1336	2624	4500160
土:r>q 忄:p>w 月:w>v 田:o>y 艹:f>p	2	1	0	36	218	0	9	1342	2617	4502395
土:r>m 忄:p>h 月:w>v 田:o>q 艹:f>p	2	1	0	36	206	0	9	1338	2621	4502295
土:r>m 忄:p>y 月:w>t 田:o>n 艹:f>p	2	1	0	37	228	0	5	1338	2626	4499410
土:r>q 忄:p>y 月:w>t 田:o>y 艹:f>p	2	1	0	37	229	0	7	1340	2620	4501780
土:r>m 忄:p>w 月:w>v 田:o>n 艹:f>p	2	1	0	37	219	0	8	1340	2620	4502780
土:r>v 忄:p>q 月:w>t 田:o>h 艹:f>p	2	1	0	37	228	0	8	1336	2623	4503105
土:r>q 忄:p>h 月:w>t 田:o>v 艹:f>p	2	1	0	37	227	0	10	1336	2617	4505515
土:r>m 忄:p>q 月:w>v 田:o>s 艹:f>p	2	1	0	38	212	0	7	1342	2623	4502845
土:r>m 忄:p>y 月:w>v 田:o>n 艹:f>p	2	1	0	38	219	0	8	1340	2623	4504265
土:r>q 忄:p>y 月:w>v 田:o>y 艹:f>p	2	1	0	38	221	0	9	1342	2617	4505455
土:r>q 忄:p>h 月:w>t 田:o>y 艹:f>p	2	1	0	38	230	0	10	1337	2620	4507020
土:r>m 巾:a>l 月:w>t 田:o>n 艹:f>b	2	1	0	39	275	0	7	1334	2608	4506000
土:r>v 忄:p>q 月:w>t 田:o>w 艹:f>p	2	1	0	39	227	0	9	1338	2626	4507190
土:r>m 巾:a>l 月:w>v 田:o>n 艹:f>b	2	1	0	39	266	0	9	1336	2605	4508155
土:r>q 忄:p>h 月:w>t 田:o>d 艹:f>p	2	1	0	39	232	0	10	1334	2619	4508685
土:r>q 忄:p>f 月:w>t 田:o>n 艹:f>p	2	1	0	40	234	0	9	1337	2624	4508880
土:r>v 巾:a>r 月:w>t 田:o>q 艹:f>b	2	1	0	40	268	0	9	1333	2605	4509815
