问题ID	原文摘录	状态	目标码表	格式	操作	原编码	原字词	新编码	新字词	目标候选位	备注	处理时间	处理结果	修改前SHA256	修改后SHA256
P0001-01	1，第一个问题，关于cy这个音，目前的首选是村，但我认为存这个字更加的高频，可以考虑让cy变成存，原本的村退回到三简：cyo。两个表都修改	已修复	releases/v0.8.5/01_正式码表/夜莺码v0.8.5单字版.txt	纯表	改码	cy	村	cyo			村由二简退至三简；保留全码cyoy	2026-08-30T04:23:29+10:00	cy,1=村 -> cyo,1=村	975e972a4b2ba8152c2d300bd74abb0652e4d7639718204e4f1076870b23fceb	324fb6d24ad97b5cc19edef9fc631a01e4407f78c2aac3ce50ab3413c03879d6
P0001-02	同上	已修复	releases/v0.8.5/01_正式码表/夜莺码v0.8.5单字版.txt	纯表	改码	cyp	存	cy			存由三简升为二简；保留全码cypn	2026-08-30T04:23:29+10:00	cyp,1=存 -> cy,1=存	975e972a4b2ba8152c2d300bd74abb0652e4d7639718204e4f1076870b23fceb	324fb6d24ad97b5cc19edef9fc631a01e4407f78c2aac3ce50ab3413c03879d6
P0001-03	同上	已修复	releases/v0.8.5/01_正式码表/夜莺0.8.5字词表.txt	纯表	改码	cy	村	cyo			村由二简退至三简；保留全码cyoy	2026-08-30T04:23:29+10:00	cy,1=村 -> cyo,1=村	26465b8760a67b80f2a8f98f19b98e57f1f4dfbf417bc002fbeea1ef46f51f6c	0f5e51072634729cd53eb34162974fd0b86f877c0dee61875d4c7027712802c8
P0001-04	同上	已修复	releases/v0.8.5/01_正式码表/夜莺0.8.5字词表.txt	纯表	改码	cyp	存	cy			存由三简升为二简；保留全码cypn	2026-08-30T04:23:29+10:00	cyp,1=存 -> cy,1=存	26465b8760a67b80f2a8f98f19b98e57f1f4dfbf417bc002fbeea1ef46f51f6c	0f5e51072634729cd53eb34162974fd0b86f877c0dee61875d4c7027712802c8
P0002-01	2，关于嘶 ，是这个字全码是嘶，和厮混重码，目前次选让位，但是嘶这个字基本只存在打单字的情况，感觉需要调整回来，让sihy的首选是嘶	已修复	releases/v0.8.5/01_正式码表/夜莺0.8.5字词表.txt	纯表	调序	sihy	厮混、嘶	sihy	嘶、厮混	1	撤销G8C12-W032的自动让位；单字表无需修改	2026-08-30T20:31:47+10:00	sihy: 厮混、嘶 -> 嘶、厮混	9de7313cf129a3fb9c85e78166a2688b3ff241228c2b38227727d264e908ea5b	b0c4a8a342a4fffde7e39e8aa53beba6795fd51898a2f74ee6874a2fcb634028
P0003-01	3，容错码：念，可以考虑加一个nmg的容错，念正常是拆今字头，但实际上拆人也很直观，所以可以考虑nmg也是念。nmg上有简词注意让位，只要加一个nmg就行，nmgr的“容错全码”就不用加了	已修复	releases/v0.8.5/01_正式码表/夜莺码v0.8.5单字版.txt	纯表	新增		念	nmg	念	1	保留自然码nmz、nmzc；念取得首选，简词整体后移；不增加nmgr；登记G8C12-U012	2026-08-30T21:07:25+10:00	新增nmg,1=念	23aff66274741335512e449bdb9642cefed6e1ac87ad0f151fb42a7cd88bf884	69cde1cdc3965cb4c74a8253604d99559a31d71211af16e1897b17126a38f0d5
P0003-02	同上	已修复	releases/v0.8.5/01_正式码表/夜莺0.8.5字词表.txt	纯表	新增		念	nmg	念	1	保留自然码nmz、nmzc；念取得首选，简词整体后移；不增加nmgr；登记G8C12-U012	2026-08-30T21:07:25+10:00	新增nmg,1=念	b0c4a8a342a4fffde7e39e8aa53beba6795fd51898a2f74ee6874a2fcb634028	259860beef9b6adb38e9b2d863c3c31f49b2b042b7302c6b722af34d431b2397
P0003-03	同上	已修复	releases/v0.8.5/01_正式码表/夜莺码v0.8.5简词表.tsv	TSV	移位	nmg	内蒙古1、农民工2、那么高3、糯米糕4	nmg	内蒙古2、农民工3、那么高4、糯米糕5	2—5	为nmg,1=念让位；四个三简词顺序不变、整体后移一位	2026-08-30T21:09:25+10:00	nmg简词候选1—4 -> 2—5	7dab5d85a3098acac0438f87ad209f560cd548de680152b22febc13475c1d3dc	262dd01c4cf9126c8d7a30a6849044faec70ec27430a40b69f16668d19848f9d
P0004-01	龵不动根，只给拜、掰增加按“手”理解的容错；拜只加bdlw，排在败类之后、拝之前；掰加bdll并排在白亮之前	已修复	releases/v0.8.5/01_正式码表/夜莺码v0.8.5单字版.txt	纯表	新增	bdi / bdiw	拜	bdlw	拜	1	只加容错全码，不加bdl；单字表中排在生僻字拝之前；登记G8C12-U013	2026-08-30T21:36:24+10:00	新增bdlw=拜	69cde1cdc3965cb4c74a8253604d99559a31d71211af16e1897b17126a38f0d5	ae87082f13f66d035c224b8d02684985b014d9dc9a41a8ebf035f9ea52e111ec
P0004-02	同上	已修复	releases/v0.8.5/01_正式码表/夜莺码v0.8.5单字版.txt	纯表	新增	bdil	掰	bdll	掰	1	保留自然全码bdil；登记G8C12-U014	2026-08-30T21:36:24+10:00	新增bdll,1=掰	69cde1cdc3965cb4c74a8253604d99559a31d71211af16e1897b17126a38f0d5	ae87082f13f66d035c224b8d02684985b014d9dc9a41a8ebf035f9ea52e111ec
P0004-03	同上	已修复	releases/v0.8.5/01_正式码表/夜莺0.8.5字词表.txt	纯表	插入	bdlw	败类、拝	bdlw	败类、拜、拝	2	拜排在既有词之后、生僻字之前；不加bdl	2026-08-30T21:36:24+10:00	bdlw: 败类、拝 -> 败类、拜、拝	259860beef9b6adb38e9b2d863c3c31f49b2b042b7302c6b722af34d431b2397	b455abcbb18acca18741b44a8953c5ae03ee38c1a72dad4fafaa842cd250f536
P0004-04	同上	已修复	releases/v0.8.5/01_正式码表/夜莺0.8.5字词表.txt	纯表	插入	bdll	白亮、不得了了	bdll	掰、白亮、不得了了	1	掰取得首选，两个既有词顺延	2026-08-30T21:36:24+10:00	bdll: 白亮、不得了了 -> 掰、白亮、不得了了	259860beef9b6adb38e9b2d863c3c31f49b2b042b7302c6b722af34d431b2397	b455abcbb18acca18741b44a8953c5ae03ee38c1a72dad4fafaa842cd250f536
P0004-05	同上	已修复	releases/v0.8.5/01_正式码表/夜莺码v0.8.5扩展字表.tsv	TSV	移位	bdlw	拝,2	bdlw	拝,3	3	扩展字一律排在既有字词之后；为新增核心字拜让位	2026-08-30T21:36:24+10:00	拝: bdlw,2 -> bdlw,3	acb9420934657169c88407854c6d3442fb6e04d4c30366e11707e4cb87fcf24b	36401118fa3918698661addf1b6945def9b2abeb97f66d883b160d26648974cb
P0005-01	羲的脑袋确认是美字头；修复羲、曦、爔的规范拆分，并保留此前恢复的戈根	已修复	work/重开工程/02_规范拆分/最终规范拆分表_待核验.tsv	TSV	改拆		羲、曦、爔		羲=美字头＋禾＋戈＋横＋折；曦/爔在前面分别加日/火		正式历史结构裁决同步修正；不修改根集	2026-08-31T00:18:21+10:00	三字上部由点＋点＋王恢复为美字头	f96e0646d6cd25bfaeafba4acdb0cbf0b9b9ed9f6e93a04b32c7bf1d47b33ef4	f3e18641821783f2c40a0d48b353146c5f77abffb5a26b6f15e7fa24686da1b5
P0005-02	同上	已修复	releases/v0.8.5/01_正式码表/夜莺码v0.8.5单字版.txt	纯表	改码	xiao	羲	xiio	羲	1	新码为空码；兮保留xiao；曦、爔首末根不变，无需改码	2026-08-31T00:18:21+10:00	羲: xiao -> xiio	ae87082f13f66d035c224b8d02684985b014d9dc9a41a8ebf035f9ea52e111ec	ddb3b1040cd28f049cdf8021e7809b35d856b4633889f88eccd8575dc2a8617e
P0005-03	同上	已修复	releases/v0.8.5/01_正式码表/夜莺0.8.5字词表.txt	纯表	改码	xiao	羲	xiio	羲	1	新码为空码；兮保留xiao；曦、爔首末根不变，无需改码	2026-08-31T00:18:21+10:00	羲: xiao -> xiio	b455abcbb18acca18741b44a8953c5ae03ee38c1a72dad4fafaa842cd250f536	cd64921af6fb298aba6701e9a2f7f6373cdb7ca034a36ce08b4587f8cb58265c
P0006-01	4，关于惠，可以考虑加一个容错码，拆十，现在这个是拆的一，惠，如果拆十，可以是hvpc，放在首选，原来的隳放在次选	已修复	releases/v0.8.5/01_正式码表/夜莺码v0.8.5单字版.txt	纯表	插入	hvpc	隳、䧥	hvpc	惠、隳、䧥	1	保留自然码hvn、hvnc；登记G8C12-U015	2026-08-31T02:15:41+10:00	hvpc: 隳、䧥 -> 惠、隳、䧥	ddb3b1040cd28f049cdf8021e7809b35d856b4633889f88eccd8575dc2a8617e	635586fec0bc832c6a3ee1a3be31720b9737626a88cc086c587be875f024cee4
P0006-02	同上	已修复	releases/v0.8.5/01_正式码表/夜莺0.8.5字词表.txt	纯表	插入	hvpc	隳、䧥	hvpc	惠、隳、䧥	1	保留自然码hvn、hvnc；登记G8C12-U015	2026-08-31T02:15:41+10:00	hvpc: 隳、䧥 -> 惠、隳、䧥	cd64921af6fb298aba6701e9a2f7f6373cdb7ca034a36ce08b4587f8cb58265c	88c72ed5cc56d705da6546962e9ff88a6fde1b688b416f7cc4ee77c062678a2a
P0007-01	5，关于模，个人常用摸字，摸的码是mol，手感差，可以考虑mo上二简，模退回moo	已修复	releases/v0.8.5/01_正式码表/夜莺码v0.8.5单字版.txt	纯表	换位	mo / mol	模 / 摸	mo / moo	摸 / 模	1	保留摸全码molt、模全码moot；登记G8C12-C012	2026-08-31T02:15:41+10:00	mo: 模 -> 摸；mol: 摸 -> 空；moo: 空 -> 模	ddb3b1040cd28f049cdf8021e7809b35d856b4633889f88eccd8575dc2a8617e	635586fec0bc832c6a3ee1a3be31720b9737626a88cc086c587be875f024cee4
P0007-02	同上	已修复	releases/v0.8.5/01_正式码表/夜莺0.8.5字词表.txt	纯表	换位	mo / mol	模 / 摸	mo / moo	摸 / 模	1	保留摸全码molt、模全码moot；登记G8C12-C012	2026-08-31T02:15:41+10:00	mo: 模 -> 摸；mol: 摸 -> 空；moo: 空 -> 模	cd64921af6fb298aba6701e9a2f7f6373cdb7ca034a36ce08b4587f8cb58265c	88c72ed5cc56d705da6546962e9ff88a6fde1b688b416f7cc4ee77c062678a2a
P0006-03	同P0006	已修复	releases/v0.8.5/01_正式码表/夜莺码v0.8.5扩展字表.tsv	TSV	移位	hvpc	䧥,2	hvpc	䧥,3	3	扩展字排在新增惠和既有隳之后，确保隳保持次选	2026-08-31T02:15:41+10:00	䧥: hvpc,2 -> hvpc,3	36401118fa3918698661addf1b6945def9b2abeb97f66d883b160d26648974cb	5390356d8462b41f455c828cfc46af8093dff5b8ceb9df36d18f36be29475833
P0008-01	6，辣，疑似拆分错误，我们有一个辛根，但是辣拆的是laa，拆的立。而不是辛，怀疑是因为那个辣拐弯了，没有识别到	已修复	work/重开工程/01_根集/根集_待完整性复核.yaml	YAML	新增附属根	辛	辡	辛	辡、辛旁		Chai实际已识别U+E0C9“辛旁”；不重跑整套拆分和码表	2026-08-31T02:25:05+10:00	辛旁登记为辛的附属根	25c8fb9b26e06a06bcaaa2b1cfb2f361c02b5d74013029b4b7111e154c1e4198	2e4892647a94c94732044542ec10da6ae6cdf8a9a0c70bc815dab6003ad067e1
P0008-02	同上	已修复	work/重开工程/02_规范拆分/最终规范拆分表_待核验.tsv	TSV	改拆		辣=立＋左字框＋束		辣=辛旁＋束		首根宿主由立改为辛，末根仍为束；本次手工同步，未来由新增附属根自然生成	2026-08-31T02:25:05+10:00	辣拆分及首根已修正	f3e18641821783f2c40a0d48b353146c5f77abffb5a26b6f15e7fa24686da1b5	9c4db5f9582e492c887332a0a24d755a94fe64d8f6aba3b4e6229af2e80d78bd
P0008-03	同上	已修复	releases/v0.8.5/01_正式码表/夜莺码v0.8.5单字版.txt	纯表	改码	laa / laap / las	辣 / 辣 / 瘌	las / lasp / lass	辣 / 辣 / 瘌	1	邋保留laap；登记G8C12-C013	2026-08-31T02:25:05+10:00	辣laa,laap -> las,lasp；瘌las -> lass	635586fec0bc832c6a3ee1a3be31720b9737626a88cc086c587be875f024cee4	62ce693188a9f65094f90b8126722b47e6d5130e12826abfd772c3916388e429
P0008-04	同上	已修复	releases/v0.8.5/01_正式码表/夜莺0.8.5字词表.txt	纯表	改码	laa / laap / las	辣 / 辣 / 瘌	las / lasp / lass	辣 / 辣 / 瘌	1	邋保留laap；登记G8C12-C013	2026-08-31T02:25:05+10:00	辣laa,laap -> las,lasp；瘌las -> lass	88c72ed5cc56d705da6546962e9ff88a6fde1b688b416f7cc4ee77c062678a2a	681b2d2136949366517dbc7ad26d8cb43b575d7fc7e25e6e074b580be4481f8f
P0009-01	7，关于行这个音，xk是性，xkk是行，显然这个行更加高频。性可以退回xkc，原本的xkc上的惺可以退回xkcw的首选	已修复	releases/v0.8.5/01_正式码表/夜莺码v0.8.5单字版.txt	纯表	换位	xk / xkc / xkk / xkcw	性 / 惺 / 行 / 性、惺	xk / xkc / xkcw / xkkk	行 / 性 / 惺、性 / 行	1	撤销行旧三码xkk，保留全码xkkk；登记G8C12-C014	2026-08-31T17:53:37+10:00	行升xk；性退xkc；惺退xkcw首选，性全码次选	62ce693188a9f65094f90b8126722b47e6d5130e12826abfd772c3916388e429	5d8505dcd24422996a61a9a56139f2a3f6bea339e331a4136057bfdf6f33a5a4
P0009-02	同上	已修复	releases/v0.8.5/01_正式码表/夜莺0.8.5字词表.txt	纯表	换位	xk / xkc / xkk / xkcw	性 / 惺 / 行 / 性、惺	xk / xkc / xkcw / xkkk	行 / 性 / 惺、性 / 行	1	辛苦、彳亍、夏枯草候选位不变；先看看因xkk腾空前移	2026-08-31T17:53:37+10:00	主表同步行性惺简码链	bbe1c39597bd61532be7d24a018ecaeede9f6ae563dd6a06820b018dd9f50f72	645fbba53b477b480f61d900bed22ff2c722d896cd5798b5950c96fde3b5425a
P0009-03	同上	已修复	releases/v0.8.5/01_正式码表/夜莺码v0.8.5简词表.tsv	TSV	移位	xkk	先看看,2	xkk	先看看,1	1	行撤出xkk后填补空位	2026-08-31T17:53:37+10:00	先看看 xkk,2 -> xkk,1	262dd01c4cf9126c8d7a30a6849044faec70ec27430a40b69f16668d19848f9d	3126d2ec5a4833221da5db3822a8365052572ee55f8a29268222758162fc6e73
P0010-01	8，删除了yu的一生，一声两个简词，因为同为yu的于是和也是同样高频	已修复	releases/v0.8.5/01_正式码表/夜莺码v0.8.5简词表.tsv	TSV	删除	yu	一声,2；一生,3	yu	也是,2；于是,3	2	删除一声、一生；也是、于是依次前移	2026-08-31T17:53:37+10:00	yu简词由一声、一生、也是、于是改为也是、于是	262dd01c4cf9126c8d7a30a6849044faec70ec27430a40b69f16668d19848f9d	3126d2ec5a4833221da5db3822a8365052572ee55f8a29268222758162fc6e73
P0010-02	同上	已修复	releases/v0.8.5/01_正式码表/夜莺0.8.5字词表.txt	纯表	删除	yu	一声、一生、也是、于是	yu	也是、于是	2	与保持首选；也是、于是前移为二、三选	2026-08-31T17:53:37+10:00	yu：与、也是、于是	bbe1c39597bd61532be7d24a018ecaeede9f6ae563dd6a06820b018dd9f50f72	645fbba53b477b480f61d900bed22ff2c722d896cd5798b5950c96fde3b5425a
P0011-01	9，呒增加容错全码wuhg，原自然码mmh、mmhg保留	已修复	releases/v0.8.5/01_正式码表/夜莺码v0.8.5单字版.txt	纯表	新增	mmh / mmhg	呒	wuhg	呒	1	wuhg原为空码；保留原读音m的自然码；登记G8C12-U016	2026-08-31T22:32:05+10:00	新增wuhg,1=呒	5d8505dcd24422996a61a9a56139f2a3f6bea339e331a4136057bfdf6f33a5a4	137c7597b7a7c0940d6c6c6de73060e1e128d5fa35fc9d73c22bd06186badb34
P0011-02	同上	已修复	releases/v0.8.5/01_正式码表/夜莺0.8.5字词表.txt	纯表	新增	mmh / mmhg	呒	wuhg	呒	1	wuhg原为空码，无字词需要让位；派生挂接表已重建	2026-08-31T22:32:05+10:00	新增wuhg,1=呒	645fbba53b477b480f61d900bed22ff2c722d896cd5798b5950c96fde3b5425a	b576b298906f6a3220a9b200a9f946b526af6a4bf8ed3afa07a2df26c51cbee7
P0011-03	同上	已修复	work/夜莺0.85/04_G8C12人工裁决/无理码表.tsv	TSV	新增裁决	mmh / mmhg	呒	wuhg	呒	1	按“呒”从“无”的字形直觉增加wu音码容错；编号G8C12-U016	2026-08-31T22:32:05+10:00	登记并实装G8C12-U016	ec79a081a945d1aa477ba524a15523da487da6199d4fcec5ed0c51cc69e906cc	577ce6fb70bc1bd3af31fc6edcbfc2fe9b9dbc47332037e64a25eeb6ba08b58e
P0011-04	同上	已修复	releases/v0.8.5/01_正式码表/夜莺码v0.8.5无理码表.tsv	TSV	新增裁决	mmh / mmhg	呒	wuhg	呒	1	发布副本同步G8C12-U016	2026-08-31T22:32:05+10:00	发布无理码表已同步	ec79a081a945d1aa477ba524a15523da487da6199d4fcec5ed0c51cc69e906cc	577ce6fb70bc1bd3af31fc6edcbfc2fe9b9dbc47332037e64a25eeb6ba08b58e
P0012-01	10，黄的末尾应拆八而不是㐅；整族统一修正。hlma按皇马、蟥、黄妈、黄麻、黄排列，扩展字最后	已修复	work/重开工程/02_规范拆分/最终规范拆分表_待核验.tsv	TSV	整族改拆	㐅 / 交	黄部件末尾	八 / 八	核心9字		黄及横、潢、璜、癀、簧、蟥、黉、𨱑统一修正；黇末根仍为口	2026-09-01T15:28:12+10:00	核心黄家族末根交改八	9c4db5f9582e492c887332a0a24d755a94fe64d8f6aba3b4e6229af2e80d78bd	c8b3b4a011b3bb3ad1bc862267f75589cf5a0bda705746b6fd1a12ee4dc91c8c
P0012-02	同上	已修复	work/夜莺0.85/10_扩展字Chai实验/20260830_034806+1000/扩展字规范拆分_候选.tsv	TSV	整族改拆	㐅 / 交	黄部件末尾	八 / 八	扩展45字		扩展黄家族同步修正，不保留旧结构	2026-09-01T15:28:12+10:00	扩展黄家族末根交改八	f6d60d571fea515d0604ee870e2bccbfcb6de8c5e63136f6c62d6d7a52abb18f	7935a505ed9a975f49afdc3bc9045517fe138b5164fa8e49ca138880c9b51db6
P0012-03	同上	已修复	releases/v0.8.5/01_正式码表/夜莺码v0.8.5单字版.txt	纯表	整族改码	n结尾	核心及扩展黄家族	a结尾	核心及扩展黄家族		简码不变；54个自然全码入口末键n改a；核心字优先于扩展字	2026-09-01T15:28:12+10:00	黄家族全码由交键n迁至八键a	137c7597b7a7c0940d6c6c6de73060e1e128d5fa35fc9d73c22bd06186badb34	cb26feddd320789ccebb67465c49c5e00d3653c607a20602ad58706a8df7c908
P0012-04	同上	已修复	releases/v0.8.5/01_正式码表/夜莺0.8.5字词表.txt	纯表	整族改码与排序	hlmn	蟥、黄、䪄	hlma	皇马、蟥、黄妈、黄麻、黄、黃、䪄	2	蟥按用户裁决让位到第二；黄有二简，完整码排第五；扩展字最后	2026-09-01T15:28:12+10:00	hlma裁决及全族新码位已实装	b576b298906f6a3220a9b200a9f946b526af6a4bf8ed3afa07a2df26c51cbee7	0f83a3f7202088a3c34fd3c0d8c71ef627ae1aa40a0c9514571605a579924e93
P0012-05	同上	已修复	releases/v0.8.5/01_正式码表/夜莺码v0.8.5扩展字表.tsv	TSV	改码与候选位	n结尾	黄家族扩展字	a结尾	黄家族扩展字		仅重算黄家族目标码位；其他扩展字候选位保持不变	2026-09-01T15:28:12+10:00	45个扩展字及同码扩展候选位同步	5390356d8462b41f455c828cfc46af8093dff5b8ceb9df36d18f36be29475833	686e98011de82a86e2906c439c43be619a6dc3e593e78d02206963eb03a80e2f
P0013-01	11，家和加，建议jx放加字，家退回jxi，因为加的三简jxp的手感不好。	已修复	releases/v0.8.5/01_正式码表/夜莺码v0.8.5单字版.txt	纯表	换位	jx / jxp	家 / 加	jx / jxi	加 / 家	1	保留家全码jxie、加全码jxph；加撤出jxp后架由全码jxpo上提	2026-09-01T16:58:01+10:00	加升jx；家退jxi；架升jxp	cb26feddd320789ccebb67465c49c5e00d3653c607a20602ad58706a8df7c908	91bf7ab4571261d5455cb559f0b237478baa49a09d6fbcc75718487b375a5977
P0013-02	同上	已修复	releases/v0.8.5/01_正式码表/夜莺0.8.5字词表.txt	纯表	换位	jx / jxp	家 / 加	jx / jxi / jxp	加 / 家 / 架	1	进行、继续保持jx二三选；机械厂顺延；架取得jxp首位，急需品维持次选	2026-09-01T16:58:01+10:00	jx：加、进行、继续；jxi：家、机械厂；jxp：架、急需品	542a07c1bc4b60b028d98694aebefd707171dbe805f9ee0e556542230868e930	a6a1b4f335c7ebf4aa47e0c1bdd240d0fe12d8d27ed7df40aa177473b9e106fe
P0013-03	同上	已修复	releases/v0.8.5/01_正式码表/夜莺码v0.8.5简词表.tsv	TSV	移位	jxi,1	机械厂	jxi,2	机械厂	2	为家让出jxi首位；jxp由新三码架占首位，急需品维持次选	2026-09-01T16:58:01+10:00	机械厂1→2；急需品维持jxp次选	3126d2ec5a4833221da5db3822a8365052572ee55f8a29268222758162fc6e73	9024806d20f6333a94a99b5cf74871d25e68b4886779b2746be0f0e3cf8edbee
P0014-01	12，同理，tv的码可以给退，原本tv上的推可以给tvl。	已修复	releases/v0.8.5/01_正式码表/夜莺码v0.8.5单字版.txt	纯表	换位	tv / tvc	推 / 退	tv / tvl	退 / 推	1	保留退全码tvcp、推全码tvlg；撤销退旧三码tvc	2026-09-01T16:58:01+10:00	退升tv；推退tvl；tvc腾空	cb26feddd320789ccebb67465c49c5e00d3653c607a20602ad58706a8df7c908	91bf7ab4571261d5455cb559f0b237478baa49a09d6fbcc75718487b375a5977
P0014-02	同上	已修复	releases/v0.8.5/01_正式码表/夜莺0.8.5字词表.txt	纯表	换位	tv / tvc	推 / 退	tv / tvl	退 / 推	1	调整、听着保持tv二三选；tvl三词顺延；特征词前移	2026-09-01T16:58:01+10:00	tv：退、调整、听着；tvl：推、停止了、腆着脸、偷着乐；tvc：特征词	542a07c1bc4b60b028d98694aebefd707171dbe805f9ee0e556542230868e930	a6a1b4f335c7ebf4aa47e0c1bdd240d0fe12d8d27ed7df40aa177473b9e106fe
P0014-03	同上	已修复	releases/v0.8.5/01_正式码表/夜莺码v0.8.5简词表.tsv	TSV	移位	tvc,2 / tvl,1—3	特征词 / 停止了、腆着脸、偷着乐	tvc,1 / tvl,2—4	特征词 / 停止了、腆着脸、偷着乐		为推让出tvl首位，并填补tvc空位	2026-09-01T16:58:01+10:00	特征词2→1；tvl三词整体后移一位	3126d2ec5a4833221da5db3822a8365052572ee55f8a29268222758162fc6e73	9024806d20f6333a94a99b5cf74871d25e68b4886779b2746be0f0e3cf8edbee
P0015-01	13，涅和捏，个人认为，np这个二简可以给捏，涅退回到npb比较好。	已修复	releases/v0.8.5/01_正式码表/夜莺码v0.8.5单字版.txt	纯表	改码	np	涅	npb	涅	1	涅退回三码；保留全码npbt	2026-09-01T20:58:39+10:00	np,1=涅 -> npb,1=涅	91bf7ab4571261d5455cb559f0b237478baa49a09d6fbcc75718487b375a5977	f20de35a656ca3282f4abf4e241376dabc24e0654eae7bb8d57341ea8d35e705
P0015-02	同上	已修复	releases/v0.8.5/01_正式码表/夜莺码v0.8.5单字版.txt	纯表	改码	npl	捏	np	捏	1	捏升二简；保留全码nplt	2026-09-01T20:58:39+10:00	npl,1=捏 -> np,1=捏	91bf7ab4571261d5455cb559f0b237478baa49a09d6fbcc75718487b375a5977	f20de35a656ca3282f4abf4e241376dabc24e0654eae7bb8d57341ea8d35e705
P0015-03	同上	已修复	releases/v0.8.5/01_正式码表/夜莺0.8.5字词表.txt	纯表	改码	np	涅	npb	涅	1	那时候、哪怕保留并顺延；保留涅全码npbt	2026-09-01T20:58:39+10:00	np,1=涅 -> npb,1=涅	a6a1b4f335c7ebf4aa47e0c1bdd240d0fe12d8d27ed7df40aa177473b9e106fe	2cbc5a84926f3b42093becbe94ca425e11ddb37671e1d4a2f33ef5292a6b8d69
P0015-04	同上	已修复	releases/v0.8.5/01_正式码表/夜莺0.8.5字词表.txt	纯表	改码	npl	捏	np	捏	1	捏升二简；拿破仑、鸟嘌呤及全码入口不变	2026-09-01T20:58:39+10:00	npl,1=捏 -> np,1=捏	a6a1b4f335c7ebf4aa47e0c1bdd240d0fe12d8d27ed7df40aa177473b9e106fe	2cbc5a84926f3b42093becbe94ca425e11ddb37671e1d4a2f33ef5292a6b8d69
P0016-01	14，加入“gwni”，作为给你的全码	已修复	releases/v0.8.5/01_正式码表/夜莺0.8.5字词表.txt	纯表	新增			gwni	给你	1	当前为空码；仅加入字词主表	2026-09-01T20:58:39+10:00	新增 gwni,1=给你	a6a1b4f335c7ebf4aa47e0c1bdd240d0fe12d8d27ed7df40aa177473b9e106fe	2cbc5a84926f3b42093becbe94ca425e11ddb37671e1d4a2f33ef5292a6b8d69
P0017-01	13，和xing是彳亍一样，加入一个自定义的码：woc=臣卜木曹	已修复	releases/v0.8.5/01_正式码表/夜莺0.8.5字词表.txt	纯表	新增			woc	臣卜木曹	1	当前为空码；仅加入字词主表	2026-09-01T20:58:39+10:00	新增 woc,1=臣卜木曹	a6a1b4f335c7ebf4aa47e0c1bdd240d0fe12d8d27ed7df40aa177473b9e106fe	2cbc5a84926f3b42093becbe94ca425e11ddb37671e1d4a2f33ef5292a6b8d69
P0018-01	14，给许久这个词加一个简词xj，放在首选，之前的简词依次让位，然后把绪这个字放回来。	已修复	releases/v0.8.5/01_正式码表/夜莺0.8.5字词表.txt	纯表	调序	xj	下降	xj	下降	5	为许久、绪腾出前两位；保留完整码入口	2026-09-01T20:58:39+10:00	xj,3=下降 -> xj,5=下降	a6a1b4f335c7ebf4aa47e0c1bdd240d0fe12d8d27ed7df40aa177473b9e106fe	2cbc5a84926f3b42093becbe94ca425e11ddb37671e1d4a2f33ef5292a6b8d69
P0018-02	同上	已修复	releases/v0.8.5/01_正式码表/夜莺0.8.5字词表.txt	纯表	调序	xj	细节	xj	细节	4	既有简词依次后移	2026-09-01T20:58:39+10:00	xj,2=细节 -> xj,4=细节	a6a1b4f335c7ebf4aa47e0c1bdd240d0fe12d8d27ed7df40aa177473b9e106fe	2cbc5a84926f3b42093becbe94ca425e11ddb37671e1d4a2f33ef5292a6b8d69
P0018-03	同上	已修复	releases/v0.8.5/01_正式码表/夜莺0.8.5字词表.txt	纯表	调序	xj	小姐	xj	小姐	3	既有简词依次后移	2026-09-01T20:58:39+10:00	xj,1=小姐 -> xj,3=小姐	a6a1b4f335c7ebf4aa47e0c1bdd240d0fe12d8d27ed7df40aa177473b9e106fe	2cbc5a84926f3b42093becbe94ca425e11ddb37671e1d4a2f33ef5292a6b8d69
P0018-04	同上	已修复	releases/v0.8.5/01_正式码表/夜莺0.8.5字词表.txt	纯表	新增			xj	绪	2	恢复绪的二码入口；完整码xujq保留	2026-09-01T20:58:39+10:00	新增 xj,2=绪	a6a1b4f335c7ebf4aa47e0c1bdd240d0fe12d8d27ed7df40aa177473b9e106fe	2cbc5a84926f3b42093becbe94ca425e11ddb37671e1d4a2f33ef5292a6b8d69
P0018-05	同上	已修复	releases/v0.8.5/01_正式码表/夜莺0.8.5字词表.txt	纯表	新增			xj	许久	1	许久取得xj首选；完整码xujq保留	2026-09-01T20:58:39+10:00	新增 xj,1=许久	a6a1b4f335c7ebf4aa47e0c1bdd240d0fe12d8d27ed7df40aa177473b9e106fe	2cbc5a84926f3b42093becbe94ca425e11ddb37671e1d4a2f33ef5292a6b8d69
P0019-01	保留新的woc=臣卜木曹，删除旧的wocc=臣卜木曹	已修复	releases/v0.8.5/01_正式码表/夜莺0.8.5字词表.txt	纯表	删除	wocc	臣卜木曹				保留woc简码及ibmc自然首字母入口	2026-09-01T21:04:41+10:00	删除 wocc,1=臣卜木曹	2cbc5a84926f3b42093becbe94ca425e11ddb37671e1d4a2f33ef5292a6b8d69	91fb7d602f7b4fcbe7c732a2d78c10125f4b72333c07d96bca84f10bb8ef918d
P0020-01	纠正P0018误解：绪是单字，不应额外加入xj；保留原全码xujq	已修复	releases/v0.8.5/01_正式码表/夜莺0.8.5字词表.txt	纯表	删除	xj	绪				删除误加简码；xj后续候选自动前移，xujq保持不变	2026-09-01T21:09:04+10:00	删除 xj,2=绪	91fb7d602f7b4fcbe7c732a2d78c10125f4b72333c07d96bca84f10bb8ef918d	6fca71082d4a75e6fcf804c66970896b339e0d68e69a44edbc0d708c497eeaff
P0021-01	明确许久与绪的双码位规则：xujq首选为绪，许久及其他词顺延；xj首选为许久	已修复	releases/v0.8.5/01_正式码表/夜莺0.8.5字词表.txt	纯表	调序	xujq	绪	xujq	绪	1	与原首选许久换位；xj保持许久、小姐、细节、下降	2026-09-01T22:18:06+10:00	xujq,2=绪 -> xujq,1=绪	6fca71082d4a75e6fcf804c66970896b339e0d68e69a44edbc0d708c497eeaff	aa0544c94690d9faa0584e880f2dabc0a82e9a543ef77695e5e664a4272e87e0
P0022-01	邦增加容错码bhw，按“丰”来拆	已修复	releases/v0.8.5/01_正式码表/夜莺码v0.8.5单字版.txt	纯表	新增		邦	bhw	邦	1	保留自然码bhn、bhnp；不增加容错全码	2026-09-02T03:40:17+10:00	新增 bhw,1=邦	f20de35a656ca3282f4abf4e241376dabc24e0654eae7bb8d57341ea8d35e705	72ff23a886c4680b8051e10c4f19ac89339fcbf3fe022886b89ce856a4563c13
P0022-02	同上	已修复	releases/v0.8.5/01_正式码表/夜莺0.8.5字词表.txt	纯表	新增		邦	bhw	邦	1	原有简词不好玩、白话文、保护网、百合网依次后移；保留自然码bhn、bhnp	2026-09-02T03:40:17+10:00	新增 bhw,1=邦	a46772d00d3e02871c250209d1fa0b2414c00c5e5fb0368466a0f31b8b168c32	71c20bf204197ad22ecc1dfec6e0dd9f246a62567d6d9081afed1930dfe2e7e6
P0016-01	16，些和写，考虑互换位置，些来到二简 xpi来到三简，原有的xpi上的屑退到四码。然后，因为些成了二简，所以原本的xpg就空了出来，可以把斜给xpg	已修复	releases/v0.8.5/01_正式码表/夜莺码v0.8.5单字版.txt	纯表	换位	xp / xpg / xpi	写 / 些 / 屑	xpi / xp / xpg	写 / 些 / 斜	1	些升二简、写退三简xpi（自然码前缀）、屑退全码xpiv、斜得三简xpg（自然码前缀）	2026-09-02T17:25:04+10:00	xp,1=些；xpi,1=写；xpg,1=斜；屑退xpiv	72ff23a886c4680b8051e10c4f19ac89339fcbf3fe022886b89ce856a4563c13	5c4d3b612aa6a77d81e9b5e620f9683c56da487ff2be4113cc0117428e01a6aa
P0016-02	同上	已修复	releases/v0.8.5/01_正式码表/夜莺0.8.5字词表.txt	纯表	换位	xp / xpg / xpi	写 / 些 / 屑	xpi / xp / xpg	写 / 些 / 斜	1	小时候、小苹果、橡皮管、修配厂候选位均不变；简词表无需改动	2026-09-02T17:25:04+10:00	xp：些、小时候；xpg：斜、小苹果、橡皮管；xpi：写、修配厂	71c20bf204197ad22ecc1dfec6e0dd9f246a62567d6d9081afed1930dfe2e7e6	0896209a43e4b69783e10dd8076e2efe525df63aa6a9f97454a3476afc1bfafd
P0017-01	17，gv的音，二简是贵，三简的gvm是空的，把贵也放在gvm上，二简三简都是贵	已修复	releases/v0.8.5/01_正式码表/夜莺码v0.8.5单字版.txt	纯表	加码			gvm	贵	1	贵二简gv保留，增补三简gvm（全码gvmz自然前缀）；gvm原为空码	2026-09-02T19:50:14+10:00	新增gvm,1=贵	5c4d3b612aa6a77d81e9b5e620f9683c56da487ff2be4113cc0117428e01a6aa	ad0897d446b0203db754931aad5661effbc29d3d9a04004557bdeb667dc0985e
P0017-02	同上	已修复	releases/v0.8.5/01_正式码表/夜莺0.8.5字词表.txt	纯表	加码			gvm	贵	1	同步字词表；gv上贵、关注、各种候选序不变	2026-09-02T19:50:14+10:00	新增gvm,1=贵	0896209a43e4b69783e10dd8076e2efe525df63aa6a9f97454a3476afc1bfafd	6187a0cfe6c1c6f4063ce53b3be3b2ad983a1881e9283c3916a384b308c125b6
P0018-01	18，凡有二简且自然三简位无单字的字，一律三简位补该字，原有简词让位一位	已修复	releases/v0.8.5/01_正式码表/夜莺码v0.8.5单字版.txt	纯表	批量加码			183个自然三简	对应二简字	1	95空码+88简词占位码全部补入；贵gvm(P0017)先行不重复计入	2026-09-02T20:55:58+10:00	新增183条三简，各码位单字唯一且居首	ad0897d446b0203db754931aad5661effbc29d3d9a04004557bdeb667dc0985e	6cc464eeb417d4f66b2338f9ba1ff6b5c86f602dc76841ef5fb6d0e8150bcd6b
P0018-02	同上	已修复	releases/v0.8.5/01_正式码表/夜莺0.8.5字词表.txt	纯表	批量加码			183个自然三简	对应二简字	1	88码位原简词顺延一位	2026-09-02T20:55:58+10:00	新增183条，居各码首选	6187a0cfe6c1c6f4063ce53b3be3b2ad983a1881e9283c3916a384b308c125b6	1f3be10cd7f76d5db024517cad9d85cd984814a2ae4bd7543343896a284768d6
P0018-03	同上	已修复	releases/v0.8.5/01_正式码表/夜莺码v0.8.5简词表.tsv	TSV	移位	88码位204条简词	候选位n		候选位n+1		为183补字让出首位	2026-09-02T20:55:58+10:00	204条简词候选位+1	ce52dc3e025cf155a73ab54af1dd4e56639d4a18f53a188005d5620815ed4267	96668f1f6ac5c7feb60e29f34854838308449b5825682fd41b43d33700380fa3
