字	官方	重算
䥽	podh	podl
乘	igmu	igmh
了	lnrp	lerp
仔	zixa	zdxa
价	jpxp	jxxp
伯	boxs	bdxs
似	sixe	uixe
佛	fuxp	foxp
俄	eexa	eexh
俩	llxe	lxxe
偭	mmxd	mmxu
偻	lvxy	lzxy
儴	rhxd	rhxh
其	qivf	qizf
制	vibi	viui
剕	fwpi	fwli
剥	bosi	bcsi
劲	jkru	jbru
勘	kjvu	kjzu
匆	csuh	csih
单	djfs	ijfs
南	njsm	nasm
卜	buph	boph
卣	yzpr	yzpd
卿	qkuh	qkub
发	farh	farl
咋	vaou	zaou
哀	aiio	aiih
哦	eeoa	eeoh
哪	neob	naob
啁	vzoo	vcoo
啜	iool	ikol
嚷	rhod	rhoh
嚼	jtok	jnok
圙	ltnd	ltnu
地	diga	dega
埋	mjgg	mdgg
基	jivg	jizg
墉	ysgi	ysgp
壤	rhgd	rhgh
夥	howf	hovf
奘	vlrx	zhrx
奭	uixo	uish
娥	eeya	eeyh
嬴	ykiy	ykih
尺	iiqh	ieqh
峨	eepa	eeph
嵊	ugpu	ugph
嶲	xipr	xipo
差	cifp	iafp
帱	dcyk	izyk
废	fwrh	fwrl
庸	ysri	ysrp
彀	gzgr	gzgk
微	wwhi	wwhj
徵	viha	vihj
徽	hvhi	hvhj
悲	bwpn	bwln
惎	jivn	jizn
愐	mmnd	mmnu
愚	yuwn	yuvn
慵	ysni	ysnp
我	woua	wouh
戡	kjva	kjza
戢	jioa	jioh
戽	huhs	huhp
扎	vajr	zajr
抖	dzjs	dzjp
抹	moje	maje
拓	tojt	tajt
拨	bojh	bojl
择	vdjp	zejp
拶	zjjf	zajf
拾	uijo	uejo
捋	lojk	lvjk
掣	iebo	ieuo
摩	modo	mado
攘	rhjd	rhjh
斐	fwpj	fwlj
斗	dzhs	dzkp
料	lnls	lnlp
斛	hugs	hugp
斜	xpes	xpep
斝	jxos	jxop
斟	vfvs	vfzp
斠	jnds	jndp
斡	woss	wosp
斯	sivp	sizp
曦	xiva	xivh
曩	nhvd	nhvh
期	jivl	jizl
朴	puwh	pnwh
杉	ujwu	uawu
果	goww	govw
棐	fwpw	fwlw
棱	lkwj	lgwj
榖	gugw	gugk
榱	cvwd	cvwh
槟	bkwf	bbwf
槲	huws	huwp
模	muwx	mowx
櫆	kvws	kvwp
欺	qive	qize
殷	ybuk	yjuk
毂	gugt	gugk
毅	yiik	yibk
泼	pokh	pokl
洗	xmkk	xikk
涐	eeka	eekh
湎	mmkd	mmku
滚	gykp	gykh
澄	dgkd	igkd
瀛	ykky	ykkh
瀼	rhkd	rhkh
熏	xymn	xyun
熨	yyqt	yuqt
爔	xita	xith
爽	ulsy	ulsh
瓖	xlad	xlah
甚	ufvr	ufzr
的	dish	desh
盖	gefa	gdfa
硪	wota	woth
碌	luto	lqto
磙	gytp	gyth
禳	rhhd	rhhh
禺	yuwh	yuvh
秉	bkuw	bkue
科	keus	keup
称	igui	ifui
穰	rhud	rhuh
笮	zonu	zenu
糜	midl	mwdl
綦	qivi	qizi
縠	hugi	hugk
约	yteh	yceh
络	loer	lcer
绰	ioes	ices
综	zsei	zgei
绿	lveo	lueo
缅	mmed	mmeu
缞	cved	cveh
缩	soeo	sueo
羌	qlfr	qlfk
羲	xifa	xifh
羸	lwip	lwih
翡	fwpd	fwld
胖	phlp	pjlp
胤	ybkl	ybur
脉	molh	mdlh
腼	mmld	mmlu
臂	biql	bwql
芫	yrzk	yjzk
芾	fuzy	fwzy
范	fjrt	fjzt
茫	mhrr	mhzr
茳	jlrp	jlzp
荡	dhru	dhzu
莎	sori	uazi
莪	eeza	eezh
菏	herj	hezj
菠	borl	bozl
菹	zuru	zuzu
萍	pkrs	pkzs
落	lorr	lazr
蒎	pdrh	pdzh
蒗	lhrh	lhzh
蒲	purh	puzh
蓑	sozd	sozh
蕺	jiza	jizh
薄	bork	bczk
薇	wwzi	wwzj
藉	jpzv	jizv
藩	fjrw	fjzw
藻	zcrw	zczw
蘅	hgzx	hgzj
蘘	rhzd	rhzh
蚌	bgfy	bhfy
蚪	dzfs	dzfp
蚯	qqfp	qqfd
蛾	eefa	eefh
蜚	fwpf	fwlf
蜣	qlfr	qlfk
蝌	kefs	kefp
蠃	loif	loih
血	xtua	xpua
行	hghj	hhhj
衍	yjhk	yjhj
衔	xmhd	xmhj
街	jphg	jphj
衙	yaho	yahj
衡	hghx	hghj
衢	quha	quhj
衮	gyip	gyih
衰	ukid	ukih
衷	vsip	vsih
袤	mciu	mcih
袯	bohh	bohl
裒	pzis	pzih
裛	yiit	yiih
裴	pwpk	pwlk
裹	goiw	goih
褒	bciw	bcih
襄	xlid	xlih
襫	uiho	uihh
觳	hugi	hugk
说	uock	uvck
读	duce	dzce
谁	uvca	uwca
象	xlgh	xluh
豸	viuu	vduu
貉	heur	hcur
赢	ykim	ykih
轧	vatr	yatr
辈	bwpt	bwlt
辨	bmnu	bmiu
辩	bmnc	bmic
辫	bmne	bmie
迫	posq	pdsq
遇	yuwq	yuvq
都	dugb	dzgb
酦	poqh	poql
重	ismg	isug
钭	dzds	dzdp
铊	toda	tada
铛	dhds	igds
锇	eeda	eedh
锿	aido	aidh
镛	ysdi	ysdp
镶	xldd	xldh
陆	lubp	lqbp
露	luyr	lzyr
非	fwpu	fwlu
面	mmdd	mmdu
靥	yerd	yeru
韭	jqpd	jqld
颗	kewm	kevm
颙	yswm	ysvm
饿	eega	eegh
骧	xlzd	xlzh
魁	kvss	kvsp
鳙	ysmi	ysmp
鹩	lnsc	lnxc
𬙋	xled	xleh
