字	官方首	官方末	重算首	重算末
七	七	七	1	5
丈	十	捺	十	4
下	1	捺	1	4
不	1	捺	1	4
与	1	1	与	与
专	二	捺	二	4
东		八	1	小
丝	丝	丝	纟	纟
丧	十	捺	十	4
丬	⺦	⺦	丬	丬
中	ㇿ	2	口	2
串	ㇿ	2	口	2
临	2	1	2	2
丶	捺	捺	4	4
丸	3	捺	3	4
丹	⺆	宀	冂	宀
主	宀	土	4	王
丼	二	捺	二	4
丽	1	捺	1	月
举	⺍	2		2
乀	捺	捺	4	4
久	3	捺	3	4
义	捺	㐅	4	㐅
之	捺	捺	4	4
乍	人	二	亻	二
乏	3	捺	3	4
乐	3	八	3	小
乓	3	捺	3	4
乘	干	八	干	4
也	5	5	也	也
书	5	捺	5	4
乧	捺	5	氵	5
买	5	大	5	人
乳	⺤	5		5
乸	5	捺	也	4
争	⺈	2		2
亍	二	2	1	丁
于	于	于	二	2
亦	宀	八	宀	小
京	宀	八	宀	小
亲	立	八	立	木
亳	宀	七	宀	5
亵	宀	捺	宀	4
仆	亻	捺	亻	4
仓	人	⺋	人	巴
他	亻	5	亻	也
仗	亻	捺	亻	4
仞	亻	捺	亻	4
仵	亻	干	亻	十
伋	亻	捺	亻	4
优	亻	捺	亻	4
传	亻	捺	亻	4
伥	亻	捺	亻	长
伧	亻	⺋	亻	巴
伬	亻	捺	亻	4
估	亻	ㇿ	亻	古
伱	亻	八	亻	小
伴	亻	十	亻	2
伺	亻	ㇿ	亻	口
伽	亻	ㇿ	亻	口
佁	亻	ㇿ	亻	口
低	亻	捺	亻	4
住	亻	土	亻	王
佑	亻	ㇿ	亻	口
佘	人	八	人	小
余	人	八	人	木
佟	亻	捺	亻	4
你	亻	八	亻	小
佣	亻	2	亻	用
佤	亻	捺	亻	4
佧	亻	捺	亻	4
佰	亻	臼	亻	百
佶	亻	ㇿ	亻	口
佸	亻	ㇿ	亻	口
佻	亻	捺	亻	4
侂	亻	七	亻	5
侃	亻	5	亻	巛
例	亻	⺉	亻	刀
侗	亻	ㇿ	亻	口
侘	亻	七	亻	5
侣	亻	ㇿ	亻	口
侧	亻	⺉	亻	刀
侬	亻	捺	亻	4
侮	亻	捺	亻	4
侴	人	⺉	人	刀
係	亻	八	亻	小
俄	亻	捺	亻	4
俅	亻	捺	亻	4
俍	亻	捺	亻	4
俏	亻	月	亻	肖
俐	亻	⺉	亻	刀
俑	亻	2	亻	用
俗	亻	ㇿ	亻	口
俞	人	⺉	人	刀
俪	亻	捺	亻	月
俵	亻	捺	亻	4
個	亻	ㇿ	亻	固
倍	亻	ㇿ	亻	口
倒	亻	⺉	亻	刀
倘	亻	ㇿ	亻	尚
倜	亻	ㇿ	亻	口
倞	亻	八	亻	小
倢	亻		亻	人
倦	亻	⺋	亻	巴
倧	亻	八	亻	小
倨	亻	ㇿ	亻	古
值	亻	二	亻	1
偌	亻	ㇿ	亻	口
偎	亻	捺	亻	4
偶	亻	捺	亻	4
偷	亻	⺉	亻	刀
傃	亻	八	亻	小
傣	亻	⺢	亻	水
傺	亻	八	亻	小
像	亻	捺	亻	4
僖	亻	ㇿ	亻	口
僚	亻	八	亻	小
僦	亻	捺	亻	4
僻	亻	干	亻	辛
儇	亻	捺	亻	4
儳	亻	捺	亻	4
儴	亻	捺	亻	4
兄	ㇿ	儿	口	儿
兆	3	捺	儿	4
先	⺧	儿	牛	儿
光	⺌	儿		儿
克	十	儿	古	儿
免	⺈	儿		儿
兔	⺈	捺		4
党	⺌	儿		儿
兜	3	儿	臼	儿
兢	十	儿	古	儿
入	入	入	3	4
共	⺾	八	艹	八
兴	⺍	八		八
其		八	艹	八
兽	八	ㇿ	八	口
冁	八	捺	八	4
冏	冂	ㇿ	冂	口
冒		目	2	目
冔		于	2	2
冕		儿	2	儿
写	宀	1	宀	与
农	宀	捺	宀	4
冢	宀	捺	宀	4
冤	宀	捺	宀	4
冬	文	捺	文	4
冶	冫	ㇿ	冫	口
冻	冫	八	冫	小
冽	冫	⺉	冫	刀
凉	冫	八	冫	小
凋	冫	ㇿ	冫	口
减	冫	捺	冫	4
凛	冫	八	冫	小
凝	冫		冫	人
凡	几	捺	几	4
凣	捺	几	2	几
击	二	山	土	山
刂	⺉	⺉	刀	刀
刃	刀	捺	刀	4
切	七	刀	1	刀
刈	㐅	⺉	㐅	刀
刊	干	⺉	干	刀
刍	⺈	⺕		彐
刎	勿	⺉	勿	刀
刑	二	⺉	1	刀
划	戈	⺉	戈	刀
刖	月	⺉	月	刀
列	夕	⺉	夕	刀
刘	文	⺉	文	刀
则	贝	⺉	贝	刀
刚	冂	⺉	冂	刀
创	人	⺉	人	刀
初	⻂	刀	衤	刀
删	册	⺉	册	刀
判	八	⺉	八	刀
刨	3	⺉	3	刀
利	3	⺉	3	刀
别	ㇿ	⺉	口	刀
刬	戈	⺉	戈	刀
刭	5	⺉	5	刀
刮	干	⺉	干	刀
到	1	⺉	1	刀
刳	大	⺉	大	刀
制	牛	⺉	3	刀
刷	尸	⺉	尸	刀
刹	㐅	⺉	㐅	刀
刺	1	⺉	1	刀
刻	宀	⺉	宀	刀
刽	人	⺉	人	刀
刿	山	⺉	山	刀
剀	山	⺉	山	刀
剁	几	⺉	几	刀
剂	文	⺉	文	刀
剃	八	⺉	八	刀
剅	1	⺉	1	刀
削	⺌	⺉	肖	刀
剌	1	⺉	束	刀
前	八	⺉	八	刀
剐	ㇿ	⺉	口	刀
剑	人	⺉	人	刀
剔	日	⺉	日	刀
剕	2	⺉	丬	刀
剖	立	⺉	立	刀
剜	宀	⺉	宀	刀
剞	大	⺉	大	刀
剟	又	⺉	又	刀
剡	火	⺉	火	刀
剥	⼹	⺉	彐	刀
剧	尸	⺉	尸	刀
剩	干	⺉	干	刀
副	1	⺉	1	刀
割	宀	⺉	宀	刀
剽	西	⺉	西	刀
剿	5	⺉	巛	刀
劁	亻	⺉	亻	刀
劂	广	⺉	广	刀
劄		⺉		刀
劏	⺌	⺉		刀
劐	⺾	⺉	艹	刀
劓	目	⺉	目	刀
办	力		力	4
加	力	ㇿ	力	口
劣	2	力	小	力
劳	⺾	力	艹	力
势	⺘	力	扌	力
勉	⺈	力		力
勋	ㇿ	力	口	力
勖		力	2	力
勘		力	艹	力
募	⺾	力	艹	力
勺	3	捺	3	4
匆	勿	捺	勿	4
匍	3	捺	3	4
半	八	十	八	2
卌	2	1	艹	2
协	十		十	4
卖	十	大	十	人
卜	2	捺	2	4
卞	宀	捺	宀	4
卟	ㇿ	捺	口	4
占	2	ㇿ	2	口
卡	2	捺	2	4
卦	土	捺	土	4
卧	1	捺	1	4
卮	3	⺋	3	巴
危	⺈	⺋		巴
即	⺕	卩	彐	卩
卵	3	捺	3	4
卷	八	⺋	八	巴
卺	5	⺋	5	巴
厄	广	⺋	广	巴
压	广	捺	广	4
厕	广	⺉	广	刀
厖	广	捺	广	4
原	广	八	广	小
叉	又	捺	又	4
及	3	捺	3	4
发	5	捺	5	又
受	⺤	又		又
口	ㇿ	ㇿ	口	口
古	十	ㇿ	古	古
另	ㇿ	力	口	力
叨	ㇿ	刀	口	刀
叩	ㇿ	卩	口	卩
只	ㇿ	八	口	八
叫	ㇿ	2	口	2
召	刀	ㇿ	刀	口
叭	ㇿ	八	口	八
叮	ㇿ	丁	口	丁
台	厶	ㇿ	厶	口
叱	ㇿ	匕	口	匕
史	ㇿ	㐅	口	㐅
右	十	ㇿ	十	口
叶	ㇿ	十	口	十
号	ㇿ	5	口	5
司	5	ㇿ	5	口
叹	ㇿ	又	口	又
叻	ㇿ	力	口	力
叼	ㇿ	1	口	1
叽	ㇿ	几	口	几
吁	ㇿ	于	口	2
吃	ㇿ	5	口	5
各	文	ㇿ	各	各
吆	ㇿ	厶	口	厶
合	人	ㇿ	人	口
吉	土	ㇿ	土	口
吊	ㇿ	巾	口	巾
吋	ㇿ	寸	口	寸
同	冂	ㇿ	冂	口
名	夕	ㇿ	夕	口
后	3	ㇿ	3	口
吐	ㇿ	土	口	土
向	3	ㇿ	3	口
吒	ㇿ	七	口	5
吓	ㇿ	捺	口	4
吔	ㇿ	5	口	也
吕	ㇿ	ㇿ	口	口
吖	ㇿ	2	口	2
吗	ㇿ	马	口	马
君	5	ㇿ	5	口
吝	文	ㇿ	文	口
吞	二	ㇿ	1	口
吟	ㇿ	5	口	5
吠	ㇿ	犭	口	犭
吡	ㇿ	匕	口	匕
吣	ㇿ	忄	口	忄
否	1	ㇿ	1	口
吧	ㇿ	巴	口	巴
吨	ㇿ	5	口	5
吩	ㇿ	刀	口	刀
含	人	ㇿ	人	口
听	ㇿ	2	口	2
吭	ㇿ	几	口	几
吮	ㇿ	儿	口	儿
启	户	ㇿ	4	口
吱	ㇿ	又	口	又
吲	ㇿ	2	口	2
吴	ㇿ	大	口	大
吵	ㇿ	3	口	小
吸	ㇿ	捺	口	4
吹	ㇿ	人	口	人
吻	ㇿ	勿	口	勿
吼	ㇿ	5	口	5
吽	ㇿ	牛	口	牛
吾	五	ㇿ	五	口
呀	ㇿ	3	口	3
呃	ㇿ	⺋	口	巴
呆	ㇿ	木	口	木
呇	水	ㇿ	水	口
呈	ㇿ	王	口	王
告	⺧	ㇿ	牛	口
呋	ㇿ	夫	口	人
呐	ㇿ	人	口	人
呒	ㇿ	儿	口	儿
呓	ㇿ	5	口	5
呔	ㇿ	捺	口	4
呕	ㇿ	5	口	5
呖	ㇿ	力	口	力
呗	ㇿ	贝	口	贝
员	ㇿ	贝	口	贝
呙	ㇿ	人	口	人
呛	ㇿ	⺋	口	巴
呜	ㇿ	1	口	1
呢	ㇿ	匕	口	匕
呣	ㇿ	捺	口	4
呤	ㇿ	厶	口	厶
呦	ㇿ	力	口	力
周	⺆	ㇿ	冂	口
呯	ㇿ	十	口	十
呱	ㇿ	捺	口	4
呲	ㇿ	匕	口	匕
味	ㇿ	未	口	未
呵	ㇿ	丁	口	丁
呶	ㇿ	又	口	又
呷	ㇿ	2	口	2
呸	ㇿ	1	口	1
呻	ㇿ	2	口	2
呼	ㇿ	2	口	2
咀	ㇿ	二	口	二
咁	ㇿ	廿	口	廿
咂	ㇿ	5	口	5
咄	ㇿ	山	口	山
咆	ㇿ	巴	口	巴
咇	ㇿ	3	口	3
咉	ㇿ	大	口	大
咋	ㇿ	二	口	二
和	3	ㇿ	3	口
咍	ㇿ	ㇿ	口	口
咎	文	ㇿ	文	口
咏	ㇿ	捺	口	4
咐	ㇿ	付	口	付
咒	ㇿ	几	口	几
咔	ㇿ	捺	口	4
咕	ㇿ	ㇿ	口	古
咖	ㇿ	ㇿ	口	口
咗	ㇿ	工	口	工
咙	ㇿ	捺	口	4
咚	ㇿ	捺	口	4
咛	ㇿ	丁	口	丁
咝	ㇿ	丝	口	纟
咡	ㇿ	二	口	二
咣	ㇿ	儿	口	儿
咤	ㇿ	七	口	5
咥	ㇿ	土	口	土
咦	ㇿ	人	口	人
咧	ㇿ	⺉	口	刀
咨	冫	ㇿ	冫	口
咩	ㇿ	2	口	2
咪	ㇿ	米	口	米
咬	ㇿ	㐅	口	㐅
咭	ㇿ	ㇿ	口	口
咯	ㇿ	ㇿ	口	各
咱	ㇿ	目	口	目
咲	ㇿ	大	口	大
咳	ㇿ	人	口	人
咴	ㇿ	火	口	火
咸	广	捺	广	4
咹	ㇿ	女	口	女
咺	ㇿ	1	口	1
咻	ㇿ	木	口	木
咽	ㇿ	大	口	大
咾	ㇿ	匕	口	匕
咿	ㇿ	3	口	3
哀	宀	捺	宀	4
品	ㇿ	ㇿ	口	口
哂	ㇿ	西	口	西
哃	ㇿ	ㇿ	口	口
哄	ㇿ	八	口	八
哆	ㇿ	夕	口	夕
哇	ㇿ	土	口	土
哈	ㇿ	ㇿ	口	口
哉	十	ㇿ	十	口
哋	ㇿ	5	口	也
哌	ㇿ	捺	口	4
响	ㇿ	ㇿ	口	口
哎	ㇿ	㐅	口	㐅
哏	ㇿ	捺	口	4
哐	ㇿ	5	口	5
哑	ㇿ	1	口	1
哒	ㇿ	辶	口	辶
哓	ㇿ	儿	口	儿
哔	ㇿ	十	口	十
哕	ㇿ	夕	口	夕
哗	ㇿ	十	口	十
哙	ㇿ	厶	口	厶
哚	ㇿ	木	口	木
哝	ㇿ	捺	口	4
哞	ㇿ	牛	口	牛
哟	ㇿ	捺	口	4
哢	ㇿ	2	口	2
哦	ㇿ	捺	口	4
哧	ㇿ	八	口	小
哨	ㇿ	月	口	肖
哩	ㇿ	土	口	土
哪	ㇿ	卩	口	卩
哭	ㇿ	犭	口	犭
哮	ㇿ	子	口	子
哱	ㇿ	子	口	子
哲	⺘	ㇿ	扌	口
哳	ㇿ	2	口	2
哺	ㇿ	捺	口	4
哼	ㇿ	2	口	2
哽	ㇿ	㐅	口	㐅
唁	ㇿ	讠	口	讠
唆	ㇿ	文	口	文
唇	广	ㇿ	广	口
唉	ㇿ	大	口	大
唏	ㇿ	巾	口	巾
唐	广	ㇿ	广	口
唑	ㇿ	土	口	土
唓	ㇿ	十	口	十
唔	ㇿ	ㇿ	口	口
唛	ㇿ	文	口	文
唝	ㇿ	贝	口	贝
唞	ㇿ	十	口	2
唠	ㇿ	力	口	力
唢	ㇿ	贝	口	贝
唣	ㇿ	七	口	5
唤	ㇿ	大	口	人
唦	ㇿ	3	口	小
唧	ㇿ	卩	口	卩
唪	ㇿ	2	口	2
唬	ㇿ	几	口	几
售	亻	ㇿ	亻	口
唯	ㇿ	王	口	王
唰	ㇿ	⺉	口	刀
唱	ㇿ	日	口	日
唳	ㇿ	犭	口	犭
唵	ㇿ	电	口	电
唷	ㇿ	月	口	月
唸	ㇿ	忄	口	忄
唼	ㇿ	女	口	女
唾	ㇿ	土	口	土
唿	ㇿ	忄	口	忄
啁	ㇿ	ㇿ	口	口
啃	ㇿ	月	口	月
啄	ㇿ	捺	口	4
商	宀	ㇿ	宀	口
啉	ㇿ	木	口	木
啊	ㇿ	丁	口	丁
啐	ㇿ	十	口	十
啕	ㇿ	山	口	山
啖	ㇿ	火	口	火
啜	ㇿ	又	口	又
啡	ㇿ	二	口	二
啤	ㇿ	十	口	十
啥	ㇿ	ㇿ	口	口
啦	ㇿ	立	口	立
啧	ㇿ	贝	口	贝
啩	ㇿ	捺	口	4
啪	ㇿ	臼	口	臼
啫	ㇿ	日	口	日
啬	十	ㇿ	十	口
啭	ㇿ	捺	口	4
啮	ㇿ	2	口	2
啰	ㇿ	夕	口	夕
啱	ㇿ	石	口	石
啲	ㇿ	捺	口	4
啴	ㇿ	十	口	十
啵	ㇿ	又	口	又
啶	ㇿ		口	人
啷	ㇿ	卩	口	卩
啸	ㇿ	八	口	八
啻	宀	ㇿ	宀	口
啼	ㇿ	巾	口	巾
啾	ㇿ	火	口	火
喀	ㇿ	ㇿ	口	各
喁	ㇿ	捺	口	4
喂	ㇿ	捺	口	4
喃	ㇿ	干	口	干
善	八	ㇿ	八	口
喆	土	ㇿ	土	口
喇	ㇿ	⺉	口	刀
喈	ㇿ	臼	口	臼
喉	ㇿ	大	口	大
喊	ㇿ	捺	口	4
喋	ㇿ	木	口	木
喎	ㇿ	ㇿ	口	口
喏	ㇿ	ㇿ	口	口
喑	ㇿ	讠	口	讠
喔	ㇿ	土	口	土
喘	ㇿ	而	口	而
喙	ㇿ	捺	口	豕
喜	土	ㇿ	土	口
喝	ㇿ	5	口	5
喟	ㇿ	月	口	月
喤	ㇿ	王	口	王
喥	ㇿ	又	口	又
喧	ㇿ	1	口	1
喰	ㇿ	捺	口	4
喱	ㇿ	土	口	土
喳	ㇿ	1	口	1
喵	ㇿ	田	口	田
喷	ㇿ	贝	口	贝
喹	ㇿ	土	口	土
喺	ㇿ	八	口	小
喻	ㇿ	⺉	口	刀
喽	ㇿ	女	口	女
喾	⺍	ㇿ		口
嗄	ㇿ	文	口	文
嗅	ㇿ	犭	口	犭
嗉	ㇿ	八	口	小
嗌	ㇿ	四	口	四
嗍	ㇿ	月	口	月
嗐	ㇿ	ㇿ	口	口
嗑	ㇿ	四	口	四
嗒	ㇿ	ㇿ	口	口
嗓	ㇿ	木	口	木
嗔	ㇿ	八	口	八
嗖	ㇿ	又	口	又
嗜	ㇿ	日	口	日
嗝	ㇿ	2	口	2
嗞	ㇿ	厶	口	厶
嗟	ㇿ	工	口	工
嗡	ㇿ	习	口	习
嗣	ㇿ	ㇿ	口	口
嗤	ㇿ	虫	口	虫
嗥	ㇿ	十	口	十
嗦	ㇿ	八	口	小
嗨	ㇿ	捺	口	4
嗪	ㇿ	木	口	木
嗫	ㇿ	又	口	又
嗬	ㇿ	丁	口	丁
嗮	ㇿ	西	口	西
嗯	ㇿ	忄	口	忄
嗱	ㇿ	2	口	手
嗲	ㇿ	夕	口	夕
嗳	ㇿ	又	口	又
嗵	ㇿ	辶	口	辶
嗷	ㇿ	文	口	文
嗻	ㇿ	灬	口	灬
嗽	ㇿ	人	口	人
嗾	ㇿ	大	口	大
嘀	ㇿ	ㇿ	口	古
嘁	ㇿ	捺	口	4
嘅	ㇿ	儿	口	儿
嘈	ㇿ	日	口	日
嘉	土	ㇿ	土	口
嘌	ㇿ	八	口	小
嘎	ㇿ	戈	口	戈
嘏	十	又	古	又
嘘	ㇿ	1	口	1
嘚	ㇿ	寸	口	寸
嘛	ㇿ	麻	口	麻
嘞	ㇿ	力	口	力
嘟	ㇿ	卩	口	卩
嘡	ㇿ	土	口	土
嘢	ㇿ	2	口	2
嘣	ㇿ	月	口	月
嘤	ㇿ	女	口	女
嘥	ㇿ		口	4
嘧	ㇿ	山	口	山
嘬	ㇿ	又	口	又
嘭	ㇿ	3	口	3
嘱	ㇿ	捺	口	4
嘲	ㇿ	月	口	月
嘴	ㇿ	2	口	用
嘶	ㇿ	2	口	2
嘹	ㇿ	八	口	小
嘻	ㇿ	ㇿ	口	口
嘿	ㇿ	灬	口	灬
噀	ㇿ	八	口	八
噂	ㇿ	寸	口	寸
噃	ㇿ	田	口	田
噇	ㇿ	土	口	土
噌	ㇿ	日	口	日
噍	ㇿ	灬	口	灬
噎	ㇿ	1	口	1
噔	ㇿ	1	口	1
噗	ㇿ	夫	口	人
噘	ㇿ	人	口	人
噙	ㇿ	厶	口	厶
噜	ㇿ	日	口	日
噢	ㇿ	大	口	大
噤	ㇿ	八	口	小
器	ㇿ	ㇿ	口	口
噩	1	1	1	口
噪	ㇿ	木	口	木
噫	ㇿ	忄	口	忄
噬	ㇿ	人	口	人
噱	ㇿ	捺	口	豕
噶	ㇿ	5	口	5
噻	ㇿ	土	口	土
噼	ㇿ	干	口	辛
嚄	ㇿ	又	口	又
嚅	ㇿ	而	口	而
嚆	ㇿ	ㇿ	口	高
嚎	ㇿ	捺	口	豕
嚏	ㇿ		口	人
嚓	ㇿ	八	口	小
嚚	ㇿ	ㇿ	口	口
嚟	ㇿ	⺢	口	水
嚡	ㇿ	土	口	土
嚣	ㇿ	ㇿ	口	口
嚭	土	ㇿ	土	口
嚯	ㇿ	王	口	王
嚱	ㇿ	戈	口	戈
嚷	ㇿ	捺	口	4
嚼	ㇿ	寸	口	寸
囊	1	捺	1	4
囍	土	ㇿ	土	口
囔	ㇿ	捺	口	4
囗	框	框	囗	囗
囙	框	1	日	5
囚	框	人	囗	人
四	框	儿	四	四
囝	框	子	囗	子
回	框	ㇿ	囗	口
因	框	大	囗	大
囡	框	女	囗	女
团	框	3	囗	3
囤	框	5	囗	5
囧	框	5	囗	5
囫	框	勿	囗	勿
园	框	儿	囗	儿
困	框	木	囗	木
围	框	2	囗	2
囵	框	匕	囗	匕
囷	框	木	囗	木
囸	框	止	囗	止
囹	框	厶	囗	厶
固	框	ㇿ	固	固
国	框	玉	囗	4
图	框	捺	囗	4
囿	框	月	囗	月
圃	框	捺	囗	4
圄	框	ㇿ	囗	口
圆	框	贝	囗	贝
圈	框	⺋	囗	巴
圉	框	干	囗	干
圊	框	月	囗	月
圌	框	而	囗	而
圐	框	方	囗	方
圙	框	二	囗	二
圜	框	捺	囗	4
圩	土	于	土	2
圫	土	七	土	5
地	土	5	土	也
圾	土	捺	土	4
坏	土	捺	土	4
坒		土	1	土
坫	土	ㇿ	土	口
坬	土	捺	土	4
坰	土	ㇿ	土	口
坻	土	捺	土	4
坼	土	捺	土	4
垅	土	捺	土	4
型	二	土	1	土
垌	土	ㇿ	土	口
垎	土	ㇿ	土	各
垞	土	七	土	5
垠	土	捺	土	4
垢	土	ㇿ	土	口
垦	⺕	土	彐	土
垧	土	ㇿ	土	口
垫	⺘	土	扌	土
垱	土	⺕	土	彐
埆	土	2	土	用
埌	土	捺	土	4
城	土	捺	土	4
埔	土	捺	土	4
埭	土	⺢	土	水
埴	土	二	土	1
培	土	ㇿ	土	口
基		土	艹	土
堂	⺌	土		土
堌	土	ㇿ	土	固
堍	土	捺	土	4
堤	土		土	人
堲	⺕	土	彐	土
塅	土	又	土	殳
塔	土	ㇿ	土	口
塘	土	ㇿ	土	口
塚	土	捺	土	4
塬	土	八	土	小
塱	捺	土	4	土
墒	土	ㇿ	土	口
墓	⺾	土	艹	土
墙	土	ㇿ	土	口
墡	土	ㇿ	土	口
墣	土	夫	土	人
墨	框	土	囗	土
壕	土	捺	土	豕
壤	土	捺	土	4
壮	⺦	土	丬	土
处	文	捺	文	4
夐	⺈	文		文
外	夕	捺	夕	4
夜	宀	捺	宀	4
天	二	人	1	大
太	大	捺	大	4
夫	夫	夫	二	人
头	捺	大	氵	人
奂	⺈	大		人
奈	大	八	大	小
奖	⺦	大	丬	大
套	大	厶	大	长
奚	⺤	大		大
奭	大	臼	十	4
她	女	5	女	也
妁	女	捺	女	4
如	女	ㇿ	女	口
妆	⺦	女	丬	女
妇	女	⺕	女	彐
妒	女	户	女	尸
妙	女	3	女	小
妥	⺤	女		女
妭	女	捺	女	4
妳	女	八	女	小
姆	女	捺	女	4
始	女	ㇿ	女	口
姑	女	ㇿ	女	古
姓	女	土	女	王
姚	女	捺	女	4
姛	女	ㇿ	女	口
姞	女	ㇿ	女	口
姤	女	ㇿ	女	口
姶	女	ㇿ	女	口
姹	女	七	女	5
姽	女	⺋	女	巴
威	广	捺	广	4
娑	⺡	女	氵	女
娘	女	捺	女	4
娠	女	捺	女	4
娥	女	捺	女	4
婆	⺡	女	氵	女
婉	女	⺋	女	巴
婊	女	捺	女	4
婕	女		女	人
婘	女	⺋	女	巴
婤	女	ㇿ	女	口
婼	女	ㇿ	女	口
嫁	女	捺	女	豕
嫄	女	八	女	小
嫖	女	八	女	小
嫘	女	八	女	小
嫡	女	ㇿ	女	古
嫱	女	ㇿ	女	口
嫽	女	八	女	小
嬅	女	十	女	2
嬉	女	ㇿ	女	口
嬛	女	捺	女	4
嬴	宀	女	宀	4
孃	女	捺	女	4
孑	5	1	子	子
孓	5	捺	5	4
孙	子	八	子	小
孚	⺤	子		子
孤	子	捺	子	4
学	⺍	子		子
孰	宀	捺	宀	4
孽	⺾	子	艹	子
宅	宀	七	宀	5
宇	宀	于	宀	2
宗	宀	八	宀	小
定	宀		宀	人
宛	宀	⺋	宀	巴
宝	宀	玉	宀	4
实	宀	大	宀	人
実	宀	夫	宀	人
宠	宀	捺	宀	4
客	宀	ㇿ	宀	各
宫	宀	ㇿ	宀	口
宬	宀	捺	宀	4
宰	宀	干	宀	辛
害	宀	ㇿ	宀	口
宵	宀	月	宀	肖
家	宀	捺	宀	豕
宸	宀	捺	宀	4
容	宀	ㇿ	宀	口
宿	宀	臼	宀	百
寁	宀		宀	人
寒	宀	捺	宀	4
寓	宀	捺	宀	4
察	宀	八	宀	小
寤	宀	ㇿ	宀	口
寨	宀	八	宀	木
寮	宀	八	宀	小
寰	宀	捺	宀	4
寻	⺕	寸	彐	寸
尅	十	寸	古	寸
将	⺦	寸	丬	寸
小	2	八	小	小
少	2	3	小	小
尔	⺈	八		小
尕	5	八	5	小
尖	2	大	小	大
尘	2	土	小	土
尚	⺌	ㇿ	尚	尚
尛	2	八	小	小
尜	2	八	小	小
尝	⺌	厶		厶
尤	十	捺	十	4
尥	十	捺	十	4
尧		儿	1	儿
尨	十	捺	十	4
就	宀	捺	宀	4
尺	尸	捺	尸	4
尽	尸	捺	尸	4
局	尸	ㇿ	尸	口
居	尸	ㇿ	尸	古
屑	尸	月	尸	肖
展	尸	捺	尸	4
属	尸	捺	尸	4
屣	尸		尸	4
屿	山	1	山	与
岌	山	捺	山	4
岵	山	ㇿ	山	古
岽	山	八	山	小
岿	山	⺕	山	彐
峂	山	捺	山	4
峃	⺍	山		山
峒	山	ㇿ	山	口
峗	山	⺋	山	巴
峛	山	⺉	山	刀
峨	山	捺	山	4
峪	山	ㇿ	山	口
峭	山	月	山	肖
峱	⺨	山	犭	山
峿	山	ㇿ	山	口
崀	山	捺	山	4
崇	山	八	山	小
崌	山	ㇿ	山	古
崮	山	ㇿ	山	固
崴	山	捺	山	4
嵅	山	捺	山	4
嵊	山	八	山	4
嵎	山	捺	山	4
嵛	山	⺉	山	刀
嵩	山	ㇿ	山	高
嶲	山	5	山	冂
嶷	山		山	人
巉	山	捺	山	4
州	捺	2	4	2
巡	5	辶	巛	辶
巢	5	木	巛	木
巩	工	捺	工	4
巭	工	夫	工	人
巯	5	5	5	巛
巷	⺾	巴	艹	巴
帆	巾	捺	巾	4
帐	巾	捺	巾	长
帖	巾	ㇿ	巾	口
帚	⺕	巾	彐	巾
常	⺌	巾		巾
帼	巾	玉	巾	4
幕	⺾	巾	艹	巾
幖	巾	八	巾	小
幞	巾	夫	巾	人
幪	巾	捺	巾	豕
庐	广	户	广	尸
底	广	捺	广	4
店	广	ㇿ	广	口
庚	广	夫	广	人
庞	广	捺	广	4
废	广	捺	广	又
康	广	⺢	广	水
庹	广	捺	广	4
廪	广	八	广	小
开	二	2	1	2
弛	5	5	5	也
张	5	捺	5	长
弥	5	八	5	小
弧	5	捺	5	4
弨	5	ㇿ	5	口
弶	5	八	5	小
彀	土	又	土	殳
彐	⺕	⺕	彐	彐
归	2	⺕	2	彐
当	⺌	⺕		彐
录	⼹	⺢	彐	水
彖	5	捺	5	豕
彗	丰	⺕	丰	彐
彟	⺕	又	彐	又
形	二	3	1	3
彤	⺆	3	冂	3
彧		3	戈	3
彩	⺤	3		3
役	彳	又	彳	殳
往	彳	土	彳	王
很	彳	捺	彳	4
徊	彳	ㇿ	彳	口
徐	彳	八	彳	木
徙	彳		彳	4
徜	彳	ㇿ	彳	尚
忝	二	捺	1	4
忠	ㇿ	忄	口	忄
忤	忄	干	忄	十
忧	忄	捺	忄	4
忭	忄	捺	忄	4
怀	忄	捺	忄	4
怅	忄	捺	忄	长
怆	忄	⺋	忄	巴
怊	忄	ㇿ	忄	口
怎	人	忄	亻	忄
怙	忄	ㇿ	忄	古
怡	忄	ㇿ	忄	口
急	⺈	忄		忄
性	忄	土	忄	王
怵	忄	捺	忄	4
恨	忄	捺	忄	4
恩	框	忄	囗	忄
恪	忄	ㇿ	忄	各
恫	忄	ㇿ	忄	口
恬	忄	ㇿ	忄	口
恭	⺾	捺	艹	4
恰	忄	ㇿ	忄	口
恳	⺕	忄	彐	忄
恻	忄	⺉	忄	刀
悄	忄	月	忄	肖
悉	釆	忄	3	忄
悔	忄	捺	忄	4
悚	忄	八	忄	束
悟	忄	ㇿ	忄	口
悢	忄	捺	忄	4
患	ㇿ	忄	口	忄
悰	忄	八	忄	小
悲	2	忄	丬	忄
惆	忄	ㇿ	忄	口
惊	忄	八	忄	小
惋	忄	⺋	忄	巴
惎		忄	艹	忄
惝	忄	ㇿ	忄	尚
惦	忄	ㇿ	忄	口
惹	⺾	忄	艹	忄
惺	忄	土	忄	王
愉	忄	⺉	忄	刀
愫	忄	八	忄	小
慌	忄	5	忄	巛
慕	⺾	捺	艹	4
慭	未	忄	1	忄
慷	忄	⺢	忄	水
憬	忄	八	忄	小
憭	忄	八	忄	小
憷	忄		忄	人
懑	⺡	忄	氵	忄
懔	忄	八	忄	小
戊	广	捺	广	4
戌	广	捺	广	4
戍	广	捺	广	4
成	广	捺	广	4
我	3	捺	3	4
戚	广	捺	广	4
戡		戈	艹	戈
戢	ㇿ	捺	口	4
户	户	户	4	尸
戽	户	十	4	2
戾	户	犭	4	犭
房	户	方	4	方
扁	户	册	4	册
扂	户	ㇿ	4	口
扃	户	ㇿ	4	口
扅	户	夕	4	夕
扆	户	衣	4	衣
扇	户	习	4	习
扈	户	巴	4	巴
扉	户	二	4	二
扊	户	火	4	火
手	3	2	手	手
扌	⺘	⺘	扌	扌
才	十	3	1	3
扎	⺘	5	扌	5
扑	⺘	捺	扌	4
扒	⺘	八	扌	八
打	⺘	丁	扌	丁
扔	⺘	3	扌	3
托	⺘	七	扌	5
扛	⺘	工	扌	工
扞	⺘	干	扌	干
扣	⺘	ㇿ	扌	口
扦	⺘	干	扌	干
执	⺘	捺	扌	4
扩	⺘	广	扌	广
扪	⺘	冂	扌	冂
扫	⺘	⺕	扌	彐
扬	⺘	3	扌	3
扭	⺘	土	扌	土
扮	⺘	刀	扌	刀
扯	⺘	止	扌	止
扰	⺘	捺	扌	4
扳	⺘	又	扌	又
扶	⺘	夫	扌	人
批	⺘	匕	扌	匕
扺	⺘	5	扌	5
扼	⺘	⺋	扌	巴
扽	⺘	5	扌	5
找	⺘	戈	扌	戈
承	5	捺	5	4
技	⺘	又	扌	又
抃	⺘	捺	扌	4
抄	⺘	3	扌	小
抉	⺘	大	扌	大
把	⺘	巴	扌	巴
抑	⺘	卩	扌	卩
抒	⺘	2	扌	2
抓	⺘	捺	扌	4
抔	⺘	捺	扌	4
投	⺘	又	扌	殳
抖	⺘	十	扌	2
抗	⺘	几	扌	几
折	⺘	2	扌	2
抚	⺘	儿	扌	儿
抛	⺘	力	扌	力
抟	⺘	捺	扌	4
抠	⺘	5	扌	5
抡	⺘	匕	扌	匕
抢	⺘	⺋	扌	巴
护	⺘	户	扌	尸
报	⺘	又	扌	又
抦	⺘	人	扌	人
抨	⺘	十	扌	十
披	⺘	又	扌	又
抬	⺘	ㇿ	扌	口
抱	⺘	巴	扌	巴
抵	⺘	捺	扌	4
抹	⺘	未	扌	未
抻	⺘	2	扌	2
押	⺘	2	扌	2
抽	⺘	2	扌	2
抿	⺘	5	扌	5
拂	⺘	2	扌	2
拃	⺘	二	扌	二
拄	⺘	土	扌	王
担	⺘	1	扌	1
拆	⺘	捺	扌	4
拇	⺘	捺	扌	4
拈	⺘	ㇿ	扌	口
拉	⺘	立	扌	立
拊	⺘	付	扌	付
拌	⺘	十	扌	2
拍	⺘	臼	扌	臼
拎	⺘	厶	扌	厶
拐	⺘	力	扌	力
拒	⺘	5	扌	5
拓	⺘	石	扌	石
拔	⺘	捺	扌	4
拖	⺘	5	扌	也
拗	⺘	力	扌	力
拘	⺘	句	扌	句
拙	⺘	山	扌	山
拚	⺘	2	扌	2
招	⺘	ㇿ	扌	口
拜	3	丰	手	丰
拟	⺘	人	扌	人
拢	⺘	捺	扌	4
拣	⺘	八	扌	八
拤	⺘	捺	扌	4
拥	⺘	2	扌	用
拦	⺘	二	扌	二
拧	⺘	丁	扌	丁
拨	⺘	捺	扌	又
择	⺘	2	扌	2
括	⺘	ㇿ	扌	口
拭	⺘	工	扌	工
拮	⺘	ㇿ	扌	口
拯	⺘	1	扌	1
拱	⺘	八	扌	八
拳	八	2	八	手
拴	⺘	王	扌	王
拶	⺘	夕	扌	夕
拷	⺘	5	扌	5
拼	⺘	2	扌	2
拽	⺘	3	扌	3
拾	⺘	ㇿ	扌	口
拿	人	2	人	手
持	⺘	寸	扌	寸
挂	⺘	土	扌	土
指	⺘	日	扌	日
挈	丰	2	丰	手
按	⺘	女	扌	女
挎	⺘	5	扌	5
挑	⺘	捺	扌	4
挓	⺘	七	扌	5
挖	⺘	5	扌	5
挚	⺘	2	扌	手
挛	宀	2	宀	手
挝	⺘	辶	扌	辶
挞	⺘	辶	扌	辶
挟	⺘	大	扌	大
挠	⺘	儿	扌	儿
挡	⺘	⺕	扌	彐
挣	⺘	2	扌	2
挤	⺘	2	扌	2
挥	⺘	车	扌	车
挨	⺘	大	扌	大
挪	⺘	卩	扌	卩
挫	⺘	土	扌	土
振	⺘	捺	扌	4
挲	⺡	2	氵	手
挹	⺘	巴	扌	巴
挺	⺘	辶	扌	辶
挼	⺘	女	扌	女
挽	⺘	儿	扌	儿
捂	⺘	ㇿ	扌	口
捃	⺘	ㇿ	扌	口
捅	⺘	2	扌	用
捆	⺘	木	扌	木
捉	⺘	足	扌	足
捋	⺘	寸	扌	寸
捌	⺘	⺉	扌	刀
捍	⺘	干	扌	干
捎	⺘	月	扌	肖
捏	⺘	土	扌	土
捐	⺘	月	扌	月
捕	⺘	捺	扌	4
捞	⺘	力	扌	力
损	⺘	贝	扌	贝
捡	⺘	1	扌	1
换	⺘	大	扌	人
捣	⺘	山	扌	山
捧	⺘	2	扌	2
捩	⺘	犭	扌	犭
捭	⺘	十	扌	十
据	⺘	ㇿ	扌	古
捯	⺘	⺉	扌	刀
捱	⺘	土	扌	土
捶	⺘	土	扌	土
捷	⺘		扌	人
捺	⺘	八	扌	小
捻	⺘	忄	扌	忄
捽	⺘	十	扌	十
掀	⺘	人	扌	人
掂	⺘	ㇿ	扌	口
掇	⺘	又	扌	又
授	⺘	又	扌	又
掉	⺘	十	扌	十
掊	⺘	ㇿ	扌	口
掌	⺌	2		手
掎	⺘	丁	扌	丁
掏	⺘	山	扌	山
掐	⺘	臼	扌	臼
排	⺘	二	扌	二
掖	⺘	捺	扌	4
掘	⺘	山	扌	山
掞	⺘	火	扌	火
掟	⺘		扌	人
掠	⺘	八	扌	小
探	⺘	木	扌	木
掣	牛	2	3	手
接	⺘	女	扌	女
控	⺘	工	扌	工
推	⺘	王	扌	王
掩	⺘	电	扌	电
措	⺘	日	扌	日
掬	⺘	米	扌	米
掭	⺘	捺	扌	4
掮	⺘	月	扌	月
掯	⺘	月	扌	月
掰	3	2	手	手
掳	⺘	力	扌	力
掴	⺘	玉	扌	4
掷	⺘	卩	扌	卩
掸	⺘	十	扌	十
掺	⺘	3	扌	3
掼	⺘	贝	扌	贝
掾	⺘	捺	扌	豕
揄	⺘	⺉	扌	刀
揆	⺘	大	扌	大
揉	⺘	木	扌	木
揍	⺘	大	扌	大
描	⺘	田	扌	田
提	⺘		扌	人
插	⺘	臼	扌	臼
揕	⺘	5	扌	5
揖	⺘	二	扌	二
揞	⺘	讠	扌	讠
揠	⺘	5	扌	5
握	⺘	土	扌	土
揣	⺘	而	扌	而
揩	⺘	臼	扌	臼
揪	⺘	火	扌	火
揭	⺘	5	扌	5
揳	⺘	大	扌	大
援	⺘	又	扌	又
揶	⺘	卩	扌	卩
揸	⺘	1	扌	1
揼	⺘	水	扌	水
揽	⺘	儿	扌	儿
揾	⺘	四	扌	四
揿	⺘	人	扌	人
搀	⺘	捺	扌	4
搁	⺘	ㇿ	扌	各
搂	⺘	女	扌	女
搅	⺘	儿	扌	儿
搋	⺘	几	扌	几
搌	⺘	捺	扌	4
搏	⺘	寸	扌	寸
搐	⺘	田	扌	田
搒	⺘	方	扌	方
搓	⺘	工	扌	工
搔	⺘	虫	扌	虫
搛	⺘	八	扌	八
搜	⺘	又	扌	又
搞	⺘	ㇿ	扌	高
搠	⺘	月	扌	月
搡	⺘	木	扌	木
搣	⺘	捺	扌	4
搦	⺘	冫	扌	冫
搧	⺘	习	扌	习
搪	⺘	ㇿ	扌	口
搬	⺘	又	扌	殳
搭	⺘	ㇿ	扌	口
搴	宀	2	宀	手
携	⺘	3	扌	3
搽	⺘	八	扌	木
摁	⺘	忄	扌	忄
摄	⺘	又	扌	又
摅	⺘	忄	扌	忄
摆	⺘	厶	扌	厶
摇	⺘	山	扌	山
摈	⺘	八	扌	八
摊	⺘	王	扌	王
摏	⺘	臼	扌	臼
摒	⺘	2	扌	2
摔	⺘	十	扌	十
摘	⺘	ㇿ	扌	古
摛	⺘	厶	扌	厶
摞	⺘	八	扌	小
摧	⺘	王	扌	王
摩	麻	2	麻	手
摭	⺘	灬	扌	灬
摴	⺘	5	扌	5
摸	⺘	大	扌	大
摹	⺾	2	艹	手
摽	⺘	八	扌	小
撂	⺘	ㇿ	扌	各
撄	⺘	女	扌	女
撅	⺘	人	扌	人
撇	⺘	文	扌	文
撑	⺘	2	扌	手
撒	⺘	文	扌	文
撕	⺘	2	扌	2
撖	⺘	文	扌	文
撙	⺘	寸	扌	寸
撚	⺘	灬	扌	灬
撞	⺘	土	扌	土
撤	⺘	文	扌	文
撩	⺘	八	扌	小
撬	⺘	5	扌	5
播	⺘	田	扌	田
撮	⺘	又	扌	又
撰	⺘	八	扌	八
撵	⺘	车	扌	车
撷	⺘	贝	扌	贝
撸	⺘	日	扌	日
撺	⺘	2	扌	2
撼	⺘	忄	扌	忄
擀	⺘	干	扌	干
擂	⺘	田	扌	田
擅	⺘	1	扌	1
操	⺘	木	扌	木
擎	⺾	2	艹	手
擐	⺘	捺	扌	4
擒	⺘	厶	扌	厶
擓	⺘	王	扌	5
擘	尸	2	尸	手
擝	⺘	四	扌	四
擞	⺘	文	扌	文
擢	⺘	王	扌	王
擤	⺘	2	扌	2
擦	⺘	八	扌	小
擿	⺘	辶	扌	辶
攀	木	2	木	手
攉	⺘	王	扌	王
攒	⺘	贝	扌	贝
攘	⺘	捺	扌	4
攞	⺘	王	扌	王
攥	⺘	八	扌	小
攫	⺘	又	扌	又
攮	⺘	捺	扌	4
故	十	文	古	文
敕	1	文	束	文
敞	⺌	文	尚	文
散	⺾	文	艹	文
敬	⺾	文	艹	文
敲	宀	又	高	又
整	1	止	束	止
斐	2	文	丬	文
斗	捺	十	氵	2
料	米	十	米	2
斛	⺈	十		2
斜	人	十	人	2
斝	ㇿ	十	口	2
斟		十	艹	2
斠	二	十	1	2
斡	十	十	十	2
斥	3	捺	3	4
斯		2	艹	2
於	方	捺	方	4
施	方	5	方	也
旅	方	捺	方	4
旋	方		方	人
旌	方	土	方	王
旐	方	捺	方	4
旒	方	5	方	巛
既	⺕	儿	彐	儿
旴	日	于	日	2
旿	日	干	日	十
昈	日	户	日	尸
昔	⺾	日	艹	日
星	日	土	日	王
昭	日	ㇿ	日	口
是	日		日	人
昶	捺	日	4	日
昽	日	捺	日	4
晁	日	捺	日	4
晌	日	ㇿ	日	口
晗	日	ㇿ	日	口
晟	日	捺	日	4
晡	日	捺	日	4
晢	⺘	日	扌	日
晤	日	ㇿ	日	口
晦	日	捺	日	4
晨	日	捺	日	4
景	日	八	日	小
晷	日	ㇿ	日	口
晾	日	八	日	小
暒	日	土	日	王
暨	⺕	1	彐	1
暮	⺾	日	艹	日
暴	日	⺢	日	水
暵	日	夫	日	人
暶	日		日	人
暿	日	ㇿ	日	口
曝	日	⺢	日	水
曦	日	5	日	4
曩	日	捺	日	4
曲	2	1	囗	艹
更	1	捺	1	㐅
替	夫	日	二	日
朓	月	捺	月	4
朗	捺	月	4	月
期		月	艹	月
朦	月	捺	月	豕
术	木	捺	木	4
朴	木	捺	木	4
杀	㐅	八	㐅	木
杂	3	八	3	木
杈	木	捺	木	4
杏	木	ㇿ	木	口
杓	木	捺	木	4
杖	木	捺	木	4
束	1	八	束	束
条	文	八	文	木
杪	木	3	木	小
杯	木	捺	木	4
杵	木	干	木	十
极	木	捺	木	4
枣	1	捺	1	4
枨	木	捺	木	长
枪	木	⺋	木	巴
枯	木	ㇿ	木	古
枷	木	ㇿ	木	口
柈	木	十	木	2
柊	木	捺	木	4
柒	⺡	木	氵	木
染	⺡	木	氵	木
柖	木	ㇿ	木	口
柝	木	捺	木	4
柢	木	捺	木	4
柬	1	八	束	八
柰	木	八	木	小
柱	木	土	木	王
栀	木	⺋	木	巴
标	木	八	木	小
栊	木	捺	木	4
栋	木	八	木	小
栎	木	八	木	小
栐	木	捺	木	4
栝	木	ㇿ	木	口
栞	二	木	1	木
根	木	捺	木	4
格	木	ㇿ	木	各
桁	木	2	木	丁
桃	木	捺	木	4
桅	木	⺋	木	巴
桐	木	ㇿ	木	口
桔	木	ㇿ	木	口
档	木	⺕	木	彐
桨	⺦	木	丬	木
桫	木	3	木	小
桶	木	2	木	用
桷	木	2	木	用
桹	木	捺	木	4
梁	⺡	木	氵	木
梅	木	捺	木	4
梌	木	八	木	木
梏	木	ㇿ	木	口
梓	木	干	木	辛
梠	木	ㇿ	木	口
梢	木	月	木	肖
梧	木	ㇿ	木	口
梳	木	5	木	巛
梵	木	捺	木	4
棐	2	木	丬	木
棓	木	ㇿ	木	口
棕	木	八	木	小
棘	1	八	1	4
棠	⺌	木		木
棣	木	⺢	木	水
棨	户	木	4	木
棬	木	⺋	木	巴
棻	⺾	木	艹	木
椀	木	⺋	木	巴
椆	木	ㇿ	木	口
椋	木	八	木	小
植	木	二	木	1
椐	木	ㇿ	木	古
椓	木	捺	木	4
椟	木	大	木	人
椴	木	又	木	殳
椸	木	5	木	也
椽	木	捺	木	豕
楚	木		木	人
楽	冫	木	臼	木
榀	木	ㇿ	木	口
榆	木	⺉	木	刀
榇	木	八	木	木
榈	木	ㇿ	木	口
榍	木	月	木	肖
榕	木	ㇿ	木	口
榖	土	又	土	殳
榱	木	捺	木	4
槁	木	ㇿ	木	高
槑	ㇿ	木	口	木
槭	木	捺	木	4
槲	木	十	木	2
横	木	八	木	㐅
樯	木	ㇿ	木	口
樾	木	捺	木	4
橑	木	八	木	小
橘	木	ㇿ	木	口
橡	木	捺	木	4
橥	⺨	木	犭	木
橼	木	捺	木	豕
檠	⺾	木	艹	木
檩	木	八	木	小
檫	木	八	木	小
檬	木	捺	木	豕
櫆	木	十	木	2
欠	⺈	人		人
欤	1	人	与	人
欺		人	艹	人
殁	夕	又	夕	殳
殆	夕	ㇿ	夕	口
殖	夕	二	夕	1
殳	几	又	殳	殳
殴	1	又	1	殳
段	3	又	3	殳
殷	3	又	3	殳
殺	㐅	又	㐅	殳
殿	尸	又	尸	殳
毁	臼	又	臼	殳
毂	土	又	土	殳
毅	立	又	立	殳
母	5	捺	5	4
每	人	捺	人	4
毒	王	捺	王	4
毓	人	5	人	巛
比		匕	1	匕
毕		十	1	十
毖		3	1	3
毙		夕	1	夕
毡	3	ㇿ	3	口
毬	3	捺	3	4
氅	⺌	5	尚	5
氐	3	捺	3	4
氡	气	捺	气	4
氯	气	⺢	气	水
氵	⺡	⺡	氵	氵
永	捺	捺	4	4
氾	⺡	⺋	氵	巴
氿	⺡	5	氵	5
汀	⺡	丁	氵	丁
汁	⺡	十	氵	十
求	1	捺	1	4
汆	入	水	3	水
汇	⺡	5	氵	5
汈	⺡	1	氵	1
汉	⺡	又	氵	又
汊	⺡	捺	氵	4
汋	⺡	捺	氵	4
汐	⺡	夕	氵	夕
汔	⺡	5	氵	5
汕	⺡	山	氵	山
汗	⺡	干	氵	干
汛	⺡	十	氵	十
汜	⺡	巴	氵	巴
汝	⺡	女	氵	女
江	⺡	工	氵	工
池	⺡	5	氵	也
污	⺡	5	氵	5
汤	⺡	3	氵	3
汧	⺡	2	氵	2
汨	⺡	日	氵	日
汩	⺡	日	氵	日
汪	⺡	王	氵	王
汫	⺡	2	氵	2
汭	⺡	人	氵	人
汰	⺡	捺	氵	4
汲	⺡	捺	氵	4
汴	⺡	捺	氵	4
汶	⺡	文	氵	文
汹	⺡	2	氵	2
汽	⺡	气	氵	气
汾	⺡	刀	氵	刀
沁	⺡	忄	氵	忄
沂	⺡	2	氵	2
沃	⺡	大	氵	大
沄	⺡	厶	氵	厶
沅	⺡	儿	氵	儿
沆	⺡	几	氵	几
沇	⺡	儿	氵	儿
沈	⺡	儿	氵	儿
沉	⺡	几	氵	几
沌	⺡	5	氵	5
沏	⺡	刀	氵	刀
沐	⺡	木	氵	木
沔	⺡	5	氵	5
沘	⺡	匕	氵	匕
沙	⺡	3	氵	小
沚	⺡	止	氵	止
沛	⺡	巾	氵	巾
沟	⺡	厶	氵	厶
没	⺡	又	氵	殳
沢	⺡	捺	氵	4
沣	⺡	丰	氵	丰
沤	⺡	5	氵	5
沥	⺡	力	氵	力
沦	⺡	匕	氵	匕
沧	⺡	⺋	氵	巴
沨	⺡	㐅	氵	㐅
沩	⺡	为	氵	为
沪	⺡	户	氵	尸
沫	⺡	未	氵	未
沭	⺡	捺	氵	4
沮	⺡	二	氵	二
沱	⺡	匕	氵	匕
河	⺡	丁	氵	丁
沵	⺡	八	氵	小
沸	⺡	2	氵	2
油	⺡	2	氵	2
沺	⺡	田	氵	田
治	⺡	ㇿ	氵	口
沼	⺡	ㇿ	氵	口
沽	⺡	ㇿ	氵	古
沾	⺡	ㇿ	氵	口
沿	⺡	ㇿ	氵	口
泂	⺡	ㇿ	氵	口
泃	⺡	句	氵	句
泄	⺡	5	氵	5
泅	⺡	人	氵	人
泆	⺡	失	氵	失
泇	⺡	ㇿ	氵	口
泊	⺡	臼	氵	臼
泌	⺡	3	氵	3
泐	⺡	力	氵	力
泓	⺡	厶	氵	厶
泔	⺡	廿	氵	廿
法	⺡	厶	氵	厶
泖	⺡	卩	氵	卩
泗	⺡	儿	氵	四
泙	⺡	十	氵	十
泚	⺡	匕	氵	匕
泛	⺡	捺	氵	4
泜	⺡	捺	氵	4
泞	⺡	丁	氵	丁
泠	⺡	厶	氵	厶
泡	⺡	巴	氵	巴
波	⺡	又	氵	又
泣	⺡	立	氵	立
泥	⺡	匕	氵	匕
注	⺡	土	氵	王
泪	⺡	目	氵	目
泫	⺡	厶	氵	厶
泮	⺡	十	氵	2
泯	⺡	5	氵	5
泰	二	⺢	二	水
泱	⺡	大	氵	大
泳	⺡	捺	氵	4
泷	⺡	捺	氵	4
泸	⺡	尸	氵	尸
泺	⺡	八	氵	小
泻	⺡	1	氵	与
泼	⺡	捺	氵	又
泽	⺡	2	氵	2
泾	⺡	工	氵	工
洁	⺡	ㇿ	氵	口
洄	⺡	ㇿ	氵	口
洇	⺡	大	氵	大
洈	⺡	⺋	氵	巴
洋	⺡	2	氵	2
洌	⺡	⺉	氵	刀
洎	⺡	目	氵	目
洑	⺡	犭	氵	犭
洒	⺡	西	氵	西
洓	⺡	八	氵	4
洗	⺡	儿	氵	儿
洘	⺡	5	氵	5
洙	⺡	失	氵	失
洚	⺡	2	氵	2
洛	⺡	ㇿ	氵	各
洞	⺡	ㇿ	氵	口
洢	⺡	3	氵	3
洣	⺡	米	氵	米
津	⺡	2	氵	2
洧	⺡	月	氵	月
洨	⺡	㐅	氵	㐅
洪	⺡	八	氵	八
洫	⺡	四	氵	四
洭	⺡	5	氵	5
洮	⺡	捺	氵	4
洱	⺡	二	氵	二
洲	⺡	2	氵	2
洳	⺡	ㇿ	氵	口
洴	⺡	2	氵	2
洵	⺡	日	氵	日
洸	⺡	儿	氵	儿
洹	⺡	1	氵	1
洺	⺡	ㇿ	氵	口
活	⺡	ㇿ	氵	口
洼	⺡	土	氵	土
洽	⺡	ㇿ	氵	口
派	⺡	捺	氵	4
洿	⺡	5	氵	5
流	⺡	5	氵	巛
浃	⺡	大	氵	大
浅	⺡	戈	氵	戈
浆	⺦	水	丬	水
浇	⺡	儿	氵	儿
浈	⺡	贝	氵	贝
浉	⺡	巾	氵	巾
浊	⺡	虫	氵	虫
测	⺡	⺉	氵	刀
浍	⺡	厶	氵	厶
济	⺡	2	氵	2
浏	⺡	⺉	氵	刀
浐	⺡	3	氵	3
浑	⺡	车	氵	车
浒	⺡	干	氵	十
浓	⺡	捺	氵	4
浔	⺡	寸	氵	寸
浕	⺡	捺	氵	4
浙	⺡	2	氵	2
浚	⺡	文	氵	文
浛	⺡	ㇿ	氵	口
浜	⺡	八	氵	八
浞	⺡	足	氵	足
浟	⺡	文	氵	文
浠	⺡	巾	氵	巾
浡	⺡	子	氵	子
浣	⺡	儿	氵	儿
浥	⺡	巴	氵	巴
浦	⺡	捺	氵	4
浩	⺡	ㇿ	氵	口
浪	⺡	捺	氵	4
浬	⺡	土	氵	土
浭	⺡	㐅	氵	㐅
浮	⺡	子	氵	子
浯	⺡	ㇿ	氵	口
浰	⺡	⺉	氵	刀
浲	⺡	丰	氵	丰
浴	⺡	ㇿ	氵	口
海	⺡	捺	氵	4
浸	⺡	又	氵	又
浼	⺡	儿	氵	儿
涂	⺡	八	氵	木
涄	⺡	5	氵	5
涅	⺡	土	氵	土
消	⺡	月	氵	肖
涉	⺡	3	氵	3
涌	⺡	2	氵	用
涍	⺡	子	氵	子
涎	⺡	辶	氵	辶
涐	⺡	捺	氵	4
涑	⺡	八	氵	束
涓	⺡	月	氵	月
涔	⺡	5	氵	5
涕	⺡	3	氵	3
涘	⺡	大	氵	大
涛	⺡	寸	氵	寸
涝	⺡	力	氵	力
涞	⺡	米	氵	米
涟	⺡	辶	氵	辶
涠	⺡	2	氵	2
涡	⺡	人	氵	人
涢	⺡	贝	氵	贝
涣	⺡	大	氵	人
涤	⺡	八	氵	木
润	⺡	王	氵	王
涧	⺡	日	氵	日
涨	⺡	捺	氵	长
涩	⺡	止	氵	止
涪	⺡	ㇿ	氵	口
涫	⺡	1	氵	1
涮	⺡	⺉	氵	刀
涯	⺡	土	氵	土
液	⺡	捺	氵	4
涴	⺡	⺋	氵	巴
涵	⺡	2	氵	2
涸	⺡	ㇿ	氵	固
涼	⺡	八	氵	小
涿	⺡	捺	氵	4
淀	⺡		氵	人
淄	⺡	田	氵	田
淅	⺡	2	氵	2
淆	⺡	月	氵	月
淇	⺡	八	氵	八
淋	⺡	木	氵	木
淌	⺡	ㇿ	氵	尚
淏	⺡	大	氵	大
淑	⺡	又	氵	又
淖	⺡	十	氵	十
淘	⺡	山	氵	山
淙	⺡	八	氵	小
淚	⺡	犭	氵	犭
淜	⺡	月	氵	月
淝	⺡	巴	氵	巴
淞	⺡	厶	氵	厶
淟	⺡	八	氵	八
淠	⺡	2	氵	2
淡	⺡	火	氵	火
淤	⺡	捺	氵	4
淦	⺡	1	氵	1
淫	⺡	1	氵	1
淬	⺡	十	氵	十
淮	⺡	王	氵	王
淯	⺡	月	氵	月
深	⺡	木	氵	木
淳	⺡	子	氵	子
淴	⺡	忄	氵	忄
混	⺡	匕	氵	匕
淹	⺡	电	氵	电
添	⺡	捺	氵	4
清	⺡	月	氵	月
渊	⺡	2	氵	2
渋	⺡	捺	氵	4
渌	⺡	⺢	氵	水
渍	⺡	贝	氵	贝
渎	⺡	大	氵	人
渐	⺡	2	氵	2
渑	⺡	电	氵	电
渔	⺡	鱼	氵	鱼
渗	⺡	3	氵	3
渚	⺡	日	氵	日
渝	⺡	⺉	氵	刀
渟	⺡	丁	氵	丁
渠	⺡	木	氵	木
渡	⺡	又	氵	又
渣	⺡	1	氵	1
渤	⺡	力	氵	力
渥	⺡	土	氵	土
温	⺡	四	氵	四
渫	⺡	木	氵	木
渭	⺡	月	氵	月
港	⺡	巴	氵	巴
渰	⺡	2	氵	2
渲	⺡	1	氵	1
渴	⺡	5	氵	5
游	⺡	子	氵	子
渺	⺡	3	氵	小
渼	⺡	大	氵	大
湃	⺡	丰	氵	丰
湄	⺡	目	氵	目
湉	⺡	ㇿ	氵	口
湍	⺡	而	氵	而
湎	⺡	二	氵	二
湑	⺡	月	氵	月
湓	⺡	四	氵	四
湔	⺡	⺉	氵	刀
湖	⺡	月	氵	月
湘	⺡	目	氵	目
湛	⺡	5	氵	5
湜	⺡		氵	人
湝	⺡	臼	氵	臼
湟	⺡	王	氵	王
湣	⺡	日	氵	日
湦	⺡	土	氵	王
湫	⺡	火	氵	火
湮	⺡	土	氵	土
湲	⺡	又	氵	又
湴	⺡	1	氵	1
湾	⺡	5	氵	5
湿	⺡	1	氵	1
溁	⺡	木	氵	木
溃	⺡	贝	氵	贝
溅	⺡	戈	氵	戈
溆	⺡	又	氵	又
溇	⺡	女	氵	女
溉	⺡	儿	氵	儿
溍	⺡	日	氵	日
溏	⺡	ㇿ	氵	口
源	⺡	八	氵	小
溘	⺡	四	氵	四
溚	⺡	ㇿ	氵	口
溜	⺡	田	氵	田
溞	⺡	虫	氵	虫
溟	⺡	八	氵	八
溠	⺡	工	氵	工
溢	⺡	四	氵	四
溥	⺡	寸	氵	寸
溦	⺡	文	氵	文
溧	⺡	木	氵	木
溪	⺡	大	氵	大
溯	⺡	月	氵	月
溱	⺡	木	氵	木
溲	⺡	又	氵	又
溴	⺡	犭	氵	犭
溵	⺡	又	氵	殳
溶	⺡	ㇿ	氵	口
溷	⺡	捺	氵	豕
溹	⺡	八	氵	小
溺	⺡	冫	氵	冫
溻	⺡	习	氵	习
溽	⺡	寸	氵	寸
滁	⺡	八	氵	木
滂	⺡	方	氵	方
滃	⺡	习	氵	习
滆	⺡	2	氵	2
滇	⺡	八	氵	八
滉	⺡	儿	氵	儿
滋	⺡	厶	氵	厶
滍	⺡	虫	氵	虫
滏	⺡	1	氵	1
滑	⺡	骨	氵	骨
滓	⺡	干	氵	辛
滔	⺡	臼	氵	臼
滕	月	⺢	月	水
滗	⺡	5	氵	5
滘	⺡	ㇿ	氵	口
滚	⺡	捺	氵	4
滞	⺡	巾	氵	巾
滟	⺡	巴	氵	巴
滠	⺡	又	氵	又
满	⺡	人	氵	人
滢	⺡	玉	氵	4
滤	⺡	忄	氵	忄
滥	⺡	四	氵	四
滦	⺡	木	氵	木
滧	⺡	文	氵	文
滨	⺡	八	氵	八
滩	⺡	王	氵	王
滪	⺡	贝	氵	贝
滫	⺡	月	氵	月
滴	⺡	ㇿ	氵	古
滹	⺡	2	氵	2
漂	⺡	八	氵	小
漆	⺡	⺢	氵	水
漈	⺡	八	氵	小
漉	⺡	匕	氵	匕
漋	⺡	土	氵	王
漏	⺡	雨	氵	雨
漓	⺡	厶	氵	厶
演	⺡	八	氵	八
漕	⺡	日	氵	日
漖	⺡	文	氵	文
漠	⺡	大	氵	大
漢	⺡	夫	氵	人
漤	⺡	女	氵	女
漩	⺡		氵	人
漪	⺡	丁	氵	丁
漫	⺡	又	氵	又
漭	⺡	2	氵	2
漯	⺡	八	氵	小
漱	⺡	人	氵	人
漳	⺡	十	氵	十
漴	⺡	八	氵	小
漶	⺡	忄	氵	忄
漷	⺡	卩	氵	卩
漹	⺡	灬	氵	灬
漻	⺡	3	氵	3
漼	⺡	王	氵	王
漾	⺡	捺	氵	4
潆	⺡	八	氵	小
潇	⺡	八	氵	八
潋	⺡	文	氵	文
潍	⺡	王	氵	王
潏	⺡	ㇿ	氵	口
潖	⺡	巴	氵	巴
潘	⺡	田	氵	田
潜	⺡	日	氵	日
潞	⺡	ㇿ	氵	各
潟	⺡	灬	氵	灬
潢	⺡	八	氵	㐅
潦	⺡	八	氵	小
潩	⺡	八	氵	八
潭	⺡	十	氵	十
潮	⺡	月	氵	月
潲	⺡	月	氵	肖
潴	⺡	日	氵	日
潵	⺡	文	氵	文
潸	⺡	月	氵	月
潺	⺡	子	氵	子
潼	⺡	土	氵	土
潽	⺡	日	氵	日
潾	⺡	2	氵	2
澂	⺡	文	氵	文
澄	⺡	1	氵	1
澈	⺡	文	氵	文
澉	⺡	文	氵	文
澌	⺡	2	氵	2
澍	⺡	寸	氵	寸
澎	⺡	3	氵	3
澛	⺡	日	氵	日
澜	⺡	八	氵	八
澡	⺡	木	氵	木
澥	⺡	牛	氵	牛
澧	⺡	1	氵	1
澪	⺡	厶	氵	厶
澭	⺡	王	氵	王
澳	⺡	大	氵	大
澴	⺡	捺	氵	4
澶	⺡	1	氵	1
澹	⺡	讠	氵	讠
澼	⺡	干	氵	辛
澽	⺡	捺	氵	豕
激	⺡	文	氵	文
濂	⺡	八	氵	八
濉	⺡	王	氵	王
濋	⺡		氵	人
濑	⺡	贝	氵	贝
濒	⺡	贝	氵	贝
濛	⺡	捺	氵	豕
濞	⺡	2	氵	2
濠	⺡	捺	氵	豕
濡	⺡	而	氵	而
濩	⺡	又	氵	又
濮	⺡	夫	氵	人
濯	⺡	王	氵	王
瀌	⺡	灬	氵	灬
瀍	⺡	土	氵	土
瀑	⺡	⺢	氵	水
瀔	⺡	又	氵	殳
瀚	⺡	习	氵	习
瀛	⺡	女	氵	4
瀣	⺡	1	氵	1
瀱	⺡	⺉	氵	刀
瀵	⺡	八	氵	八
瀹	⺡	册	氵	册
瀼	⺡	捺	氵	4
灈	⺡	王	氵	王
灌	⺡	王	氵	王
灏	⺡	贝	氵	贝
灞	⺡	月	氵	月
灵	⺕	火	彐	火
灼	火	捺	火	4
炉	火	户	火	尸
炒	火	3	火	小
炝	火	⺋	火	巴
炤	火	ㇿ	火	口
炯	火	ㇿ	火	口
炷	火	土	火	王
烁	火	八	火	小
烎	二	火	1	火
烔	火	ㇿ	火	口
烙	火	ㇿ	火	各
烫	⺡	火	氵	火
烬	火	捺	火	4
热	⺘	灬	扌	灬
烺	火	捺	火	4
焐	火	ㇿ	火	口
焓	火	ㇿ	火	口
焕	火	大	火	人
焗	火	ㇿ	火	口
焙	火	ㇿ	火	口
煅	火	又	火	殳
煋	火	土	火	王
煞	⺈	灬		灬
煨	火	捺	火	4
熇	火	ㇿ	火	高
熏	干	灬	3	灬
熔	火	ㇿ	火	口
熛	火	八	火	小
熯	火	夫	火	人
熵	火	ㇿ	火	口
燎	火	八	火	小
燏	火	ㇿ	火	口
燮	火	又	讠	又
燹	1	火	豕	火
爆	火	⺢	火	水
爇	⺾	灬	艹	灬
爔	火	5	火	4
爪	3	捺	3	4
爰	⺤	又		又
爱	⺤	又		又
爲	⺤	灬		灬
爵	⺤	寸		寸
爽	大	㐅	十	4
片	3	5	片	片
版	3	又	片	又
牌	3	十	片	十
牍	3	大	片	人
牒	3	木	片	木
牚	⺌	3		3
牠	牛	5	牛	也
牯	牛	ㇿ	牛	古
牲	牛	土	牛	王
牻	牛	捺	牛	4
牾	牛	ㇿ	牛	口
牿	牛	ㇿ	牛	口
犊	牛	大	牛	人
犒	牛	ㇿ	牛	高
犭	⺨	⺨	犭	犭
犯	⺨	⺋	犭	巴
犰	⺨	5	犭	5
犴	⺨	干	犭	干
状	⺦	犭	丬	犭
犷	⺨	广	犭	广
犸	⺨	马	犭	马
犹	⺨	捺	犭	4
犼	⺨	5	犭	5
犽	⺨	3	犭	3
狁	⺨	儿	犭	儿
狂	⺨	王	犭	王
狃	⺨	土	犭	土
狄	⺨	火	犭	火
狈	⺨	贝	犭	贝
狉	⺨	1	犭	1
狍	⺨	巴	犭	巴
狎	⺨	2	犭	2
狐	⺨	捺	犭	4
狒	⺨	2	犭	2
狗	⺨	句	犭	句
狙	⺨	二	犭	二
狝	⺨	八	犭	小
狞	⺨	丁	犭	丁
狠	⺨	捺	犭	4
狡	⺨	㐅	犭	㐅
狨	⺨	十	犭	十
狩	⺨	寸	犭	寸
独	⺨	虫	犭	虫
狭	⺨	大	犭	大
狮	⺨	巾	犭	巾
狯	⺨	厶	犭	厶
狰	⺨	2	犭	2
狱	⺨	犭	犭	犭
狲	⺨	八	犭	小
狳	⺨	八	犭	木
狴	⺨	土	犭	土
狷	⺨	月	犭	月
狸	⺨	土	犭	土
狺	⺨	讠	犭	讠
狻	⺨	文	犭	文
狼	⺨	捺	犭	4
猁	⺨	⺉	犭	刀
猃	⺨	1	犭	1
猄	⺨	八	犭	小
猇	⺨	几	犭	几
猊	⺨	儿	犭	儿
猎	⺨	日	犭	日
猕	⺨	八	犭	小
猖	⺨	日	犭	日
猗	⺨	丁	犭	丁
猛	⺨	四	犭	四
猜	⺨	月	犭	月
猝	⺨	十	犭	十
猞	⺨	ㇿ	犭	口
猡	⺨	夕	犭	夕
猢	⺨	月	犭	月
猥	⺨	捺	犭	4
猩	⺨	土	犭	王
猪	⺨	日	犭	日
猫	⺨	田	犭	田
猬	⺨	月	犭	月
猯	⺨	而	犭	而
猰	⺨	大	犭	大
猱	⺨	木	犭	木
猴	⺨	大	犭	大
猹	⺨	1	犭	1
猺	⺨	山	犭	山
猾	⺨	骨	犭	骨
猿	⺨	捺	犭	4
獍	⺨	儿	犭	儿
獐	⺨	十	犭	十
獗	⺨	人	犭	人
獠	⺨	八	犭	小
獬	⺨	牛	犭	牛
獭	⺨	贝	犭	贝
獯	⺨	灬	犭	灬
獴	⺨	捺	犭	豕
獾	⺨	王	犭	王
玃	⺨	又	犭	又
玉	玉	玉	王	4
玊	王	捺	王	4
玓	王	捺	王	4
玖	王	捺	王	4
玙	王	1	王	与
玞	王	夫	王	人
环	王	捺	王	4
玱	王	⺋	王	巴
玷	王	ㇿ	王	口
玺	⺈	玉		4
玿	王	ㇿ	王	口
珄	王	土	王	王
珈	王	ㇿ	王	口
珏	王	玉	王	4
珑	王	捺	王	4
珞	王	ㇿ	王	各
珢	王	捺	王	4
珦	王	ㇿ	王	口
珧	王	捺	王	4
珩	王	2	王	丁
珰	王	⺕	王	彐
珸	王	ㇿ	王	口
珹	王	捺	王	4
珺	王	ㇿ	王	口
琀	王	ㇿ	王	口
球	王	捺	王	4
琅	王	捺	王	4
琉	王	5	王	巛
琍	王	⺉	王	刀
琔	王		王	人
琚	王	ㇿ	王	古
琢	王	捺	王	4
琬	王	⺋	王	巴
琭	王	⺢	王	水
琮	王	八	王	小
琼	王	八	王	小
瑀	王	捺	王	4
瑅	王		王	人
瑆	王	土	王	王
瑊	王	捺	王	4
瑑	王	捺	王	豕
瑖	王	又	王	殳
瑜	王	⺉	王	刀
瑢	王	ㇿ	王	口
瑬	⺡	玉	氵	4
瑭	王	ㇿ	王	口
璇	王		王	人
璐	王	ㇿ	王	各
璜	王	八	王	㐅
璞	王	夫	王	人
璟	王	八	王	小
璧	尸	玉	尸	4
璩	王	捺	王	豕
璺	3	玉	3	4
瓖	王	捺	王	4
瓜	3	捺	3	4
瓠	大	捺	大	4
瓢	西	捺	西	4
瓣	立	捺	辛	辛
瓤	宀	捺	宀	4
瓦	1	捺	1	4
瓮	八	捺	八	4
瓯	1	捺	1	4
瓴	人	捺	人	4
瓶	八	捺	八	4
瓷	冫	捺	冫	4
瓻	㐅	捺	㐅	4
瓿	立	捺	立	4
甄	西	捺	西	4
甍	⺾	捺	艹	4
甏	土	捺	土	4
甑	八	捺	八	4
甓	尸	捺	尸	4
甗	2	捺	2	4
甚		5	艹	5
生	人	土	3	王
甡	人	土	3	王
甥	人	力	3	力
甦	1	土	1	王
用	月	2	用	用
甩	月	5	用	5
甪	3	2	3	用
甫	1	捺	1	4
甬	厶	2	厶	用
甭	1	2	1	用
甯	宀	2	宀	用
甴	2	1	日	2
甾	5	田	巛	田
畏	田	捺	田	4
畔	田	十	田	2
畖	田	捺	田	4
略	田	ㇿ	田	各
番	釆	田	3	田
畹	田	⺋	田	巴
疏	5	5	5	巛
疐	十		十	人
疑	匕		匕	人
疚	疒	捺	疒	4
疣	疒	捺	疒	4
疫	疒	又	疒	殳
疮	疒	⺋	疒	巴
疰	疒	土	疒	王
疼	疒	捺	疒	4
痂	疒	ㇿ	疒	口
痈	疒	2	疒	用
痕	疒	捺	疒	4
痛	疒	2	疒	用
痞	疒	ㇿ	疒	口
痢	疒	⺉	疒	刀
痦	疒	ㇿ	疒	口
痧	疒	3	疒	小
痪	疒	大	疒	人
痴	疒	ㇿ	疒	口
痼	疒	ㇿ	疒	固
瘀	疒	捺	疒	4
瘃	疒	捺	疒	4
瘌	疒	⺉	疒	刀
瘢	疒	又	疒	殳
瘩	疒	ㇿ	疒	口
瘭	疒	八	疒	小
瘰	疒	八	疒	小
瘵	疒	八	疒	小
癀	疒	八	疒	㐅
癃	疒	土	疒	王
癖	疒	干	疒	辛
癜	疒	又	疒	殳
百	1	臼	百	百
皂	臼	七	臼	5
的	臼	捺	臼	4
皆		臼	1	臼
皓	臼	ㇿ	臼	口
皕	1	臼	百	百
皱	⺈	又		又
盂	于	四	二	四
盅	ㇿ	四	口	四
盱	目	于	目	2
直	十	二	十	1
省	2	目	小	目
眇	目	3	目	小
眉	5	目	尸	目
看	3	目	手	目
眙	目	ㇿ	目	口
眚	人	目	3	目
眨	目	捺	目	4
眬	目	捺	目	4
眺	目	捺	目	4
眼	目	捺	目	4
睄	目	月	目	肖
睫	目		目	人
瞎	目	ㇿ	目	口
瞟	目	八	目	小
瞢	⺾	目	艹	目
瞩	目	捺	目	4
瞭	目	八	目	小
矇	目	捺	目	豕
矗	十	二	十	1
矞	厶	ㇿ	厶	口
知	人	ㇿ	人	口
矾	石	捺	石	4
砂	石	3	石	小
砆	石	夫	石	人
砖	石	捺	石	4
砥	石	捺	石	4
砧	石	ㇿ	石	口
砫	石	土	石	王
砭	石	捺	石	4
砾	石	八	石	小
硊	石	⺋	石	巴
硌	石	ㇿ	石	各
硍	石	捺	石	4
硎	石	⺉	石	刀
硐	石	ㇿ	石	口
硝	石	月	石	肖
硪	石	捺	石	4
硫	石	5	石	巛
确	石	2	石	用
碁		石	艹	石
碇	石		石	人
碉	石	ㇿ	石	口
碌	石	⺢	石	水
碗	石	⺋	石	巴
碚	石	ㇿ	石	口
碡	石	捺	石	4
碨	石	捺	石	4
碱	石	捺	石	4
碾	石	捺	石	4
磙	石	捺	石	4
磜	石	八	石	小
磺	石	八	石	㐅
礞	石	捺	石	豕
示	二	八	二	小
礻	⺭	⺭	衤	衤
礼	⺭	5	衤	5
礽	⺭	3	衤	3
社	⺭	土	衤	土
祀	⺭	巴	衤	巴
祁	⺭	卩	衤	卩
祂	⺭	5	衤	也
祃	⺭	马	衤	马
祆	⺭	大	衤	大
祇	⺭	5	衤	5
祈	⺭	2	衤	2
祉	⺭	止	衤	止
祊	⺭	方	衤	方
祋	⺭	又	衤	殳
祎	⺭	2	衤	2
祏	⺭	石	衤	石
祐	⺭	ㇿ	衤	口
祓	⺭	捺	衤	4
祕	⺭	3	衤	3
祖	⺭	二	衤	二
祗	⺭	捺	衤	4
祚	⺭	二	衤	二
祛	⺭	厶	衤	厶
祜	⺭	ㇿ	衤	古
祝	⺭	儿	衤	儿
神	⺭	2	衤	2
祟	山	八	山	小
祠	⺭	ㇿ	衤	口
祢	⺭	八	衤	小
祥	⺭	2	衤	2
祧	⺭	捺	衤	4
票	西	八	西	小
祭	夕	八	夕	小
祯	⺭	贝	衤	贝
祲	⺭	又	衤	又
祷	⺭	寸	衤	寸
祸	⺭	人	衤	人
祺	⺭	八	衤	八
祼	⺭	木	衤	木
祾	⺭	文	衤	文
禀	宀	八	宀	小
禁	木	八	木	小
禄	⺭	⺢	衤	水
禅	⺭	十	衤	十
禊	⺭	大	衤	大
禋	⺭	土	衤	土
福	⺭	田	衤	田
禒	⺭	捺	衤	豕
禔	⺭		衤	人
禘	⺭	巾	衤	巾
禚	⺭	灬	衤	灬
禛	⺭	八	衤	八
禤	⺭	习	衤	习
禧	⺭	ㇿ	衤	口
禳	⺭	捺	衤	4
禹	3	捺	3	4
禺	日	捺	日	4
秉	干	八	3	未
科	3	十	3	2
秒	3	3	3	小
秫	3	捺	3	4
称	3	八	3	小
秸	3	ㇿ	3	口
秾	3	捺	3	4
稂	3	捺	3	4
稆	3	ㇿ	3	口
稌	3	八	3	木
稍	3	月	3	肖
稖	3	ㇿ	3	口
稙	3	二	3	1
稠	3	ㇿ	3	口
稼	3	捺	3	豕
稿	3	ㇿ	3	高
穑	3	ㇿ	3	口
穙	3	夫	3	人
穰	3	捺	3	4
窊	宀	捺	宀	4
窕	宀	捺	宀	4
窖	宀	ㇿ	宀	口
窘	宀	ㇿ	宀	口
窦	宀	大	宀	人
窬	宀	⺉	宀	刀
窿	宀	土	宀	王
站	立	ㇿ	立	口
竦	立	八	立	束
竹	竹	竹	人	2
竽		于		2
笈		捺		4
笊		捺		4
笘		ㇿ		口
笙		土		王
笞		ㇿ		口
笤		ㇿ		口
笥		ㇿ		口
笳		ㇿ		口
笼		捺		4
筑		捺		4
筒		ㇿ		口
答		ㇿ		口
策		八		4
筘		ㇿ		口
筜		⺕		彐
筤		捺		4
筥		ㇿ		口
筲		月		肖
筶		ㇿ		口
箓		⺢		水
箢		⺋		巴
箬		ㇿ		口
箭		⺉		刀
箴		捺		4
篆		捺		豕
篙		ㇿ		高
篠		八		木
篾		捺		4
簝		八		小
簧		八		㐅
籴	入	米	3	米
粘	米	ㇿ	米	口
粮	米	捺	米	4
粱	⺡	米	氵	米
粽	米	八	米	小
糒	米	2	米	用
糖	米	ㇿ	米	口
糠	米	⺢	米	水
糵	⺾	米	艹	米
系	3	八	3	小
紊	文	八	文	小
素	王	八	王	小
索	十	八	十	小
紧	2	八	2	小
紫	止	八	止	小
累	田	八	田	小
絜	丰	八	丰	小
絮	女	八	女	小
絷	⺘	八	扌	小
綦		八	艹	小
綮	户	八	4	小
縠	土	又	土	殳
縢	月	八	月	小
縻	麻	八	麻	小
繁	人	八	人	小
繄	1	八	1	小
繇	⺤	八		小
纂		八		小
纛	王	八	王	小
纟	⺰	⺰	纟	纟
纠	⺰	2	纟	2
纡	⺰	于	纟	2
红	⺰	工	纟	工
纣	⺰	寸	纟	寸
纤	⺰	干	纟	干
纥	⺰	5	纟	5
约	⺰	捺	纟	4
级	⺰	捺	纟	4
纨	⺰	捺	纟	4
纩	⺰	广	纟	广
纪	⺰	巴	纟	巴
纫	⺰	捺	纟	4
纬	⺰	2	纟	2
纭	⺰	厶	纟	厶
纮	⺰	厶	纟	厶
纯	⺰	5	纟	5
纰	⺰	匕	纟	匕
纱	⺰	3	纟	小
纲	⺰	㐅	纟	㐅
纳	⺰	人	纟	人
纴	⺰	1	纟	1
纵	⺰	人	纟	人
纶	⺰	匕	纟	匕
纷	⺰	刀	纟	刀
纸	⺰	5	纟	5
纹	⺰	文	纟	文
纺	⺰	方	纟	方
纻	⺰	1	纟	1
纼	⺰	2	纟	2
纽	⺰	土	纟	土
纾	⺰	2	纟	2
线	⺰	戈	纟	戈
绀	⺰	廿	纟	廿
绁	⺰	5	纟	5
绂	⺰	捺	纟	4
练	⺰	八	纟	八
组	⺰	二	纟	二
绅	⺰	2	纟	2
细	⺰	田	纟	田
织	⺰	八	纟	八
终	⺰	捺	纟	4
绉	⺰	⺕	纟	彐
绊	⺰	十	纟	2
绋	⺰	2	纟	2
绌	⺰	山	纟	山
绍	⺰	ㇿ	纟	口
绎	⺰	2	纟	2
经	⺰	工	纟	工
绐	⺰	ㇿ	纟	口
绑	⺰	卩	纟	卩
绒	⺰	十	纟	十
结	⺰	ㇿ	纟	口
绔	⺰	5	纟	5
绕	⺰	儿	纟	儿
绖	⺰	土	纟	土
绗	⺰	2	纟	丁
绘	⺰	厶	纟	厶
给	⺰	ㇿ	纟	口
绚	⺰	日	纟	日
绛	⺰	2	纟	2
络	⺰	ㇿ	纟	各
绝	⺰	巴	纟	巴
绞	⺰	㐅	纟	㐅
统	⺰	儿	纟	儿
绠	⺰	㐅	纟	㐅
绡	⺰	月	纟	肖
绢	⺰	月	纟	月
绣	⺰	3	纟	3
绤	⺰	ㇿ	纟	口
绥	⺰	女	纟	女
绦	⺰	八	纟	木
继	⺰	5	纟	5
绨	⺰	3	纟	3
绩	⺰	贝	纟	贝
绪	⺰	日	纟	日
绫	⺰	文	纟	文
续	⺰	大	纟	人
绮	⺰	丁	纟	丁
绯	⺰	二	纟	二
绰	⺰	十	纟	十
绱	⺰	ㇿ	纟	尚
绲	⺰	匕	纟	匕
绳	⺰	电	纟	电
维	⺰	王	纟	王
绵	⺰	巾	纟	巾
绶	⺰	又	纟	又
绷	⺰	月	纟	月
绸	⺰	ㇿ	纟	口
绹	⺰	山	纟	山
绺	⺰	ㇿ	纟	口
绻	⺰	⺋	纟	巴
综	⺰	八	纟	小
绽	⺰		纟	人
绾	⺰	1	纟	1
绿	⺰	⺢	纟	水
缀	⺰	又	纟	又
缁	⺰	田	纟	田
缂	⺰	十	纟	十
缃	⺰	目	纟	目
缄	⺰	捺	纟	4
缅	⺰	二	纟	二
缆	⺰	儿	纟	儿
缇	⺰		纟	人
缈	⺰	3	纟	小
缉	⺰	二	纟	二
缊	⺰	四	纟	四
缌	⺰	忄	纟	忄
缎	⺰	又	纟	殳
缐	⺰	水	纟	水
缑	⺰	大	纟	大
缒	⺰	辶	纟	辶
缓	⺰	又	纟	又
缔	⺰	巾	纟	巾
缕	⺰	女	纟	女
编	⺰	册	纟	册
缗	⺰	日	纟	日
缘	⺰	捺	纟	豕
缙	⺰	日	纟	日
缚	⺰	寸	纟	寸
缛	⺰	寸	纟	寸
缜	⺰	八	纟	八
缝	⺰	辶	纟	辶
缞	⺰	捺	纟	4
缟	⺰	ㇿ	纟	高
缠	⺰	土	纟	土
缡	⺰	厶	纟	厶
缢	⺰	四	纟	四
缣	⺰	八	纟	八
缤	⺰	八	纟	八
缥	⺰	八	纟	小
缦	⺰	又	纟	又
缧	⺰	八	纟	小
缨	⺰	女	纟	女
缩	⺰	臼	纟	百
缪	⺰	3	纟	3
缫	⺰	木	纟	木
缬	⺰	贝	纟	贝
缭	⺰	八	纟	小
缮	⺰	ㇿ	纟	口
缯	⺰	日	纟	日
缰	⺰	1	纟	1
缱	⺰	辶	纟	辶
缲	⺰	木	纟	木
缳	⺰	捺	纟	4
缴	⺰	文	纟	文
缵	⺰	贝	纟	贝
罗	⺫	夕	四	夕
罘	⺫	捺	四	4
罚	⺫	⺉	四	刀
罟	⺫	ㇿ	四	古
罡	⺫	止	四	止
罢	⺫	厶	四	厶
罥	⺫	月	四	月
罨	⺫	电	四	电
罩	⺫	十	四	十
罪	⺫	二	四	二
置	⺫	二	四	1
罱	⺫	干	四	干
署	⺫	日	四	日
罴	⺫	灬	四	灬
罶	⺫	田	四	田
罹	⺫	王	四	王
罽	⺫	⺉	四	刀
罾	⺫	日	四	日
羁	⺫	马	四	马
羕	八	捺	八	4
羖	八	又	八	殳
羝	八	捺	八	4
羱	八	八	八	小
羲	八	5	八	4
羸	宀	2	宀	4
翘		习	1	习
翡	2	习	丬	习
翩	户	习	4	习
翯	习	ㇿ	习	高
翻	釆	习	3	习
翾	⺫	习	四	习
耀	⺌	王		王
耒	丰	木	丰	丰
耖	丰	3	丰	小
耠	丰	ㇿ	丰	口
耥	丰	ㇿ	丰	尚
耦	丰	捺	丰	4
聒	1	ㇿ	1	口
聚	1	捺	1	4
肀	5	十	5	2
肆	1	2	长	2
肇	户	2	4	2
肏	入	人	3	人
肖	⺌	月	肖	肖
股	月	又	月	殳
肤	月	夫	月	人
肩	户	月	4	月
肽	月	捺	月	4
胀	月	捺	月	长
胁	月		月	4
胈	月	捺	月	4
胍	月	捺	月	4
胎	月	ㇿ	月	口
胖	月	十	月	2
胜	月	土	月	王
胝	月	捺	月	4
胡	十	月	古	月
胣	月	5	月	也
胧	月	捺	月	4
胨	月	八	月	小
胩	月	捺	月	4
胳	月	ㇿ	月	各
胴	月	ㇿ	月	口
脆	月	⺋	月	巴
脉	月	捺	月	4
脎	月	八	月	木
脓	月	捺	月	4
脯	月	捺	月	4
脿	月	捺	月	4
腋	月	捺	月	4
腒	月	ㇿ	月	古
腕	月	⺋	月	巴
腘	月	玉	月	4
腙	月	八	月	小
腚	月		月	人
腥	月	土	月	王
腧	月	⺉	月	刀
膘	月	八	月	小
膝	月	⺢	月	水
膳	月	ㇿ	月	口
臧	广	捺	广	4
舀	⺤	臼		臼
舌	干	ㇿ	干	口
舍	人	ㇿ	人	口
舔	干	捺	干	4
舜	⺤	2		2
般	舟	又	舟	殳
舱	舟	⺋	舟	巴
船	舟	ㇿ	舟	口
艄	舟	月	舟	肖
艅	舟	八	舟	木
艨	舟	捺	舟	豕
艮	⺕	捺	彐	4
良	捺	捺	4	4
艰	又	捺	又	4
色	⺈	巴		巴
艹	⺾	⺾	艹	艹
艺	⺾	5	艹	5
艽	⺾	5	艹	5
艾	⺾	㐅	艹	㐅
艿	⺾	3	艹	3
节	⺾	卩	艹	卩
芃	⺾	捺	艹	4
芄	⺾	捺	艹	4
芊	⺾	干	艹	干
芋	⺾	于	艹	2
芍	⺾	捺	艹	4
芎	⺾	5	艹	5
芏	⺾	土	艹	土
芑	⺾	巴	艹	巴
芒	⺾	5	艹	5
芗	⺾	3	艹	3
芘	⺾	匕	艹	匕
芙	⺾	夫	艹	人
芜	⺾	儿	艹	儿
芝	⺾	捺	艹	4
芟	⺾	又	艹	殳
芠	⺾	文	艹	文
芡	⺾	人	艹	人
芣	⺾	捺	艹	4
芤	⺾	5	艹	5
芥	⺾	2	艹	2
芦	⺾	户	艹	尸
芨	⺾	捺	艹	4
芩	⺾	5	艹	5
芪	⺾	5	艹	5
芫	⺾	儿	艹	儿
芬	⺾	刀	艹	刀
芭	⺾	巴	艹	巴
芮	⺾	人	艹	人
芯	⺾	忄	艹	忄
芰	⺾	又	艹	又
花	⺾	匕	艹	匕
芳	⺾	方	艹	方
芴	⺾	勿	艹	勿
芶	⺾	厶	艹	厶
芷	⺾	止	艹	止
芸	⺾	厶	艹	厶
芹	⺾	2	艹	2
芼	⺾	5	艹	5
芽	⺾	3	艹	3
芾	⺾	巾	艹	巾
苁	⺾	人	艹	人
苄	⺾	捺	艹	4
苇	⺾	2	艹	2
苈	⺾	力	艹	力
苉	⺾	5	艹	5
苊	⺾	⺋	艹	巴
苋	⺾	儿	艹	儿
苌	⺾	捺	艹	长
苍	⺾	⺋	艹	巴
苎	⺾	1	艹	1
苏	⺾		艹	4
苑	⺾	⺋	艹	巴
苒	⺾	土	艹	土
苓	⺾	厶	艹	厶
苔	⺾	ㇿ	艹	口
苕	⺾	ㇿ	艹	口
苗	⺾	田	艹	田
苛	⺾	丁	艹	丁
苜	⺾	目	艹	目
苞	⺾	巴	艹	巴
苟	⺾	句	艹	句
苠	⺾	5	艹	5
苡	⺾	人	艹	人
苣	⺾	5	艹	5
苤	⺾	1	艹	1
若	⺾	ㇿ	艹	口
苦	⺾	ㇿ	艹	古
苧	⺾	丁	艹	丁
苪	⺾	人	艹	人
苫	⺾	ㇿ	艹	口
苯	⺾	1	艹	1
英	⺾	大	艹	大
苴	⺾	二	艹	二
苶	⺾	八	艹	小
苷	⺾	廿	艹	廿
苹	⺾	十	艹	十
苻	⺾	付	艹	付
苾	⺾	3	艹	3
茀	⺾	2	艹	2
茁	⺾	山	艹	山
茂	⺾	捺	艹	4
范	⺾	⺋	艹	巴
茄	⺾	ㇿ	艹	口
茅	⺾	3	艹	3
茆	⺾	卩	艹	卩
茈	⺾	匕	艹	匕
茉	⺾	未	艹	未
茋	⺾	捺	艹	4
茌	⺾	土	艹	土
茎	⺾	工	艹	工
茏	⺾	捺	艹	4
茑	⺾	鸟	艹	鸟
茓	⺾	八	艹	八
茔	⺾	土	艹	土
茕	⺾	十	艹	十
茗	⺾	ㇿ	艹	口
茚	⺾	卩	艹	卩
茛	⺾	捺	艹	4
茜	⺾	西	艹	西
茝	⺾	5	艹	5
茧	⺾	虫	艹	虫
茨	⺾	人	艹	人
茫	⺾	5	艹	5
茬	⺾	土	艹	土
茭	⺾	㐅	艹	㐅
茯	⺾	犭	艹	犭
茱	⺾	失	艹	失
茳	⺾	工	艹	工
茴	⺾	ㇿ	艹	口
茵	⺾	大	艹	大
茶	⺾	八	艹	木
茸	⺾	二	艹	二
茹	⺾	ㇿ	艹	口
茺	⺾	儿	艹	儿
茼	⺾	ㇿ	艹	口
茽	⺾	2	艹	2
荀	⺾	日	艹	日
荁	⺾	1	艹	1
荃	⺾	王	艹	王
荄	⺾	人	艹	人
荆	⺾	⺉	艹	刀
荇	⺾	2	艹	丁
草	⺾	十	艹	十
荏	⺾	1	艹	1
荐	⺾	子	艹	子
荑	⺾	人	艹	人
荒	⺾	5	艹	巛
荓	⺾	2	艹	2
荔	⺾	力	艹	力
荖	⺾	匕	艹	匕
荘	⺾	土	艹	土
荙	⺾	辶	艹	辶
荚	⺾	大	艹	大
荛	⺾	儿	艹	儿
荜	⺾	十	艹	十
荞	⺾	2	艹	2
荟	⺾	厶	艹	厶
荠	⺾	2	艹	2
荡	⺾	3	艹	3
荣	⺾	木	艹	木
荤	⺾	车	艹	车
荥	⺾	水	艹	水
荦	⺾	牛	艹	牛
荧	⺾	火	艹	火
荨	⺾	寸	艹	寸
荩	⺾	捺	艹	4
荪	⺾	八	艹	小
荫	⺾	月	艹	月
荬	⺾	大	艹	人
荭	⺾	工	艹	工
荮	⺾	寸	艹	寸
药	⺾	捺	艹	4
荷	⺾	丁	艹	丁
荸	⺾	子	艹	子
荻	⺾	火	艹	火
荼	⺾	八	艹	木
荽	⺾	女	艹	女
莀	⺾	捺	艹	4
莅	⺾	立	艹	立
莆	⺾	捺	艹	4
莉	⺾	⺉	艹	刀
莎	⺾	3	艹	小
莒	⺾	ㇿ	艹	口
莓	⺾	捺	艹	4
莘	⺾	干	艹	辛
莙	⺾	ㇿ	艹	口
莛	⺾	辶	艹	辶
莜	⺾	文	艹	文
莝	⺾	土	艹	土
莞	⺾	儿	艹	儿
莠	⺾	3	艹	3
莨	⺾	捺	艹	4
莩	⺾	子	艹	子
莪	⺾	捺	艹	4
莫	⺾	大	艹	大
莯	⺾	木	艹	木
莰	⺾	人	艹	人
莱	⺾	米	艹	米
莲	⺾	辶	艹	辶
莳	⺾	寸	艹	寸
莴	⺾	人	艹	人
莶	⺾	1	艹	1
获	⺾	犭	艹	犭
莸	⺾	捺	艹	4
莹	⺾	玉	艹	4
莺	⺾	鸟	艹	鸟
莼	⺾	5	艹	5
莽	⺾	2	艹	2
莿	⺾	⺉	艹	刀
菀	⺾	⺋	艹	巴
菁	⺾	月	艹	月
菂	⺾	捺	艹	4
菅	⺾	1	艹	1
菇	⺾	ㇿ	艹	古
菈	⺾	立	艹	立
菉	⺾	⺢	艹	水
菊	⺾	米	艹	米
菌	⺾	木	艹	木
菍	⺾	忄	艹	忄
菏	⺾	丁	艹	丁
菓	⺾	木	艹	木
菔	⺾	又	艹	又
菖	⺾	日	艹	日
菘	⺾	厶	艹	厶
菜	⺾	木	艹	木
菝	⺾	捺	艹	4
菟	⺾	捺	艹	4
菠	⺾	又	艹	又
菡	⺾	2	艹	2
菥	⺾	2	艹	2
菩	⺾	ㇿ	艹	口
菪	⺾	石	艹	石
菰	⺾	捺	艹	4
菱	⺾	文	艹	文
菲	⺾	二	艹	二
菹	⺾	二	艹	二
菼	⺾	火	艹	火
菽	⺾	又	艹	又
菿	⺾	⺉	艹	刀
萁	⺾	八	艹	八
萃	⺾	十	艹	十
萄	⺾	山	艹	山
萆	⺾	十	艹	十
萋	⺾	女	艹	女
萌	⺾	月	艹	月
萍	⺾	十	艹	十
萎	⺾	女	艹	女
萏	⺾	臼	艹	臼
萑	⺾	王	艹	王
萘	⺾	八	艹	小
萚	⺾	2	艹	2
萜	⺾	ㇿ	艹	口
萝	⺾	夕	艹	夕
萣	⺾		艹	人
萤	⺾	虫	艹	虫
营	⺾	ㇿ	艹	口
萦	⺾	八	艹	小
萧	⺾	八	艹	八
萨	⺾	3	艹	3
萩	⺾	火	艹	火
萬	⺾	捺	艹	4
萱	⺾	1	艹	1
萳	⺾	干	艹	干
萸	⺾	人	艹	人
萹	⺾	册	艹	册
萼	⺾	5	艹	5
落	⺾	ㇿ	艹	各
葆	⺾	木	艹	木
葉	⺾	木	艹	木
葎	⺾	2	艹	2
葑	⺾	寸	艹	寸
葖	⺾	犭	艹	犭
著	⺾	日	艹	日
葙	⺾	目	艹	目
葚	⺾	5	艹	5
葛	⺾	5	艹	5
葜	⺾	大	艹	大
葡	⺾	捺	艹	4
董	⺾	土	艹	土
葩	⺾	巴	艹	巴
葫	⺾	月	艹	月
葬	⺾	2	艹	2
葭	⺾	又	艹	又
葰	⺾	文	艹	文
葱	⺾	忄	艹	忄
葳	⺾	捺	艹	4
葴	⺾	捺	艹	4
葵	⺾	大	艹	大
葶	⺾	丁	艹	丁
葸	⺾	忄	艹	忄
葺	⺾	二	艹	二
蒂	⺾	巾	艹	巾
蒄	⺾	寸	艹	寸
蒇	⺾	捺	艹	4
蒈	⺾	臼	艹	臼
蒉	⺾	贝	艹	贝
蒋	⺾	寸	艹	寸
蒌	⺾	女	艹	女
蒎	⺾	捺	艹	4
蒐	⺾	鬼	艹	鬼
蒗	⺾	捺	艹	4
蒙	⺾	捺	艹	豕
蒜	⺾	八	艹	小
蒟	⺾	句	艹	句
蒡	⺾	方	艹	方
蒨	⺾	月	艹	月
蒯	⺾	⺉	艹	刀
蒱	⺾	捺	艹	4
蒲	⺾	捺	艹	4
蒴	⺾	月	艹	月
蒸	⺾	灬	艹	灬
蒹	⺾	八	艹	八
蒺	⺾	大	艹	大
蒻	⺾	冫	艹	冫
蒽	⺾	忄	艹	忄
蒿	⺾	ㇿ	艹	高
蓁	⺾	木	艹	木
蓂	⺾	八	艹	八
蓄	⺾	田	艹	田
蓇	⺾	骨	艹	骨
蓉	⺾	ㇿ	艹	口
蓊	⺾	习	艹	习
蓍	⺾	日	艹	日
蓏	⺾	捺	艹	4
蓐	⺾	寸	艹	寸
蓑	⺾	捺	艹	4
蓓	⺾	ㇿ	艹	口
蓖	⺾	匕	艹	匕
蓝	⺾	四	艹	四
蓟	⺾	⺉	艹	刀
蓠	⺾	厶	艹	厶
蓢	⺾	月	艹	月
蓣	⺾	贝	艹	贝
蓥	⺾	1	艹	1
蓦	⺾	马	艹	马
蓬	⺾	辶	艹	辶
蓰	⺾		艹	4
蓳	⺾	王	艹	王
蓼	⺾	3	艹	3
蓿	⺾	目	艹	百
蔀	⺾	卩	艹	卩
蔃	⺾	虫	艹	虫
蔊	⺾	干	艹	干
蔌	⺾	人	艹	人
蔑	⺾	捺	艹	4
蔓	⺾	又	艹	又
蔗	⺾	灬	艹	灬
蔚	⺾	寸	艹	寸
蔟	⺾	大	艹	大
蔡	⺾	八	艹	小
蔫	⺾	灬	艹	灬
蔬	⺾	5	艹	巛
蔷	⺾	ㇿ	艹	口
蔸	⺾	儿	艹	儿
蔹	⺾	文	艹	文
蔺	⺾	王	艹	王
蔻	⺾	又	艹	又
蔼	⺾	5	艹	5
蔽	⺾	文	艹	文
蕃	⺾	田	艹	田
蕈	⺾	十	艹	十
蕉	⺾	灬	艹	灬
蕊	⺾	忄	艹	忄
蕖	⺾	木	艹	木
蕗	⺾	ㇿ	艹	各
蕙	⺾	忄	艹	忄
蕞	⺾	又	艹	又
蕤	⺾	土	艹	王
蕥	⺾	王	艹	王
蕨	⺾	人	艹	人
蕰	⺾	四	艹	四
蕲	⺾	2	艹	2
蕴	⺾	四	艹	四
蕹	⺾	王	艹	王
蕺	⺾	捺	艹	4
蕻	⺾	八	艹	八
蕾	⺾	田	艹	田
薁	⺾	大	艹	大
薄	⺾	寸	艹	寸
薅	⺾	寸	艹	寸
薇	⺾	文	艹	文
薏	⺾	忄	艹	忄
薙	⺾	王	艹	王
薛	⺾	干	艹	辛
薜	⺾	干	艹	辛
薢	⺾	牛	艹	牛
薤	⺾	1	艹	1
薨	⺾	夕	艹	夕
薪	⺾	2	艹	2
薮	⺾	文	艹	文
薯	⺾	日	艹	日
薰	⺾	灬	艹	灬
薳	⺾	辶	艹	辶
薷	⺾	而	艹	而
薹	⺾	土	艹	土
薿	⺾		艹	人
藁	⺾	木	艹	木
藉	⺾	日	艹	日
藏	⺾	捺	艹	4
藐	⺾	儿	艹	儿
藓	⺾	2	艹	2
藕	⺾	捺	艹	4
藜	⺾	⺢	艹	水
藟	⺾	田	艹	田
藠	⺾	臼	艹	臼
藤	⺾	⺢	艹	水
藦	⺾	2	艹	手
藨	⺾	灬	艹	灬
藩	⺾	田	艹	田
藻	⺾	木	艹	木
藿	⺾	王	艹	王
蘅	⺾	2	艹	丁
蘑	⺾	石	艹	石
蘖	⺾	木	艹	木
蘘	⺾	捺	艹	4
蘧	⺾	辶	艹	辶
蘩	⺾	八	艹	小
蘸	⺾	灬	艹	灬
蘼	⺾	二	艹	二
虍	2	七	2	5
虢	⺤	几		几
虽	ㇿ	虫	口	虫
虾	虫	捺	虫	4
蚀	⺈	虫		虫
蚕	二	虫	1	虫
蚨	虫	夫	虫	人
蚪	虫	十	虫	2
蛀	虫	土	虫	王
蛄	虫	ㇿ	虫	古
蛐	虫	1	虫	艹
蛔	虫	ㇿ	虫	口
蛞	虫	ㇿ	虫	口
蛤	虫	ㇿ	虫	口
蛰	⺘	虫	扌	虫
蛸	虫	月	虫	肖
蛹	虫	2	虫	用
蛾	虫	捺	虫	4
蜀	⺫	虫	四	虫
蜇	⺘	虫	扌	虫
蜊	虫	⺉	虫	刀
蜍	虫	八	虫	木
蜘	虫	ㇿ	虫	口
蜚	2	虫	丬	虫
蜩	虫	ㇿ	虫	口
蜷	虫	⺋	虫	巴
蜿	虫	⺋	虫	巴
蝈	虫	玉	虫	4
蝌	虫	十	虫	2
蝓	虫	⺉	虫	刀
蝲	虫	⺉	虫	刀
螈	虫	八	虫	小
螗	虫	ㇿ	虫	口
螵	虫	八	虫	小
螺	虫	八	虫	小
蟥	虫	八	虫	㐅
蟮	虫	ㇿ	虫	口
蟹	⺈	虫		虫
蠃	宀	虫	宀	4
蠓	虫	捺	虫	豕
衃	3	捺	3	4
衅	3	十	3	2
行	彳	2	彳	丁
衍	彳	2	彳	丁
衎	彳	2	彳	丁
衒	彳	2	彳	丁
衔	彳	2	彳	丁
街	彳	2	彳	丁
衙	彳	2	彳	丁
衠	彳	2	彳	丁
衡	彳	2	彳	丁
衢	彳	2	彳	丁
衤	⻂	⻂	衤	衤
补	⻂	捺	衤	4
表	王	捺	王	4
衩	⻂	捺	衤	4
衫	⻂	3	衤	3
衬	⻂	寸	衤	寸
衮	宀	捺	宀	4
衰	宀	捺	宀	4
衲	⻂	人	衤	人
衷	宀	捺	宀	4
衽	⻂	1	衤	1
衿	⻂	5	衤	5
袁	土	捺	土	4
袂	⻂	大	衤	大
袄	⻂	大	衤	大
袆	⻂	2	衤	2
袍	⻂	巴	衤	巴
袒	⻂	1	衤	1
袖	⻂	2	衤	2
袗	⻂	3	衤	3
袜	⻂	未	衤	未
袢	⻂	十	衤	2
袤	宀	捺	宀	4
袪	⻂	厶	衤	厶
被	⻂	又	衤	又
袯	⻂	捺	衤	又
袱	⻂	犭	衤	犭
袴	⻂	5	衤	5
袷	⻂	ㇿ	衤	口
袼	⻂	ㇿ	衤	各
装	⺦	衣	丬	衣
裆	⻂	⺕	衤	彐
裈	⻂	车	衤	车
裉	⻂	捺	衤	4
裎	⻂	王	衤	王
裒	宀	捺	宀	4
裔	衣	ㇿ	衣	口
裕	⻂	ㇿ	衤	口
裙	⻂	ㇿ	衤	口
裟	⺡	衣	氵	衣
裢	⻂	辶	衤	辶
裣	⻂	1	衤	1
裤	⻂	车	衤	车
裥	⻂	日	衤	日
裨	⻂	十	衤	十
裰	⻂	又	衤	又
裱	⻂	捺	衤	4
裳	⺌	衣		衣
裴	2	衣	丬	衣
裸	⻂	木	衤	木
裹	宀	捺	宀	4
裼	⻂	勿	衤	勿
裾	⻂	ㇿ	衤	古
褂	⻂	捺	衤	4
複	⻂	文	衤	文
褊	⻂	册	衤	册
褐	⻂	5	衤	5
褒	宀	捺	宀	4
褓	⻂	木	衤	木
褕	⻂	⺉	衤	刀
褙	⻂	月	衤	月
褚	⻂	日	衤	日
褛	⻂	女	衤	女
褟	⻂	习	衤	习
褡	⻂	ㇿ	衤	口
褥	⻂	寸	衤	寸
褪	⻂	辶	衤	辶
褫	⻂	几	衤	几
褯	⻂	巾	衤	巾
褴	⻂	四	衤	四
褶	⻂	臼	衤	臼
襁	⻂	虫	衤	虫
襄	宀	捺	宀	4
襕	⻂	八	衤	八
襚	⻂	辶	衤	辶
襜	⻂	讠	衤	讠
襟	⻂	八	衤	小
襦	⻂	而	衤	而
襫	⻂	臼	衤	4
襻	⻂	2	衤	手
规	夫	儿	二	儿
觅	⺤	儿		儿
视	⺭	儿	衤	儿
觉	⺍	儿		儿
角	⺈	2		用
觖	⺈	大		大
觚	⺈	捺		4
觜	止	2	止	用
觞	⺈	3		3
觟	⺈	土		土
解	⺈	牛		牛
觥	⺈	儿		儿
触	⺈	虫		虫
觫	⺈	八		束
觭	⺈	丁		丁
觱	广	2	广	用
觳	土	又	土	殳
詈	⺫	讠	四	讠
詹	⺈	讠		讠
誉	⺍	讠		讠
誓	⺘	讠	扌	讠
警	⺾	讠	艹	讠
讣	讠	捺	讠	4
讱	讠	捺	讠	4
许	讠	干	讠	十
设	讠	又	讠	殳
诂	讠	ㇿ	讠	古
诇	讠	ㇿ	讠	口
诉	讠	捺	讠	4
诋	讠	捺	讠	4
诌	讠	⺕	讠	彐
词	讠	ㇿ	讠	口
诏	讠	ㇿ	讠	口
诒	讠	ㇿ	讠	口
诔	讠	木	讠	丰
诘	讠	ㇿ	讠	口
诚	讠	捺	讠	4
话	讠	ㇿ	讠	口
诟	讠	ㇿ	讠	口
诡	讠	⺋	讠	巴
诧	讠	七	讠	5
语	讠	ㇿ	讠	口
诮	讠	月	讠	肖
诰	讠	ㇿ	讠	口
诲	讠	捺	讠	4
诵	讠	2	讠	用
诺	讠	ㇿ	讠	口
读	讠	大	讠	人
诼	讠	捺	讠	4
调	讠	ㇿ	讠	口
谅	讠	八	讠	小
谎	讠	5	讠	巛
谕	讠	⺉	讠	刀
谗	讠	捺	讠	4
谘	讠	ㇿ	讠	口
谪	讠	ㇿ	讠	古
谲	讠	ㇿ	讠	口
谷	八	ㇿ	八	口
谿	⺤	ㇿ		口
豁	宀	ㇿ	宀	口
豌	1	⺋	1	巴
豕	1	捺	豕	豕
豗	1	捺	1	豕
豚	月	捺	月	豕
象	⺈	捺	3	4
豢	八	捺	八	豕
豨	1	巾	豕	巾
豪	宀	捺	宀	豕
豫	厶	捺	厶	4
豮	1	贝	豕	贝
豳	山	捺	山	豕
豹	3	捺	3	4
貂	3	ㇿ	3	口
貉	3	ㇿ	3	各
貊	3	臼	3	百
负	⺈	贝		贝
账	贝	捺	贝	长
贬	贝	捺	贝	4
贴	贝	ㇿ	贝	口
贵		贝	口	贝
贻	贝	ㇿ	贝	口
贽	⺘	贝	扌	贝
赂	贝	ㇿ	贝	各
赆	贝	捺	贝	4
赇	贝	捺	贝	4
赈	贝	捺	贝	4
赉	未	贝	1	贝
赊	贝	八	贝	小
赎	贝	大	贝	人
赏	⺌	贝		贝
赒	贝	ㇿ	贝	口
赔	贝	ㇿ	贝	口
赖	1	贝	束	贝
赞	⺧	贝	牛	贝
赢	宀	贝	宀	4
赤	土	八	土	小
赫	土	八	土	小
赴	辶	捺	辶	4
超	辶	ㇿ	辶	口
越	辶	捺	辶	4
趋	辶	⺕	辶	彐
趔	辶	⺉	辶	刀
趟	辶	ㇿ	辶	尚
趵	足	捺	足	4
趺	足	夫	足	人
趿	足	捺	足	4
跄	足	⺋	足	巴
跆	足	ㇿ	足	口
跋	足	捺	足	4
跏	足	ㇿ	足	口
跞	足	八	足	小
跟	足	捺	足	4
跪	足	⺋	足	巴
路	足	ㇿ	足	各
跳	足	捺	足	4
踅	⺘	足	扌	足
踉	足	捺	足	4
踊	足	2	足	用
踞	足	ㇿ	足	古
踟	足	ㇿ	足	口
踠	足	⺋	足	巴
踣	足	ㇿ	足	口
踪	足	八	足	小
踮	足	ㇿ	足	口
踶	足		足	人
踽	足	捺	足	4
蹜	足	臼	足	百
蹢	足	ㇿ	足	古
蹴	足	捺	足	4
蹼	足	夫	足	人
蹽	足	八	足	小
躺	3	ㇿ	3	尚
轫	车	捺	车	4
转	车	捺	车	4
轭	车	⺋	车	巴
轱	车	ㇿ	车	古
轹	车	八	车	小
轺	车	ㇿ	车	口
辂	车	ㇿ	车	各
辅	车	捺	车	4
辇	夫	车	二	车
辈	2	车	丬	车
辉	⺌	车		车
辌	车	八	车	小
输	车	⺉	车	刀
辔	⺰	ㇿ	纟	口
辕	车	捺	车	4
辖	车	ㇿ	车	口
辗	车	捺	车	4
辛	立	十	辛	辛
辜	十	干	古	辛
辞	干	干	干	辛
辟	尸	干	尸	辛
辣	立	八	辛	束
辨	立	3	刀	3
辩	立	讠	刀	讠
辫	立	⺰	刀	纟
辰	广	捺	广	4
込	入	辶	3	辶
迂	于	辶	二	辶
迩	⺈	辶		辶
迮	人	辶	亻	辶
退	⺕	辶	彐	辶
逃	3	辶	儿	辶
选	⺧	辶	牛	辶
逍	⺌	辶	肖	辶
逐	1	辶	豕	辶
逖	⺨	辶	犭	辶
逛	⺨	辶	犭	辶
逝	⺘	辶	扌	辶
逞	ㇿ	辶	口	辶
速	1	辶	束	辶
造	⺧	辶	牛	辶
逯	⼹	辶	彐	辶
逸	⺈	辶		辶
逻	⺫	辶	四	辶
遍	户	辶	4	辶
遗		辶	口	辶
遘	二	辶	1	辶
遣		辶	口	辶
遥	⺤	辶		辶
邂	⺈	辶		辶
邋	5	辶	巛	辶
邑	ㇿ	巴	口	巴
邕	5	巴	巛	巴
邘	于	卩	二	卩
邢	二	卩	1	卩
邹	⺈	卩		卩
郎	捺	卩	4	卩
郛	⺤	卩		卩
郜	⺧	卩	牛	卩
郢	ㇿ	卩	口	卩
郧	ㇿ	卩	口	卩
郿	5	卩	尸	卩
鄀	⺾	卩	艹	卩
鄂	ㇿ	卩	口	卩
鄗	宀	卩	高	卩
鄙	ㇿ	卩	口	卩
鄚	⺾	卩	艹	卩
鄱	釆	卩	3	卩
酂	⺧	卩	牛	卩
酌	西	捺	西	4
酏	西	5	西	也
酒	⺡	1	氵	1
酞	西	捺	西	4
酤	西	ㇿ	西	古
酦	西	捺	西	又
酩	西	ㇿ	西	口
酪	西	ㇿ	西	各
酮	西	ㇿ	西	口
酱	⺦	1	丬	1
酴	西	八	西	木
酶	西	捺	西	4
酷	西	ㇿ	西	口
酺	西	捺	西	4
酾	西	捺	西	月
酿	西	捺	西	4
醅	西	ㇿ	西	口
醍	西		西	人
醒	西	土	西	王
醭	西	夫	西	人
醵	西	捺	西	豕
采	⺤	木		木
釉	釆	2	3	2
释	釆	2	3	2
重	干	土	3	土
鋈	⺡	1	氵	1
鍉	人		人	人
鎏	⺡	1	氵	1
钊	钅	⺉	钅	刀
钋	钅	捺	钅	4
钒	钅	捺	钅	4
钓	钅	捺	钅	4
钗	钅	捺	钅	4
钚	钅	捺	钅	4
钛	钅	捺	钅	4
钞	钅	3	钅	小
钭	钅	十	钅	2
钰	钅	玉	钅	4
钴	钅	ㇿ	钅	古
钹	钅	捺	钅	4
钺	钅	捺	钅	4
钻	钅	ㇿ	钅	口
铄	钅	八	钅	小
铅	钅	ㇿ	钅	口
铏	钅	⺉	钅	刀
铖	钅	捺	钅	4
铛	钅	⺕	钅	彐
铜	钅	ㇿ	钅	口
铝	钅	ㇿ	钅	口
铡	钅	⺉	钅	刀
铩	钅	八	钅	木
铪	钅	ㇿ	钅	口
铫	钅	捺	钅	4
铬	钅	ㇿ	钅	各
铭	钅	ㇿ	钅	口
银	钅	捺	钅	4
铷	钅	ㇿ	钅	口
铺	钅	捺	钅	4
铻	钅	ㇿ	钅	口
销	钅	月	钅	肖
锆	钅	ㇿ	钅	口
锇	钅	捺	钅	4
锌	钅	干	钅	辛
锍	钅	5	钅	巛
锒	钅	捺	钅	4
锘	钅	ㇿ	钅	口
锢	钅	ㇿ	钅	固
锩	钅	⺋	钅	巴
锫	钅	ㇿ	钅	口
锭	钅		钅	人
锯	钅	ㇿ	钅	古
锻	钅	又	钅	殳
锿	钅	捺	钅	4
镎	钅	2	钅	手
镐	钅	ㇿ	钅	高
镓	钅	捺	钅	豕
镕	钅	ㇿ	钅	口
镖	钅	八	钅	小
镝	钅	ㇿ	钅	古
镣	钅	八	钅	小
镤	钅	夫	钅	人
镮	钅	捺	钅	4
镲	钅	八	钅	小
镵	钅	捺	钅	4
镶	钅	捺	钅	4
长	3	捺	长	长
问	冂	ㇿ	冂	口
闾	冂	ㇿ	冂	口
阁	冂	ㇿ	冂	各
阆	冂	捺	冂	4
阏	冂	捺	冂	4
阔	冂	ㇿ	冂	口
阽	卩	ㇿ	卩	口
际	卩	八	卩	小
陇	卩	捺	卩	4
陈	卩	八	卩	小
陌	卩	臼	卩	百
限	卩	捺	卩	4
除	卩	八	卩	木
陪	卩	ㇿ	卩	口
隃	卩	⺉	卩	刀
隅	卩	捺	卩	4
隆	卩	土	卩	王
隈	卩	捺	卩	4
隙	卩	八	卩	小
隳	卩	捺	卩	4
隶	5	⺢	5	水
雀	2	王	小	王
雇	户	王	4	王
雏	⺈	王		王
雒	文	王	各	王
雕	⺆	王	冂	王
雪	雨	⺕	雨	彐
雫	雨	捺	雨	4
霄	雨	月	雨	肖
震	雨	捺	雨	4
霉	雨	捺	雨	4
霑	雨	ㇿ	雨	口
露	雨	ㇿ	雨	各
霹	雨	干	雨	辛
靛	王		王	人
非	2	二	丬	二
靠	⺧	二	牛	二
靸	廿	捺	廿	4
靽	廿	十	廿	2
鞘	廿	月	廿	肖
鞮	廿		廿	人
鞳	廿	ㇿ	廿	口
鞴	廿	2	廿	用
韧	二	捺	二	4
韨	二	捺	二	4
韭	2	1	丬	1
韶	讠	ㇿ	讠	口
顷		贝	1	贝
颚	ㇿ	贝	口	贝
颟	⺾	贝	艹	贝
颧	⺾	贝	艹	贝
飐	几	ㇿ	几	口
飞	5	捺	5	4
食	人	捺	人	4
飧	夕	捺	夕	4
飨	5	捺	5	4
餍	广	捺	广	4
餐	2	捺	2	4
餮	夕	捺	夕	4
饔	宀	捺	宀	4
饕	ㇿ	捺	口	4
饣	⺈	5		5
饥	⺈	几		几
饧	⺈	3		3
饨	⺈	5		5
饩	⺈	气		气
饪	⺈	1		1
饫	⺈	大		大
饬	⺈	力		力
饭	⺈	又		又
饮	⺈	人		人
饯	⺈	戈		戈
饰	⺈	巾		巾
饱	⺈	巴		巴
饲	⺈	ㇿ		口
饳	⺈	山		山
饴	⺈	ㇿ		口
饵	⺈	二		二
饶	⺈	儿		儿
饷	⺈	ㇿ		口
饸	⺈	ㇿ		口
饹	⺈	ㇿ		各
饺	⺈	㐅		㐅
饻	⺈	衣		衣
饼	⺈	2		2
饽	⺈	子		子
饿	⺈	捺		4
馀	⺈	八		木
馁	⺈	女		女
馃	⺈	木		木
馄	⺈	匕		匕
馅	⺈	臼		臼
馆	⺈	1		1
馇	⺈	1		1
馈	⺈	贝		贝
馉	⺈	骨		骨
馊	⺈	又		又
馋	⺈	捺		4
馌	⺈	四		四
馍	⺈	大		大
馏	⺈	田		田
馐	⺈	土		土
馑	⺈	王		王
馒	⺈	又		又
馓	⺈	文		文
馔	⺈	八		八
馕	⺈	捺		4
驰	马	5	马	也
驴	马	户	马	尸
驷	马	儿	马	四
驺	马	⺕	马	彐
驻	马	土	马	王
骀	马	ㇿ	马	口
骂	ㇿ	马	口	马
骆	马	ㇿ	马	各
骊	马	捺	马	月
骍	马	干	马	辛
骠	马	八	马	小
骡	马	八	马	小
骤	马	捺	马	4
骧	马	捺	马	4
骰	骨	又	骨	殳
骶	骨	捺	骨	4
骷	骨	ㇿ	骨	古
骺	骨	ㇿ	骨	口
骼	骨	ㇿ	骨	各
髂	骨	ㇿ	骨	各
髃	骨	捺	骨	4
高	宀	ㇿ	高	高
髡	1	儿	长	儿
髢	1	5	长	也
髦	1	5	长	5
髫	1	ㇿ	长	口
髭	1	匕	长	匕
髯	1	土	长	土
髹	1	木	长	木
髻	1	ㇿ	长	口
髽	1	土	长	土
鬃	1	八	长	小
鬈	1	⺋	长	巴
鬏	1	火	长	火
鬒	1	八	长	八
鬓	1	八	长	八
鬘	1	又	长	又
鬟	1	捺	长	4
鬣	1	5	长	5
鬶	夫	2	二	2
魁	鬼	十	鬼	2
魃	鬼	捺	鬼	4
魆	鬼	捺	鬼	4
魈	鬼	月	鬼	肖
鱿	鱼	捺	鱼	4
鲅	鱼	捺	鱼	4
鲇	鱼	ㇿ	鱼	口
鲎	⺍	鱼		鱼
鲐	鱼	ㇿ	鱼	口
鲒	鱼	ㇿ	鱼	口
鲖	鱼	ㇿ	鱼	口
鲗	鱼	⺉	鱼	刀
鲘	鱼	ㇿ	鱼	口
鲡	鱼	捺	鱼	月
鲦	鱼	八	鱼	木
鲧	鱼	八	鱼	小
鲨	⺡	鱼	氵	鱼
鲪	鱼	ㇿ	鱼	口
鲬	鱼	2	鱼	用
鲴	鱼	ㇿ	鱼	固
鲷	鱼	ㇿ	鱼	口
鲸	鱼	八	鱼	小
鳀	鱼		鱼	人
鳂	鱼	捺	鱼	4
鳏	鱼	捺	鱼	4
鳔	鱼	八	鱼	小
鳕	鱼	⺕	鱼	彐
鳝	鱼	ㇿ	鱼	口
鸣	ㇿ	鸟	口	鸟
鸪	十	鸟	古	鸟
鸫		鸟	1	鸟
鸮	ㇿ	鸟	口	鸟
鸶	丝	鸟	纟	鸟
鸷	⺘	鸟	扌	鸟
鸿	⺡	鸟	氵	鸟
鹃	ㇿ	鸟	口	鸟
鹄	⺧	鸟	牛	鸟
鹊	⺾	鸟	艹	鸟
鹋	⺾	鸟	艹	鸟
鹐	⺈	鸟		鸟
鹕	十	鸟	古	鸟
鹗	ㇿ	鸟	口	鸟
鹛	5	鸟	尸	鸟
鹞	⺤	鸟		鸟
鹮	⺫	鸟	四	鸟
鹲	⺾	鸟	艹	鸟
鹳	⺾	鸟	艹	鸟
麈	广	土	广	王
麸	王	夫	王	人
黄	⺾	八	艹	㐅
黇	⺾	ㇿ	艹	口
黉	⺍	八		㐅
黍	3	⺢	3	水
黎	3	⺢	3	水
黏	3	ㇿ	3	口
黑	框	灬	囗	灬
黔	框	5	囗	5
默	框	犭	囗	犭
黜	框	山	囗	山
黝	框	力	囗	力
黟	框	夕	囗	夕
黠	框	ㇿ	囗	口
黢	框	文	囗	文
黥	框	八	囗	小
黩	框	大	囗	人
黪	框	3	囗	3
黯	框	讠	囗	讠
黻	2	捺	2	4
黼	2	捺	2	4
黾	ㇿ	电	口	电
鼍	ㇿ	电	口	电
鼒	十	5	1	5
鼗	3	又	儿	又
鼯	臼	ㇿ	臼	口
齉	目	捺	目	4
龆	止	ㇿ	止	口
龈	止	捺	止	4
龉	止	ㇿ	止	口
龋	止	捺	止	4
龙	十	捺	十	4
龛	人	捺	人	4
龟	⺈	5		5
