㑇	亻 ⺈ 彐
㑊	亻 亠 3 小
㕮	口 八 乂
㘎	口 门 5 耳 攵
㙍	土 又 又 又 又
㙘	土 覀 女
㙦	𠆢 于 八 氵 2 土
㛃	丰 刀 女
㛚	女 龴 
㛹	女 亻 1 日 乂
㟃	山 5 1 口
㠇	山 亠 口 小 尤
㠓	山 艹 冖 1 豕
㤘	忄 ⺈ 彐
㥄	忄 土 八 夂
㧐	扌 又 又
㧑	扌 为
㧟	扌 氵 匚
㫰	日 ㇏ 彐 6 ㇒ ㇏
㬊	日 爫 1 𠂇 又
㬎	日 6 厶 6 厶 灬
㬚	日 亠 厶  攵
㭎	木 冂 乂
㭕	木 土 厶
㮾	㇏ 彐 6 ㇏ 月 木
㰀	木 千 𠆢 3 刀 𠆢 氺
㳇	氵 八 乂
㳘	氵 亠 厶 儿
㳚	氵 厂 ㇏ 戈
㴔	氵 ⺈ 彐 心
㵐	氵 厂 丷 1 6 2 3 ⺈ 人
㶲	火 用
㸆	火  口  1 2 三
㸌	火  亻 亠 龶
㺄	犭 𠆢 1  刂
㻬	王  二 5
㽏	氵 𠆢 1 口 甘
㿠	白 ⺌ 1 儿
䁖	目 米 女
䂮	丰 刀 石
䃅	石 丷 日 十
䃎	石 大 夕 夕
䅟	禾 厶 大 彡
䌹	纟 冂 口
䎃	冂  习 习
䎖	丷 囗 ⺌ 日 习 习
䏝	月 专
䏡	月 二 小
䏲	月 弟
䐃	月 囗 千 𠆢
䓖	艹 宀 八 力
䓛	艹 尸 出
䓨	艹 冖 𠂉 1 山
䓫	艹 大 可
䓬	艹 2 1 日 十
䗖	虫  冖 巾
䗛	虫 亻 2 夂 
䗪	广 廿 灬 虫
䗴	虫 𠂉 ㇏ 𠂉 ㇏ 千 1 廴
䜣	讠 斤
䝙	㇒ ㇏ ㇏ ㇒ 5 ㇒ ㇒ 匚 乂
䢺	出 阝
䢼	艹 1 八 阝
䣘	 口 土 阝
䥽	钅 6 八 又
䦃	钅 艹 十 𠂇 日
䲟	鱼 ㇒ 6 1 卩
䲠	鱼 三 人 日
䲢	月 丷 夫 鱼
䴓	1 巾 鸟
䴔	亠 八 乂 鸟
䴕	歹 刂 鸟
䴖	龶  鸟
䴗	目 犬 鸟
䴘	㇒ 3 2 1 5 3 七 几 鸟
䴙	尸 口 辛 鸟
䶮	𠂇  ㇏ 1 大
一	1
丁	丁
七	七
万	1 5 3
丈	𠂇 ㇏
三	三
上	2 二
下	1 卜
不	不
与	与
丏	1 2 6 5
丐	1 2 丂
丑	5 
专	专
且	且
丕	不 1
世	廿 6
丘	㇒ 2 工
丙	1 冂 人
业	2 ⺌ 1
丛	人 人 1
东	1 6 小
丝	纟 纟
丞	5 水 1
丢	㇒ 土 厶
两	1 冂 人 人
严	1 2 ⺌ 厂
丧	十 丷 1 戈
个	𠆢 2
丫	丷 2
中	口 2
丰	丰
串	口 口 2
临	2 2 𠂉 ㇏ 囗 2
丸	3 ㇈ ㇏
丹	 亠
为	为
主	亠 土
丽	1  
举	㇏ 丷 1 八 𰀁
乂	乂
乃	5 3
久	3 5 ㇏
么	3 厶
义	㇏ 乂
之	㇏ 5 4
乌	乌
乍	𠂉 2 二
乎	㇒ 丷 1 2
乏	㇒ ㇏ 5 4
乐	㇒ 6 小
乒	㇒ 2 工 3
乓	㇒ 2 工 ㇏
乔	㇒ 大 3 2
乖	千  匕
乘	千  匕 𠆢
乙	㇈
乜	5 6
九	3 ㇈
乞	𠂉 ㇈
也	也
习	习
乡	6 6 3
书	5 5 2 ㇏
乩	卜 口 6
买	5 氵 人
乱	千 口 6
乳	爫 子 6
乸	也 母
乾	十 日 十 𠂉 ㇈
了	了
予	予
争	⺈ 5 二 2
事	1 口 5 二 2
二	二
亍	1 丁
于	于
亏	二 丂
云	二 厶
互	1 6 5 1
亓	二 3 2
五	五
井	二 3 2
亘	1 日 1
亚	1 2 ⺌ 1
些	 匕 二
亟	了 口 又 1
亡	亠 6
亢	亠 几
交	亠 八 乂
亥	亠 6 3 人
亦	亠 3 小
产	立 3
亨	亠 口 5 2
亩	亠 田
享	亠 口 子
京	亠 口 小
亭	亠 口 冖 丁
亮	亠 口 冖 几
亲	立 1 小
亳	亠 口 冖 ㇒ 七
亵	亠 扌 3 ㇈ ㇏ 3 6 ㇒ ㇏
亶	亠 囗 口 日 1
亸	亠 口 子 丷 日 十
亹	亠 ㇒ 2 二 冂 1 口 5 二 冖 且
人	人
亿	亻 ㇈
什	亻 十
仁	亻 二
仂	亻 力
仃	亻 丁
仄	厂 人
仅	亻 又
仆	亻 卜
仇	亻 3 ㇈
仉	亻 几
今	𠆢 ㇏ 5
介	介
仍	亻 5 3
从	人 人
仑	𠆢 匕
仓	𠆢 ⺋
仔	亻 子
仕	亻 士
他	亻 也
仗	亻 𠂇 ㇏
付	付
仙	亻 山
仝	𠆢 工
仞	亻 刀 ㇏
仟	亻 千
仡	亻 𠂉 ㇈
代	亻 弋
令	𠆢 ㇏ 龴
以	6 ㇏ 人
仨	亻 三
仪	亻 ㇏ 乂
仫	亻 3 厶
们	亻 门
仰	亻 ㇒ 6 卩
仲	亻 口 2
仳	亻 比
仵	亻 𠂉 十
件	亻 牛
价	亻 介
任	亻 千 1
份	亻 八 刀
仿	亻 方
企	𠆢 
伈	亻 心
伉	亻 亠 几
伊	亻 5 二 3
伋	亻 及
伍	亻 五
伎	亻 十 又
伏	亻 犬
伐	亻 戈
休	亻 木
众	𠆢 人 人
优	亻 尤
伙	亻 火
会	𠆢 二 厶
伛	亻 匚 乂
伞	𠆢 丷 十
伟	亻 韦
传	亻 专
伢	亻 1 6 2 3
伣	亻 见
伤	亻 𠂉 力
伥	亻 长
伦	亻 𠆢 匕
伧	亻 𠆢 ⺋
伪	亻 为
伫	亻 宀 1
伭	亻 亠 6 厶
伯	亻 白
估	亻 古
伲	亻 尸 匕
伴	亻 丷 𰀁
伶	亻 𠆢 ㇏ 龴
伸	亻 日 2
伺	亻 5 1 口
似	亻 6 ㇏ 人
伽	亻 力 口
伾	亻 1 亻 4 1
佁	亻 厶 口
佃	亻 田
但	亻 日 1
位	亻 立
低	亻 氏 ㇏
住	亻 亠 土
佐	亻 𠂇 工
佑	亻 𠂇 口
体	亻 木 1
何	亻 可
佖	亻 ㇏ 6 ㇏ 八
佗	亻 宀 匕
佘	𠆢 二 小
余	𠆢 于 八
佚	亻 3 夫
佛	亻 5 1 5 3 2
作	亻 𠂉 2 二
佝	亻 句
佞	亻 二 女
佟	亻 夂 4 4
你	亻 ⺈ 小
佣	亻 用
佤	亻 1 6 ㇈ ㇏
佥	𠆢 1 ㇏ 丷 1
佩	亻  1 巾
佬	亻 十 𠂇 匕
佯	亻 羊
佰	亻 1 白
佳	亻 土 土
佴	亻 耳
佶	亻 士 口
佸	亻 千 口
佺	亻 𠆢 王
佻	亻 3 冫 6 ㇒ 4
佼	亻 亠 八 乂
佽	亻 冫 ⺈ 人
佾	亻 八 
使	亻 1 口 乂
侁	亻  儿
侂	亻 广 ㇒ 七
侃	亻 口 
侄	亻 至
侈	亻 夕 夕
侉	亻 大 二 5
例	亻 歹 刂
侍	亻 土 寸
侏	亻 牛 𠆢
侑	亻 𠂇 
侔	亻 厶 牛
侗	亻 冂 1 口
侘	亻 宀 ㇒ 七
供	亻 艹 1 八
依	亻 衣
侠	亻 1 丷 大
侣	亻 口 口
侥	亻 1 6 ㇒ 1 儿
侦	亻 2 1 贝
侧	亻 贝 刂
侨	亻 ㇒ 大 3 2
侩	亻 𠆢 二 厶
侪	亻 文 3 2
侬	亻 冖 3 6 ㇒ ㇏
侮	亻 𠂉 母
侯	亻 5 1 𠂉 大
侴	𠆢 1 5  刂
侵	亻 彐 冖 又
侹	亻 千 1 廴
便	亻 1 日 乂
促	亻 足
俄	亻 ㇒ 扌 戈
俅	亻 1 2 冫 ㇒ 4 ㇏
俊	亻 厶 八 夂
俍	亻 ㇏ 彐 6 ㇒ ㇏
俎	人 人 且
俏	亻 ⺌ 
俐	亻 千 𠆢 刂
俑	亻 龴 
俗	亻 谷
俘	亻 爫 子
俙	亻 乂 𠂇 巾
俚	亻 日 
俜	亻 日 2 丂
保	亻 口 木
俞	𠆢 1  刂
俟	亻 厶 𠂉 大
信	亻 言
俣	亻 口 1 大
俦	亻 三 3 寸
俨	亻 1 2 ⺌ 厂
俩	亻 1 冂 人 人
俪	亻 1  
俫	亻 1 米
俭	亻 𠆢 1 ㇏ 丷 1
修	亻 2 夂 彡
俯	亻 广 付
俱	亻 且 1 八
俳	亻  1 2 三
俵	亻 龶 3 6 ㇒ ㇏
俶	亻 2 二 小 又
俸	亻 三 人 𰀁
俺	亻 大 电
俾	亻 白 3 十
倌	亻 宀 
倍	亻 立 口
倏	亻 2 夂 犬
倒	亻 1 厶 土 刂
倓	亻 火 火
倔	亻 尸 出
倕	亻 千 艹 二
倘	亻 尚
候	亻 2 5 1 𠂉 大
倚	亻 大 可
倜	亻  土 口
倞	亻 亠 口 小
借	亻 艹 1 日
倡	亻 日 日
倥	亻 宀 八 工
倦	亻 丷 夫 ⺋
倧	亻 宀 二 小
倨	亻 尸 古
倩	亻 龶 
倪	亻 臼 儿
倬	亻 2 1 日 十
倭	亻 千 𠆢 女
倮	亻 日 木
倴	亻 大 十 𠂇 2
债	亻 龶 贝
倻	亻 耳 阝
值	亻 直
倾	亻 1 6 1 3 贝
偁	亻 爫 冂 
偃	亻 匚 日 女
假	亻 5 1 2 二 5 1 又
偈	亻 日 3 5 人 6
偌	亻 艹 𠂇 口
偎	亻 田 1 戈
偏	亻 户 
偓	亻 尸 至
偕	亻 1 6 匕 白
做	亻 古 攵
停	亻 亠 口 冖 丁
偡	亻  八 6
健	亻 5 三 十 廴
偬	亻 勿 4 心
偭	亻 1 3 罒 二
偰	亻 丰 刀 大
偲	亻 田 心
偶	亻 日 
偷	亻 𠆢 1  刂
偻	亻 米 女
偾	亻 十 艹 贝
偿	亻  二 厶
傀	亻 鬼
傃	亻 龶 糸
傅	亻 甫 寸
傈	亻 覀 木
傉	亻 厂 二 戈 寸
傍	亻 亠 丷 冖 方
傒	亻 爫 6 厶 大
傕	亻 冖 亻 亠 龶
傣	亻 三 人 氺
傥	亻  口 儿
傧	亻 宀 ㇒ 2 1 2 1 八
储	亻 讠 十 𠂇 日
傩	亻 又 亻 亠 龶
催	亻 山 亻 亠 龶
傲	亻 龶 5 3 攵
傺	亻 夕 4 5 ㇏ 二 小
傻	亻 3 囗 乂 八 夂
僇	亻 习 习 𠆢 彡
僎	亻 巳 巳 艹 1 八
像	亻 象
僔	亻 丷 西 1 寸
僖	亻 士 口 丷 1 口
僚	亻 大 丷 日 小
僦	亻 亠 口 小 尤
僧	亻 丷 囗 ⺌ 日
僬	亻 亻 亠 龶 灬
僭	亻 1 6 儿 1 6 儿 日
僮	亻 立 日 
僰	1 巾 𠆢 1 巾 𠆢 人
僳	亻 覀 米
僵	亻 1 田 1 田 1
僻	亻 尸 口 辛
儆	亻 艹 句 攵
儇	亻 罒 1 口 3 6 ㇒ ㇏
儋	亻 ⺈ 厂 八 言
儒	亻  而
儡	亻 田 田 田
儦	亻 广 5 2 2 1 1 6 匕 灬
儳	亻 ⺈ 口 1 6 匕 ⺈ 口 儿 ㇏
儴	亻 亠 口 口 1 艹 1 3 6 ㇒ ㇏
儿	儿
兀	1 儿
允	厶 儿
元	二 儿
兄	兄
充	亠 厶 儿
兆	3 冫 6 ㇒ 4
先	 儿
光	⺌ 1 儿
克	古 儿
免	⺈ 口 儿
兑	丷 兄
兔	⺈ 口 儿 ㇏
兕	2 6 2 5 1 儿
兖	亠 八 厶 儿
党	 口 儿
兜	白 ㇒ 6 5 1 儿
兢	古 儿 古 儿
入	3 ㇏
全	𠆢 王
八	八
公	八 厶
六	亠 八
兮	八 丂
兰	丷 1 二
共	艹 1 八
关	丷 1 大
兴	㇏ 丷 1 八
兵	㇒ 2 1 2 1 八
其	 八
具	且 1 八
典	冂 艹 1 八
兹	丷 1 6 厶 6 厶
养	丷 1 夫 3 2
兼	丷 1 5 1 艹 八
兽	丷 田 1 口
冀	 匕 田 艹 1 八
冁	丷 日 十 尸 艹 1 戈
内	冂 人
冈	冂 乂
冉	冂 
册	册
再	1 冂 
冏	冂 八 口
冒	冂 二 目
冔	冂 二 口 于
冕	冂 二 ⺈ 口 儿
冗	冖 几
写	冖 与
军	冖 车
农	冖 3 6 ㇒ ㇏
冠	冖 二 儿 寸
冢	冖 1 ㇒ 5 ㇒ ㇒ ㇏ ㇒ ㇏
冤	冖 ⺈ 口 儿 ㇏
冥	冖 日 亠 八
冬	夂 4 4
冮	冫 工
冯	冫 马
冰	冫 水
冱	冫 1 6 5 1
冲	冫 口 2
决	冫 5 大
况	冫 兄
冶	冫 厶 口
冷	冫 𠆢 ㇏ 龴
冻	冫 1 6 小
冼	冫  儿
冽	冫 歹 刂
净	冫 ⺈ 5 二 2
凄	冫 1 5 二 2 女
准	冫 亻 亠 龶
凇	冫 木 八 厶
凉	冫 亠 口 小
凋	冫  土 口
凌	冫 土 八 夂
减	冫 厂 1 口 戈
凑	冫 三 人 1 大
凓	冫 覀 木
凘	冫  八 斤
凛	冫 亠 囗 口 二 小
凝	冫 匕 𠂉 大 龴 5 龰
几	几
凡	几 ㇏
凤	 又
凫	 几
凭	亻 千 1 几
凯	山 己 几
凰	 白 王
凳	5 ㇏ 3 3 ㇏ 1 口 丷 1 几
凶	乂 凵
凸	2 1 2 5 1
凹	2 6 2 5 1
出	出
击	二 山
凼	水 凵
函	了 冫 ㇒ 4 6 2
凿	2 ⺌ 1 丷 干 凵
刀	刀
刁	5 1
刃	刀 ㇏
分	八 刀
切	七 刀
刈	乂 刂
刊	干 刂
刍	⺈ 彐
刎	勿 刂
刑	1 𠂇 2 刂
划	戈 刂
刖	月 刂
列	歹 刂
刘	文 刂
则	贝 刂
刚	冂 乂 刂
创	𠆢 ⺋ 刂
初	衤 刀
删	册 刂
判	丷 二 3 刂
刨	勹 巳 刂
利	禾 刂
别	口 力 刂
刬	二 戈 刂
刭	5 ㇏ 工 刂
刮	千 口 刂
到	至 刂
刳	大 二 5 刂
制	3 二 巾 刂
刷	尸 巾 刂
券	丷 夫 刀
刹	乂 1 小 刂
刺	1 巾 𠆢 刂
刻	亠 6 3 人 刂
刽	𠆢 二 厶 刂
刿	山 夕 刂
剀	山 己 刂
剁	几 木 刂
剂	文 3 2 刂
剃	弟 刂
剅	1 口 丷 1 刂
削	⺌  刂
剋	古 儿 刂
剌	束 刂
前	丷 1  刂
剐	口 冂 人 刂
剑	𠆢 1 ㇏ 丷 1 刂
剔	日 勿 刂
剕	 1 2 三 刂
剖	立 口 刂
剜	宀 夕 ⺋ 刂
剞	大 可 刂
剟	又 又 又 又 刂
剡	火 火 刂
剥	 2 冫 ㇒ 4 刂
剧	尸 古 刂
剩	千  匕 𠆢 刂
剪	丷 1  刂 刀
副	1 口 田 刂
割	宀 丰 口 刂
剽	覀 二 小 刂
剿	巛 日 木 刂
劁	亻 亠 龶 灬 刂
劂	厂 丷 1 6 2 3 ⺈ 人 刂
劄	⺮ 𠆢 1 口 刂
劈	尸 口 辛 刀
劐	艹 亻 亠 龶 又 刂
劓	自 田 1 3 2 刂
力	力
劝	又 力
办	力 ㇏ ㇏
功	工 力
加	力 口
务	夂 力
劢	1 5 3 力
劣	2 八 3 力
动	二 厶 力
助	且 力
努	女 又 力
劫	土 厶 力
劬	句 力
劭	刀 口 力
励	厉 力
劲	5 ㇏ 工 力
劳	艹 冖 力
劼	士 口 力
劾	亠 6 3 人 力
势	扌 3 ㇈ ㇏ 力
勃	十 冖 子 力
勇	龴  力
勉	⺈ 口 儿 力
勋	口 贝 力
勍	亠 口 小 力
勐	子 皿 力
勒	廿 口 十 力
勔	1 3 罒 二 力
勖	冂 二 目 力
勘	 八 6 力
勚	廿 6 贝 力
募	艹 日 大 力
勠	习 习 𠆢 ㇒ ㇒ ㇒ 力
勤	廿 口 龶 力
勰	力 力 力 田 心
勺	勺
勾	勹 厶
勿	勿
匀	勹 冫
包	勹 巳
匆	勿 4
匈	勹 乂 凵
匍	勹 甫
匏	大 二 5 3 5 巳
匐	勹 1 口 田
匕	匕
化	亻 
北	 匕
匙	日 1 2 1 3 4 匕
匜	匚 也
匝	匚 巾
匠	匚 斤
匡	匚 王
匣	匚 日 2
匦	匚  3 ㇈
匪	匚  1 2 三
匮	匚 口 2 1 贝
匹	匚 儿
区	匚 乂
医	匚 𠂉 大
匼	匚 𠆢 1 口
匾	匚 户 
匿	匚 艹 𠂇 口
十	十
千	千
卅	𠂇 2 2
升	㇒ 𠂇 2
午	𠂉 十
卉	十 𠂇 2
半	丷 𰀁
华	亻  十
协	十 力 ㇏ ㇏
卑	白 3 十
卒	亠 人 人 十
卓	卜 日 十
单	丷 日 十
卖	十 5 氵 人
南	十 冂 丷 干
博	十 甫 寸
卜	卜
卞	亠 卜
卟	口 卜
占	卜 口
卡	2 二 卜
卢	卜 尸
卣	卜 囗 5 1
卤	卜 囗 乂
卦	土 土 卜
卧	匚 2 5 1 2 卜
卫	 1
卬	㇒ 6 卩
卮	㇒ 𠂉 ⺋
卯	㇒ 6 3 卩
印	㇒ 6 1 卩
危	⺈ 厂 ⺋
即	彐 6 ㇏ 卩
却	土 厶 卩
卵	㇒ 6 ㇏ 3 卩 ㇏
卷	丷 夫 ⺋
卸	𠂉 1  卩
卺	5 水 1 ⺋
卿	㇒ 6 3 彐 6 ㇏ 卩
厂	厂
厄	厂 ⺋
厅	厂 丁
历	厂 力
厉	厉
压	厂 土 ㇏
厌	厂 犬
厍	厂 车
厕	厂 贝 刂
厖	厂 𠂇 6 ㇒ ㇒ ㇒ ㇏
厘	厂 日 
厚	厂 日 子
厝	厂 艹 1 日
原	厂 白 小
厢	厂 木 目
厣	厂 犬 日 2
厥	厂 丷 1 6 2 3 ⺈ 人
厦	厂 1 自 夂
厨	厂 1 口 丷 1 寸
厩	厂 彐 6 ㇏ 1 6 儿
厮	厂  八 斤
去	土 厶
厾	6 土 厶
县	且 厶
叁	厶 大 三
参	厶 大 彡
叆	二 厶 爫 冖 𠂇 又
叇	二 厶 5 二 2 冫 ㇒ 4 辶
又	又
叉	又 ㇏
及	及
友	𠂇 又
双	又 又
反	㇒ 3 又
发	6 八 又
叔	2 二 小 又
叕	又 又 又 又
取	耳 又
受	爫 冖 又
变	亠 2 2 八 又
叙	𠆢 于 八 又
叚	5 1 2 二 5 1 又
叛	丷 二 3 ㇒ 3 又
叟	臼 2 又
叠	又 又 又 冖 且
口	口
古	古
句	句
另	口 力
叨	口 刀
叩	口 卩
只	口 八
叫	口 6 2
召	刀 口
叭	口 八
叮	口 丁
可	可
台	厶 口
叱	口 
史	口 乂
右	𠂇 口
叵	匚 口
叶	口 十
号	口 丂
司	5 1 口
叹	口 又
叻	口 力
叼	口 5 1
叽	口 几
吁	口 于
吃	口 𠂉 ㇈
各	各
吆	口 6 厶
合	𠆢 1 口
吉	士 口
吊	口 巾
同	冂 1 口
名	夕 口
后	㇒ 𠂉 口
吏	1 口 乂
吐	口 土
向	3 冂 口
吒	口 ㇒ 七
吓	口 1 卜
吕	口 口
吖	口 丷 2
吗	口 马
君	5 二 3 口
吝	文 口
吞	1 大 口
吟	口 𠆢 ㇏ 5
吠	口 犬
吡	口 比
吣	口 心
否	不 口
吧	口 巴
吨	口 1 6 2 6
吩	口 八 刀
含	𠆢 ㇏ 5 口
听	口 斤
吭	口 亠 几
吮	口 厶 儿
启	户 口
吱	口 十 又
吲	口 5 1 5 2
吴	口 1 大
吵	口 2 八 3
吸	口 及
吹	口 ⺈ 人
吻	口 勿
吼	口 子 6
吽	口 牛
吾	五 口
呀	口 1 6 2 3
呃	口 厂 ⺋
呆	口 木
呇	水 口
呈	口 王
告	 口
呋	口 夫
呐	口 冂 人
呒	口 二 儿
呓	口 艹 ㇈
呔	口 大 ㇏
呕	口 匚 乂
呖	口 厂 力
呗	口 贝
员	口 贝
呙	口 冂 人
呛	口 𠆢 ⺋
呜	口 乌
呢	口 尸 匕
呣	口 母
呤	口 𠆢 ㇏ 龴
呦	口 6 厶 力
周	 土 口
呱	口 ㇒ 3 6 ㇏ ㇏
呲	口  匕
味	口 未
呵	口 可
呶	口 女 又
呷	口 日 2
呸	口 1 亻 4 1
呻	口 日 2
呼	口 ㇒ 丷 1 2
命	𠆢 1 口 卩
咀	口 且
咂	口 匚 巾
咄	口 出
咆	口 3 5 巳
咇	口 ㇏ 6 ㇏ 八
咉	口 2 5 大
咋	口 𠂉 2 二
和	禾 口
咍	口 厶 口
咎	夂 2 4 口
咏	口 ㇏ 5 5 ㇒ ㇏
咐	口 付
咒	口 口 几
咔	口 2 二 卜
咕	口 古
咖	口 力 口
咙	口 𠂇  ㇏
咚	口 夂 4 4
咛	口 宀 丁
咝	口 纟 纟
咡	口 耳
咣	口 ⺌ 1 儿
咤	口 宀 ㇒ 七
咥	口 至
咦	口 1 5 1 5 人
咧	口 歹 刂
咨	冫 ⺈ 人 口
咩	口 羊
咪	口 米
咫	尸 ㇏ 口 八
咬	口 亠 八 乂
咯	口 各
咱	口 自
咳	口 亠 6 3 人
咴	口 𠂇 火
咸	厂 1 口 戈
咺	口 1 日 1
咻	口 亻 木
咽	口 囗 大
咿	口 亻 5 二 3
哀	亠 口 3 6 ㇒ ㇏
品	口 口 口
哂	口 西
哃	口 冂 1 口
哄	口 艹 1 八
哆	口 夕 夕
哇	口 土 土
哈	口 𠆢 1 口
哉	十 戈 口
哌	口 ㇒ 3 ㇒ 戈
响	口 3 冂 口
哎	口 艹 乂
哏	口 彐 6 ㇒ ㇏
哐	口 匚 王
哑	口 1 2 ⺌ 1
哒	口 大 辶
哓	口 1 6 ㇒ 1 儿
哔	口 1 6 匕 十
哕	口 山 夕
哗	口 亻  十
哙	口 𠆢 二 厶
哚	口 几 木
哝	口 冖 3 6 ㇒ ㇏
哞	口 厶 牛
哟	口 纟 勺
哢	口 王 𠂇 2
哥	可 可
哦	口 ㇒ 扌 戈
哧	口 土 3 小
哨	口 ⺌ 
哩	口 日 
哪	口 5 二 3 阝
哭	口 口 犬
哮	口 十 𠂇 子
哱	口 十 冖 子
哲	扌 斤 口
哳	口 扌 斤
哺	口 甫
哼	口 亠 口 5 2
哽	口 1 日 乂
哿	力 口 可
唁	口 言
唆	口 厶 八 夂
唇	厂 二 戈 口
唉	口 厶 𠂉 大
唏	口 乂 𠂇 巾
唐	广 5 𰀁 口
唑	口 人 人 土
唔	口 五 口
唛	口 龶 夂
唝	口 工 贝
唠	口 艹 冖 力
唢	口 ⺌ 贝
唣	口 白 七
唤	口 ⺈ 2 5 大
唧	口 彐 6 ㇏ 卩
唪	口 三 人 𰀁
唬	口 2 1 5 3 七 几
售	亻 亠 龶 口
唯	口 亻 亠 龶
唰	口 尸 巾 刂
唱	口 日 日
唳	口 户 犬
唵	口 大 电
唷	口 亠 厶 
唼	口 立 女
唾	口 千 艹 二
唿	口 勿 心
啁	口  土 口
啃	口  
啄	口 1 ㇒ 5 ㇒ ㇒ ㇏ ㇒ ㇏
商	亠 丷 冂 八 口
啉	口 木 木
啊	口 阝 可
啐	口 亠 人 人 十
啕	口 3 5 𠂉 1 山
啖	口 火 火
啜	口 又 又 又 又
啡	口  1 2 三
啤	口 白 3 十
啥	口 𠆢 干 口
啦	口 扌 立
啧	口 龶 贝
啪	口 扌 白
啫	口 十 𠂇 日
啬	十 丷 1 囗 口
啭	口  专
啮	口  人 凵
啰	口 罒 夕
啴	口 丷 日 十
啵	口 氵 5 3 2 又
啶	口 宀 1 龰
啷	口 ㇏ 彐 6 ㇏ 阝
啸	口 5 𰀁 3 2 八
啻	亠 丷 冖 巾 口
啼	口 亠 丷 冖 巾
啾	口 千 𠆢 火
喀	口 宀 各
喁	口 日 
喂	口 田 1 戈
喃	口 十 冂 丷 干
善	羊 丷 1 口
喆	士 口 士 口
喇	口 束 刂
喈	口 1 6 匕 白
喉	口 亻 5 1 𠂉 大
喊	口 厂 1 口 戈
喋	口 廿 6 木
喏	口 艹 𠂇 口
喑	口 立 日
喔	口 尸 至
喘	口 山 而
喙	口 6 5 豕
喜	士 口 丷 1 口
喝	口 日 3 5 人 6
喟	口 田 
喤	口 白 王
喧	口 宀 1 日 1
喱	口 厂 日 
喳	口 木 日 1
喵	口 艹 田
喷	口 十 艹 贝
喹	口 大 土 土
喻	口 𠆢 1  刂
喽	口 米 女
喾	  口
嗄	口 1 自 夂
嗅	口 自 犬
嗉	口 龶 糸
嗌	口 丷 1 八 皿
嗍	口 丷 1 6 2 3 月
嗐	口 宀 丰 口
嗑	口 土 厶 皿
嗒	口 艹 𠆢 1 口
嗓	口 又 又 又 木
嗔	口 真
嗖	口 臼 2 又
嗜	口 十 𠂇 匕 日
嗝	口 1 口 冂 丷 1 2
嗞	口 丷 1 6 厶 6 厶
嗟	口 丷 三 3 工
嗡	口 八 厶 习 习
嗣	口  5 1 口
嗤	口 6 2 2 1 虫
嗥	口 白 大 十
嗦	口 十 冖 糸
嗨	口 氵 𠂉 母
嗪	口 三 人 千 𠆢
嗫	口 耳 又 又
嗬	口 艹 亻 可
嗯	口 囗 大 心
嗲	口 八 乂 夕 夕
嗳	口 爫 冖 𠂇 又
嗵	口 龴  辶
嗷	口 龶 5 3 攵
嗽	口 束 ⺈ 人
嗾	口 方 𠂉 𠂉 大
嘀	口 亠 丷 冂 古
嘁	口 厂 2 二 小 戈
嘈	口 1 囗 艹 日
嘉	士 口 丷 1 力 口
嘌	口 覀 二 小
嘎	口 1 自 戈
嘏	古 5 1 2 二 5 1 又
嘘	口 2 1 5 3 七 2 ⺌ 1
嘚	口 彳 日 1 寸
嘛	口 麻
嘞	口 廿 口 十 力
嘟	口 十 𠂇 日 阝
嘡	口  口 土
嘣	口 山 月 月
嘤	口 贝 贝 女
嘧	口 宀 ㇏ 6 ㇏ 八 山
嘬	口 日 耳 又
嘭	口 士 口 丷 1 彡
嘱	口 尸 ㇒ 口 
嘲	口 十 日 十 月
嘴	口  匕 ⺈ 用
嘶	口  八 斤
嘹	口 大 丷 日 小
嘻	口 士 口 丷 1 口
嘿	口 黑
噀	口 巳 巳 艹 1 八
噂	口 丷 西 1 寸
噇	口 立 日 
噌	口 丷 囗 ⺌ 日
噍	口 亻 亠 龶 灬
噎	口 士 冖 1 口 丷 1
噔	口 5 ㇏ 3 3 ㇏ 1 口 丷 1
噗	口 2 ⺌ 1 丷 1 夫
噘	口 厂 丷 1 6 2 3 ⺈ 人
噙	口 𠆢 亠 乂 6 2 冂 厶
噜	口 鱼 日
噢	口 3 冂 米 大
噤	口 木 木 二 小
器	口 口 犬 口 口
噩	1  口 口 口 口
噪	口 口 口 口 木
噫	口 立 日 心
噬	口 𠂉 ㇏ 𠂉 ㇏ 工 人 人
噱	口 2 1 5 3 七 豕
噶	口 艹 日 3 5 人 6
噻	口 宀 1 艹 1 八 土
噼	口 尸 口 辛
嚄	口 艹 亻 亠 龶 又
嚅	口  而
嚆	口 艹 高
嚎	口 亠 口 冖 豕
嚏	口 十 冖 田 5 龰
嚓	口 宀 夕 4 5 ㇏ 二 小
嚚	口 口 匚 2 5 1 2 口 口
嚣	口 口 1 3 贝 口 口
嚭	士 口 丷 1 口 1 亻 4 口
嚯	口  亻 亠 龶
嚷	口 亠 口 口 1 艹 1 3 6 ㇒ ㇏
嚼	口 爫 罒 彐 6 ㇏ 寸
囊	1 口 2 冖 口 口 1 艹 1 3 6 ㇒ ㇏
囔	口 1 口 2 冖 口 口 1 艹 1 3 6 ㇒ ㇏
囚	囗 人
四	囗 儿
回	囗 口
囟	3 囗 乂
因	囗 大
囡	囗 女
团	囗 1 2 3
囤	囗 1 6 2 6
囫	囗 勿
园	囗 二 儿
困	囗 木
囱	3 囗 夂
围	囗 韦
囵	囗 𠆢 匕
囷	囗 千 𠆢
囹	囗 𠆢 ㇏ 龴
固	固
国	囗 玉
图	囗 夂 4 4
囿	囗 𠂇 
圃	囗 甫
圄	囗 五 口
圆	囗 口 贝
圈	囗 丷 夫 ⺋
圉	囗 土 丷 干
圊	囗 龶 
圌	囗 山 而
圐	囗 罒 方
圙	囗 八 1 3 罒 二
圜	囗 罒 1 口 3 6 ㇒ ㇏
土	土
圢	土 丁
圣	又 土
在	𠂇 2 土
圩	土 于
圪	土 𠂉 ㇈
圫	土 ㇒ 七
圬	土 二 5
圭	土 土
圮	土 己
圯	土 巳
地	土 也
圲	土 千
圳	土 3 2 2
圹	土 广
场	土 𠃓
圻	土 斤
圾	土 及
址	土 
坂	土 ㇒ 3 又
均	土 3 5 冫
坉	土 1 6 2 6
坊	土 方
坋	土 八 刀
坌	八 刀 土
坍	土  亠
坎	土 ⺈ 人
坏	土 不
坐	人 人 土
坑	土 亠 几
坒	比 土
块	土 5 大
坚	2 2 又 土
坛	土 二 厶
坜	土 厂 力
坝	土 贝
坞	土 乌
坟	土 文
坠	阝 人 土
坡	土 5 3 2 又
坤	土 日 2
坥	土 且
坦	土 日 1
坨	土 宀 匕
坩	土 甘
坪	土 1 丷 十
坫	土 2 1 口
坬	土 ㇒ 3 6 ㇏ ㇏
坭	土 尸 匕
坯	土 1 亻 4 1
坰	土 冂 口
坳	土 6 厶 力
坷	土 可
坻	土 氏 ㇏
坼	土 斤 ㇏
坽	土 𠆢 ㇏ 龴
垂	千 艹 二
垃	土 立
垄	𠂇  ㇏ 土
垆	土 2 1 尸
垈	亻 弋 土
型	1 𠂇 2 刂 土
垌	土 冂 1 口
垍	土 自
垎	土 各
垏	土 5 三 十
垒	厶 厶 厶 土
垓	土 亠 6 3 人
垕	㇒ 𠂉 口 土
垙	土 ⺌ 1 儿
垚	土 土 土
垛	土 几 木
垞	土 宀 ㇒ 七
垟	土 羊
垠	土 彐 6 ㇒ ㇏
垡	亻 戈 土
垢	土 ㇒ 𠂉 口
垣	土 1 日 1
垤	土 至
垦	彐 6 ㇒ ㇏ 土
垧	土 3 冂 口
垩	1 2 ⺌ 1 土
垫	扌 3 ㇈ ㇏ 土
垭	土 1 2 ⺌ 1
垮	土 大 二 5
垯	土 大 辶
垱	土 ⺌ 彐
垲	土 山 己
垴	土 亠 乂 凵
垵	土 宀 女
垸	土 宀 二 儿
垺	土 爫 子
垾	土 日 干
垿	土 广 予
埂	土 1 日 乂
埃	土 厶 𠂉 大
埆	土 ⺈ 用
埇	土 龴 
埋	土 日 
埌	土 ㇏ 彐 6 ㇒ ㇏
城	土 成
埏	土 ㇒ 2 1 6 廴
埒	土 爫 寸
埔	土 甫
埕	土 口 王
埗	土  2 3 3
埘	土 日 寸
埙	土 口 贝
埚	土 口 冂 人
埝	土 𠆢 ㇏ 5 心
域	土 戈 口 1
埠	土 3  十
埤	土 白 3 十
埪	土 宀 八 工
埫	土 尚
埭	土 5 二 氺
埯	土 大 电
埴	土 直
埵	土 千 艹 二
埸	土 日 勿
培	土 立 口
基	 八 土
埼	土 大 可
埽	土 彐 冖 巾
堂	 口 土
堃	方 方 土
堆	土 亻 亠 龶
堇	廿 口 龶
堉	土 亠 厶 
堋	土 月 月
堌	土 固
堍	土 ⺈ 口 儿 ㇏
堎	土 土 八 夂
堐	土 厂 土 土
堑	 斤 土
堕	阝 𠂇  土
堙	土 覀 土
堞	土 廿 6 木
堠	土 亻 5 1 𠂉 大
堡	亻 口 木 土
堤	土 日 1 龰
堧	土 而 大
堨	土 日 3 5 人 6
堪	土  八 6
堰	土 匚 日 女
堲	彐 6 ㇏ 卩 土
堵	土 十 𠂇 日
堼	土 土 寸 土
堽	土 罒 1 
堾	土 三 人 日
塄	土 罒 方
塅	土 ㇒ 2 三 殳
塆	土 亠 2 2 八 5 丂
塌	土 日 习 习
塍	月 丷 夫 土
塑	丷 1 6 2 3 月 土
塔	土 艹 𠆢 1 口
塘	土 广 5 𰀁 口
塝	土 亠 丷 冖 方
塞	宀 1 艹 1 八 土
塥	土 1 口 冂 丷 1 2
填	土 真
塬	土 厂 白 小
塱	㇏ 彐 6 ㇏ 月 土
塾	亠 口 子 3 ㇈ ㇏ 土
墀	土 尸 2 冫 ㇒ 4 牛
墁	土 日 罒 又
境	土 立 日 儿
墅	日  予 土
墈	土  八 6 力
墉	土 广 5 二  2
墐	土 廿 口 龶
墒	土 亠 丷 冂 八 口
墓	艹 日 大 土
墕	土 1  1 5 灬
墘	土 十 日 十 𠂉 ㇈
墙	土 十 丷 1 囗 口
墚	土 氵 刀 ㇏ ㇏ 木
增	土 丷 囗 ⺌ 日
墟	土 2 1 5 3 七 2 ⺌ 1
墡	土 羊 丷 1 口
墣	土 2 ⺌ 1 丷 1 夫
墦	土 ㇒ 米 田
墨	黑 土
墩	土 亠 口 子 攵
墼	1 日 1 山 殳 土
壁	尸 口 辛 土
壅	亠 6 6 3 亻 亠 龶 土
壑	卜 冖 1 谷 又 土
壕	土 亠 口 冖 豕
壤	土 亠 口 口 1 艹 1 3 6 ㇒ ㇏
士	士
壬	千 1
壮	丬 士
声	士 尸 2
壳	士 冖 几
壶	士 冖 2 ⺌ 1
壸	士 冖 1 2 ⺌ 1
壹	士 冖 1 口 丷 1
处	夂 卜
备	夂 田
复	𠂉 日 夂
夏	1 自 夂
夐	⺈ 2 5 𠆢 目 夂
夔	丷 1 自  巳 八 夂
夕	夕
外	夕 卜
夙	 歹
多	夕 夕
夜	亠 亻 夕 ㇏
够	句 夕 夕
夤	夕 宀 1 日 2 八
夥	日 木 夕 夕
大	大
天	1 大
太	大 ㇏
夫	夫
夬	5 大
夭	㇒ 大
央	冂 大
夯	大 力
失	3 夫
头	氵 人
夷	与 5 人
夸	大 二 5
夹	1 丷 大
夺	大 寸
夼	大 3 2 2
奁	大 匚 乂
奂	⺈ 2 5 大
奄	大 电
奇	大 可
奈	大 二 小
奉	三 人 𰀁
奋	大 田
奎	大 土 土
奏	三 人 1 大
契	丰 刀 大
奓	大 夕 夕
奔	大 十 𠂇 2
奕	亠 3 小 大
奖	丬 夕 大
套	大 1 2 三 厶
奘	6 2 1 3 士 大
奚	爫 6 厶 大
奠	丷 西 1 大
奡	1 自 大 3 2
奢	大 十 𠂇 日
奥	3 冂 米 大
奭	𠂇 1 白 1 白 ㇏
女	女
奴	女 又
奶	女 5 3
奸	女 干
她	女 也
好	女 子
妁	女 勺
如	女 口
妃	女 己
妄	亠 6 女
妆	丬 女
妇	女 彐
妈	女 马
妊	女 千 1
妍	女 1 𠂇 2
妒	女 户
妓	女 十 又
妖	女 ㇒ 大
妗	女 𠆢 ㇏ 5
妘	女 二 厶
妙	女 2 八 3
妞	女 5 
妣	女 比
妤	女 予
妥	爫 女
妧	女 二 儿
妨	女 方
妩	女 二 儿
妪	女 匚 乂
妫	女 为
妭	女 𠂇 又 ㇏
妮	女 尸 匕
妯	女 日 2
妲	女 日 1
妹	女 未
妻	1 5 二 2 女
妾	立 女
姆	女 母
姈	女 𠆢 ㇏ 龴
姊	女 ㇒ 5 2 3
始	女 厶 口
姐	女 且
姑	女 古
姒	女 6 ㇏ 人
姓	女 3 龶
委	禾 女
姗	女 册
姘	女 丷 1 𠂇 2
姚	女 3 冫 6 ㇒ 4
姜	丷 王 女
姝	女 牛 𠆢
姞	女 士 口
姣	女 亠 八 乂
姤	女 ㇒ 𠂉 口
姥	女 十 𠂇 匕
姨	女 1 5 1 5 人
姬	女 匚 2 口 2
姮	女 1 日 1
姱	女 大 二 5
姶	女 𠆢 1 口
姹	女 宀 ㇒ 七
姻	女 囗 大
姽	女 ⺈ 厂 ⺋
姿	冫 ⺈ 人 女
娀	女 戈 𠂇
威	厂 1 女 戈
娃	女 土 土
娄	米 女
娅	女 1 2 ⺌ 1
娆	女 1 6 ㇒ 1 儿
娇	女 ㇒ 大 3 2
娈	亠 2 2 八 女
娉	女 日 2 丂
娌	女 日 
娑	氵 2 八 3 女
娓	女 尸 毛
娘	女 ㇏ 彐 6 ㇒ ㇏
娜	女 5 二 3 阝
娟	女 口 
娠	女 厂 二 6 ㇒ ㇏
娣	女 弟
娥	女 ㇒ 扌 戈
娩	女 ⺈ 口 儿
娱	女 口 1 大
娲	女 口 冂 人
娴	女 门 木
娵	女 耳 又
娶	耳 又 女
娼	女 日 日
婀	女 阝 可
婆	氵 5 3 2 又 女
婉	女 宀 夕 ⺋
婊	女 龶 3 6 ㇒ ㇏
婌	女 2 二 小 又
婍	女 大 可
婕	女 1 5 𰀁 1 3 4
婘	女 丷 夫 ⺋
婚	女 氏 日
婞	女 土 丷 干
婠	女 宀 
婢	女 白 3 十
婤	女  土 口
婧	女 龶 
婪	木 木 女
婫	女 日 比
婳	女 1 田 凵
婴	贝 贝 女
婵	女 丷 日 十
婶	女 宀 日 2
婷	女 亠 口 冖 丁
婺	予 3 攵 女
婻	女 十 冂 丷 干
婼	女 艹 𠂇 口
婿	女 5 2 1 3 4 
媂	女 亠 丷 冖 巾
媄	女 丷 王 大
媆	女 而 大
媒	女 甘 木
媓	女 白 王
媖	女 艹 2 5 大
媚	女 尸 2 目
媛	女 爫 1 𠂇 又
媞	女 日 1 龰
媪	女 日 皿
媭	㇒ ㇒ ㇒ 1 3 贝 女
媱	女 爫 𠂉 1 山
媲	女 3 囗 乂 比
媳	女 自 心
媵	月 丷 夫 女
媸	女 6 2 2 1 虫
媾	女 1 艹 1 冂 
嫁	女 宀 豕
嫂	女 臼 2 又
嫄	女 厂 白 小
嫉	女 疒 𠂉 大
嫌	女 丷 1 5 1 艹 八
嫒	女 爫 冖 𠂇 又
嫔	女 宀 ㇒ 2 1 2 1 八
嫕	女 匚 𠂉 大 心
嫖	女 覀 二 小
嫘	女 田 糸
嫚	女 日 罒 又
嫜	女 立 日 十
嫠	未 攵 厂 女
嫡	女 亠 丷 冂 古
嫣	女 1  1 5 灬
嫦	女  口 巾
嫩	女 束 攵
嫪	女 习 习 𠆢 彡
嫫	女 艹 日 大
嫭	女 2 1 5 3 七 ㇒ 丷 1 2
嫱	女 十 丷 1 囗 口
嫽	女 大 丷 日 小
嬉	女 士 口 丷 1 口
嬖	尸 口 辛 女
嬗	女 亠 囗 口 日 1
嬛	女 罒 1 口 3 6 ㇒ ㇏
嬥	女 习 习 亻 亠 龶
嬬	女  而
嬴	亠 6 口 月 女 几 ㇏
嬷	女 麻 3 厶
嬿	女 廿 口  匕 灬
孀	女  木 目
孅	女 人 人 戈  1 2 三 1
子	子
孑	子
孓	5 卜
孔	子 6
孕	5 3 子
孖	子 子
字	宀 子
存	𠂇 2 子
孙	子 小
孚	爫 子
孛	十 冖 子
孜	子 攵
孝	耂 子
孟	子 皿
孢	子 3 5 巳
季	禾 子
孤	子 ㇒ 3 6 ㇏ ㇏
孥	女 又 子
学	 子
孩	子 亠 6 3 人
孪	亠 2 2 八 子
孬	不 女 子
孰	亠 口 子 3 ㇈ ㇏
孱	尸 子 子 子
孳	丷 1 6 厶 6 厶 子
孵	㇒ 6 ㇏ 3 卩 ㇏ 爫 子
孺	子  而
孽	艹 3  辛 子
宁	宀 丁
它	宀 匕
宄	宀 3 ㇈
宅	宀 ㇒ 七
宇	宀 于
守	宀 寸
安	宀 女
宋	宀 木
完	宀 二 儿
宏	宀 𠂇 厶
宓	宀 ㇏ 6 ㇏ 八
宕	宀 石
宗	宀 二 小
官	宀 
宙	宀 日 2
定	宀 1 龰
宛	宀 夕 ⺋
宜	宀 且
宝	宀 玉
实	宀 氵 人
宠	宀 𠂇  ㇏
审	宀 日 2
客	宀 各
宣	宀 1 日 1
室	宀 至
宥	宀 𠂇 
宦	宀 匚 2 5 1 2
宧	宀 匚 2 口 2
宪	宀  儿
宫	宀 口 口
宬	宀 成
宰	宀 辛
害	宀 丰 口
宴	宀 日 女
宵	宀 ⺌ 
家	宀 豕
宸	宀 厂 二 6 ㇒ ㇏
容	宀 谷
宽	宀 艹 见
宾	宀 ㇒ 2 1 2 1 八
宿	宀 亻 1 白
寁	宀 1 5 𰀁 1 3 4
寂	宀 2 二 小 又
寄	宀 大 可
寅	宀 1 日 2 八
密	宀 ㇏ 6 ㇏ 八 山
寇	宀 二 儿 2 1 又
富	宀 1 口 田
寐	宀 6 2 1 3 未
寒	宀 1 艹 1 八 4 4
寓	宀 日 
寝	宀 丬 彐 冖 又
寞	宀 艹 日 大
察	宀 夕 4 5 ㇏ 二 小
寡	宀 1 3 且 八 刀
寤	宀 6 2 1 3 五 口
寥	宀 习 习 𠆢 彡
寨	宀 1 艹 1 八 1 小
寮	宀 大 丷 日 小
寰	宀 罒 1 口 3 6 ㇒ ㇏
寸	寸
对	又 寸
寺	土 寸
寻	彐 寸
导	巳 寸
寿	三 3 寸
封	土 土 寸
射	3  1 ㇒ 寸
将	丬 夕 寸
尉	尸 二 小 寸
尊	丷 西 1 寸
小	小
少	2 八 3
尔	⺈ 小
尕	5 3 小
尖	小 大
尘	小 土
尚	尚
尜	小 大 小
尝	 二 厶
尢	𠂇 6
尤	尤
尥	𠂇 6 勺
尧	1 6 ㇒ 1 儿
尨	𠂇 6 ㇒ ㇒ ㇒ ㇏
尪	𠂇 6 王
尬	𠂇 6 介
就	亠 口 小 尤
尴	𠂇 6 2 2 𠂉 ㇏ 皿
尸	尸
尹	5 二 3
尺	尸 ㇏
尻	尸 3 ㇈
尼	尸 匕
尽	尸 ㇏ 4 4
尾	尸 毛
尿	尸 水
局	尸 5 口
屁	尸 比
层	尸 二 厶
屃	尸 贝
居	尸 古
屈	尸 出
屉	尸 廿 6
届	尸 日 2
屋	尸 至
屎	尸 米
屏	尸 丷 1 𠂇 2
屐	尸 彳 十 又
屑	尸 ⺌ 
展	尸 艹 1 戈
屙	尸 阝 可
属	尸 ㇒ 口 
屠	尸 十 𠂇 日
屡	尸 米 女
屣	尸 彳  龰
履	尸 彳 𠂉 日 夂
屦	尸 彳 米 女
屯	1 6 2 6
山	山
屹	山 𠂉 ㇈
屺	山 己
屼	山 1 儿
屾	山 山
屿	山 与
岁	山 夕
岂	山 己
岈	山 1 6 2 3
岊	巴 山
岌	山 及
岍	山 1 𠂇 2
岐	山 十 又
岑	山 𠆢 ㇏ 5
岔	八 刀 山
岖	山 匚 乂
岗	山 冂 乂
岘	山 见
岙	㇒ 大 山
岚	山  乂
岛	 山
岜	山 巴
岞	山 𠂉 2 二
岠	山 匚 5 1
岢	山 可
岣	山 句
岨	山 且
岩	山 石
岫	山 日 2
岬	山 日 2
岭	山 𠆢 ㇏ 龴
岱	亻 弋 山
岳	㇒ 2 工 山
岵	山 古
岷	山 民
岸	山 厂 干
岽	山 1 6 小
岿	山 2 3 彐
峁	山 ㇒ 6 3 卩
峂	山 夂 4 4
峃	 山
峄	山 又 𰀁
峋	山 3 5 日
峒	山 冂 1 口
峗	山 ⺈ 厂 ⺋
峘	山 1 日 1
峙	山 土 寸
峛	山 歹 刂
峡	山 1 丷 大
峣	山 1 6 ㇒ 1 儿
峤	山 ㇒ 大 3 2
峥	山 ⺈ 5 二 2
峦	亠 2 2 八 山
峧	山 亠 八 乂
峨	山 ㇒ 扌 戈
峪	山 谷
峭	山 ⺌ 
峰	山 夂 丰
峱	犭 5  山
峻	山 厶 八 夂
峿	山 五 口
崀	山 ㇏ 彐 6 ㇒ ㇏
崁	山 土 ⺈ 人
崂	山 艹 冖 力
崃	山 1 米
崄	山 𠆢 1 ㇏ 丷 1
崆	山 宀 八 工
崇	山 宀 二 小
崌	山 尸 古
崎	山 大 可
崒	山 亠 人 人 十
崔	山 亻 亠 龶
崖	山 厂 土 土
崚	山 土 八 夂
崛	山 尸 出
崞	山 亠 口 子
崟	山 𠆢 干 丷 1
崡	山 5 2 冫 ㇒ 4 6 2
崤	山 乂 𠂇 
崦	山 大 电
崧	山 木 八 厶
崩	山 月 月
崭	山  斤
崮	山 固
崴	山 厂 1 女 戈
崶	山 土 土 寸
崽	山 田 心
崾	山 覀 女
崿	山 口 口 二 5
嵁	山  八 6
嵅	山 厂 1 口 戈
嵇	禾 尤 山
嵊	山 千  匕 𠆢
嵋	山 尸 2 目
嵌	山 甘 ⺈ 人
嵎	山 日 
嵖	山 木 日 1
嵘	山 艹 冖 木
嵚	山 钅 ⺈ 人
嵛	山 𠆢 1  刂
嵝	山 米 女
嵩	山 高
嵫	山 丷 1 6 厶 6 厶
嵬	山 鬼
嵯	山 丷 三 3 工
嵲	山 自 木
嵴	山 冫 ㇒ 4 人 
嶂	山 立 日 十
嶅	龶 5 3 攵 山
嶍	山 习 习 白
嶒	山 丷 囗 ⺌ 日
嶓	山 ㇒ 米 田
嶙	山 米 夕 1 6 2
嶝	山 5 ㇏ 3 3 ㇏ 1 口 丷 1
嶟	山 丷 西 1 寸
嶦	山 ⺈ 厂 八 言
嶲	山 亻 亠 龶 2 6 冂
嶷	山 匕 𠂉 大 龴 5 龰
巅	山 真 1 3 贝
巇	山 2 1 5 3 七 1 口 丷 1 戈
巉	山 ⺈ 口 1 6 匕 ⺈ 口 儿 ㇏
巍	山 千 𠆢 女 鬼
川	3 2 2
州	㇏ 八 2 ㇏ 2
巡	巛 辶
巢	巛 日 木
工	工
左	𠂇 工
巧	工 丂
巨	匚 5 1
巩	工 几 ㇏
巫	工 人 人
差	丷 三 3 工
巯	5 ㇏ 工 亠 厶 
己	己
已	已
巳	巳
巴	巴
巷	艹 1 八 巳
巽	巳 巳 艹 1 八
巾	巾
币	㇒ 巾
市	亠 巾
布	𠂇 巾
帅	2 3 巾
帆	巾 几 ㇏
师	2 3 1 巾
希	乂 𠂇 巾
帏	巾 韦
帐	巾 长
帑	女 又 巾
帔	巾 5 3 2 又
帕	巾 白
帖	巾 2 1 口
帘	宀 八 巾
帙	巾 3 夫
帚	彐 冖 巾
帛	白 巾
帜	巾 口 八
帝	亠 丷 冖 巾
帡	巾 丷 1 𠂇 2
带	 冖 巾
帧	巾 2 1 贝
帨	巾 丷 兄
席	广 廿 巾
帮	三 3 阝 巾
帱	巾 三 3 寸
帷	巾 亻 亠 龶
常	 口 巾
帻	巾 龶 贝
帼	巾 囗 玉
帽	巾 2 5 二 目
幂	冖 日 大 巾
幄	巾 尸 至
幅	巾 1 口 田
幌	巾 日 ⺌ 1 儿
幔	巾 日 罒 又
幕	艹 日 大 巾
幖	巾 覀 二 小
幛	巾 立 日 十
幞	巾 2 ⺌ 1 丷 1 夫
幡	巾 ㇒ 米 田
幢	巾 立 日 
幪	巾 艹 冖 1 豕
干	干
平	1 丷 十
年	𠂉 1 2 十
并	丷 1 𠂇 2
幸	土 丷 干
幺	6 厶
幻	6 厶 5
幼	6 厶 力
幽	山 6 厶 6 厶
广	广
庄	广 土
庆	广 大
庇	广 比
床	广 木
庋	广 十 又
序	广 予
庐	广 户
庑	广 二 儿
库	广 车
应	广 ㇏ 丷 1
底	广 氏 ㇏
庖	广 3 5 巳
店	广 2 1 口
庙	广 日 2
庚	广 5 夫
府	广 付
庞	广 𠂇  ㇏
废	广 6 八 又
庠	广 羊
庤	广 土 寸
庥	广 亻 木
度	广 廿 又
座	广 人 人 土
庭	广 千 1 廴
庱	广 土 八 夂
庳	广 白 3 十
庵	广 大 电
庶	广 廿 灬
康	广 5 二 氺
庸	广 5 二  2
庹	广 廿 尸 ㇏
庼	广 1 6 1 3 贝
庾	广 臼 人
廆	广 鬼
廉	广 丷 1 5 1 艹 八
廊	广 ㇏ 彐 6 ㇏ 阝
廋	广 臼 2 又
廑	广 廿 口 龶
廒	广 龶 5 3 攵
廓	广 亠 口 子 阝
廖	广 习 习 𠆢 彡
廙	广 田 艹 1 八
廛	广 日  八 土
廨	广 ⺈ 用 刀 牛
廪	广 亠 囗 口 二 小
延	㇒ 2 1 6 廴
廷	千 1 廴
建	5 三 十 廴
廿	廿
开	1 𠂇 2
弁	厶 𠂇 2
异	巳 𠂇 2
弃	亠 厶 𠂇 2
弄	王 𠂇 2
弆	土 厶 𠂇 2
弇	𠆢 1 口 𠂇 2
弈	亠 3 小 𠂇 2
弊	丷 巾 八 攵 𠂇 2
弋	弋
式	弋 工
弑	乂 1 小 弋 工
弓	弓
引	弓 2
弗	弓 3 2
弘	弓 厶
弛	弓 也
弟	弟
张	弓 长
弢	弓 6 2 2 又
弥	弓 ⺈ 小
弦	弓 亠 6 厶
弧	弓 ㇒ 3 6 ㇏ ㇏
弨	弓 刀 口
弩	女 又 5 丂
弭	弓 耳
弯	亠 2 2 八 5 丂
弱	弓 冫 5 1 5 冫
弶	弓 亠 口 小
弸	弓 月 月
弹	弓 丷 日 十
强	弓 口 虫
弼	弓 1 白 5 丂
彀	士 冖 1 5 1 5 殳
归	2 3 彐
当	⺌ 彐
录	 氺
彖	6 5 豕
彗	丰 丰 彐
彘	6 5 1 1 6 𠂉 大 匕
彝	6 5 1 米 糸 𠂇 2
彟	彐 寸 艹 亻 亠 龶 又
形	1 𠂇 2 彡
彤	 亠 彡
彦	立 3 彡
彧	戈 口 1 3 3
彩	爫 木 彡
彪	2 1 5 3 七 几 彡
彬	木 木 彡
彭	士 口 丷 1 彡
彰	立 日 十 彡
影	日 亠 口 小 彡
彳	彳
彷	彳 方
役	彳 殳
彻	彳 七 刀
彼	彳 5 3 2 又
往	彳 亠 土
征	彳 1 
徂	彳 且
径	彳 5 ㇏ 工
待	彳 土 寸
徇	彳 3 5 日
很	彳 彐 6 ㇒ ㇏
徉	彳 羊
徊	彳 囗 口
律	彳 5 三 十
徐	彳 𠆢 于 八
徒	彳 土 龰
徕	彳 1 米
得	彳 日 1 寸
徘	彳  1 2 三
徙	彳  龰
徛	彳 大 可
徜	彳 尚
御	彳 𠂉 1  卩
徨	彳 白 王
循	彳 ㇒ 3 十 目
徭	彳 爫 𠂉 1 山
微	彳 山 1 几 攵
徵	彳 山 1 王 攵
德	彳 十 罒 1 心
徼	彳 白 方 攵
徽	彳 山 1 糸 攵
心	心
必	㇏ 6 ㇏ 八
忆	忄 ㇈
忉	忄 刀
忌	己 心
忍	刀 ㇏ 心
忏	忄 千
忐	2 二 心
忑	1 2 4 心
忒	弋 心
忖	忄 寸
志	士 心
忘	亠 6 心
忙	忄 亠 6
忝	1 大 2 ㇏ ㇏ ㇏
忞	文 心
忠	口 2 心
忡	忄 口 2
忤	忄 𠂉 十
忧	忄 尤
忪	忄 八 厶
快	忄 5 大
忭	忄 亠 卜
忮	忄 十 又
忱	忄 冖 儿
忳	忄 1 6 2 6
念	𠆢 ㇏ 5 心
忸	忄 5 
忺	忄 ⺈ 人
忻	忄 斤
忽	勿 心
忾	忄 气
忿	八 刀 心
怀	忄 不
态	大 ㇏ 心
怂	人 人 心
怃	忄 二 儿
怄	忄 匚 乂
怅	忄 长
怆	忄 𠆢 ⺋
怊	忄 刀 口
怍	忄 𠂉 2 二
怎	𠂉 2 二 心
怏	忄 2 5 大
怒	女 又 心
怔	忄 1 
怕	忄 白
怖	忄 𠂇 巾
怙	忄 古
怛	忄 日 1
怜	忄 𠆢 ㇏ 龴
思	田 心
怠	厶 口 心
怡	忄 厶 口
急	⺈ 彐 心
怦	忄 1 丷 十
性	忄 3 龶
怨	夕 ⺋ 心
怩	忄 尸 匕
怪	忄 又 土
怫	忄 5 1 5 3 2
怯	忄 土 厶
怵	忄 木 ㇏
总	丷 口 心
怼	又 寸 心
怿	忄 又 𰀁
恁	亻 千 1 心
恂	忄 3 5 日
恃	忄 土 寸
恋	亠 2 2 八 心
恍	忄 ⺌ 1 儿
恐	工 几 ㇏ 心
恒	忄 1 日 1
恓	忄 西
恔	忄 亠 八 乂
恕	女 口 心
恙	丷 王 心
恚	土 土 心
恝	丰 刀 心
恢	忄 𠂇 火
恣	冫 ⺈ 人 心
恤	忄 3 皿
恧	而 心
恨	忄 彐 6 ㇒ ㇏
恩	囗 大 心
恪	忄 各
恫	忄 冂 1 口
恬	忄 千 口
恭	艹 1 八 2 ㇏ ㇏ ㇏
息	自 心
恰	忄 𠆢 1 口
恳	彐 6 ㇒ ㇏ 心
恶	1 2 ⺌ 1 心
恸	忄 二 厶 力
恹	忄 厂 犬
恺	忄 山 己
恻	忄 贝 刂
恼	忄 亠 乂 凵
恽	忄 冖 车
恿	龴  心
悃	忄 囗 木
悄	忄 ⺌ 
悆	𠆢 于 八 心
悈	忄 戈 𠂇 2
悉	㇒ 米 心
悌	忄 弟
悍	忄 日 干
悒	忄 口 巴
悔	忄 𠂉 母
悖	忄 十 冖 子
悚	忄 束
悛	忄 厶 八 夂
悝	忄 日 
悟	忄 五 口
悠	亻 2 攵 心
悢	忄 ㇏ 彐 6 ㇒ ㇏
患	口 口 2 心
悦	忄 丷 兄
您	亻 ⺈ 小 心
悫	士 冖 几 心
悬	且 厶 心
悭	忄 2 2 又 土
悯	忄 门 文
悰	忄 宀 二 小
悱	忄  1 2 三
悲	 1 2 三 心
悴	忄 亠 人 人 十
悸	忄 千 𠆢 子
悻	忄 土 丷 干
悼	忄 2 1 日 十
情	忄 龶 
惆	忄  土 口
惇	忄 亠 口 子
惊	忄 亠 口 小
惋	忄 宀 夕 ⺋
惎	 八 心
惑	戈 口 1 心
惔	忄 火 火
惕	忄 日 勿
惘	忄 冂 丷 1 亠 6
惙	忄 又 又 又 又
惚	忄 勿 心
惛	忄 氏 日
惜	忄 艹 1 日
惝	忄 尚
惟	忄 亻 亠 龶
惠	1 日 2 1 ㇏ 心
惦	忄 广 2 1 口
惧	忄 且 1 八
惨	忄 厶 大 彡
惩	彳 1  心
惫	夂 田 心
惬	忄 匚 1 丷 大
惭	忄  斤
惮	忄 丷 日 十
惯	忄 6 5 2 1 贝
惰	忄 𠂇 工 
想	木 目 心
惴	忄 山 而
惶	忄 白 王
惹	艹 𠂇 口 心
惺	忄 日 3 龶
愀	忄 千 𠆢 火
愁	禾 火 心
愃	忄 宀 1 日 1
愆	彳 氵 1 丁 心
愈	𠆢 1  刂 心
愉	忄 𠆢 1  刂
愍	民 攵 心
愎	忄 𠂉 日 夂
意	立 日 心
愐	忄 1 3 罒 二
愔	忄 立 日
愕	忄 口 口 二 5
愚	日  心
感	厂 1 口 戈 心
愠	忄 日 皿
愣	忄 罒 方
愤	忄 十 艹 贝
愦	忄 口 2 1 贝
愧	忄 鬼
愫	忄 龶 糸
愭	忄 十 𠂇 匕 日
愿	厂 白 小 心
慆	忄 爫 臼
慈	丷 1 6 厶 6 厶 心
慊	忄 丷 1 5 1 艹 八
慌	忄 艹 亠 6 
慎	忄 真
慑	忄 耳 又 又
慕	艹 日 大 2 ㇏ ㇏ ㇏
慝	匚 艹 𠂇 口 心
慢	忄 日 罒 又
慥	忄  口 辶
慧	丰 丰 彐 心
慨	忄 彐 6 ㇏ 1 6 儿
慬	忄 廿 口 龶
慭	1 米 犬 心
慰	尸 二 小 寸 心
慵	忄 广 5 二  2
慷	忄 广 5 二 氺
憋	丷 巾 八 攵 心
憎	忄 丷 囗 ⺌ 日
憔	忄 亻 亠 龶 灬
憕	忄 5 ㇏ 3 3 ㇏ 1 口 丷 1
憙	士 口 丷 1 口 心
憧	忄 立 日 
憨	5 耳 攵 心
憩	千 口 自 心
憬	忄 日 亠 口 小
憭	忄 大 丷 日 小
憷	忄 木 木 5 龰
憺	忄 ⺈ 厂 八 言
憾	忄 厂 1 口 戈 心
懂	忄 艹 ㇒ 1 日 
懈	忄 ⺈ 用 刀 牛
懊	忄 3 冂 米 大
懋	木 予 3 木 心
懑	氵 艹 1 冂 人 人 心
懒	忄 束 ⺈ 贝
懔	忄 亠 囗 口 二 小
懦	忄  而
懵	忄 艹 罒 冖 目
懿	士 冖 1 口 丷 1 冫 ⺈ 人 心
戆	立 日 十 夂 工 贝 心
戈	戈
戊	厂 戈
戋	戋
戌	厂 1 戈
戍	厂 ㇏ 戈
戎	戈 𠂇
戏	又 戈
成	成
我	㇒ 扌 戈
戒	戈 𠂇 2
戕	6 2 1 3 戈
或	戈 口 1
戗	𠆢 ⺋ 戈
战	卜 口 戈
戚	厂 2 二 小 戈
戛	1 自 戈
戟	十 日 十 戈
戡	 八 6 戈
戢	口 耳 戈
戣	5 ㇏ 3 3 ㇏ 1 大 戈
戤	5 3 又 皿 戈
戥	日 3 龶 戈
截	十 戈 亻 亠 龶
戬	1 2 ⺌ 1 日 戈
戭	宀 1 日 2 八 戈
戮	习 习 𠆢 ㇒ ㇒ ㇒ 戈
戳	习 习 亻 亠 龶 戈
戴	十 戈 田 艹 1 八
户	户
戽	户 氵 2
戾	户 犬
房	户 方
所	户 斤
扁	户 
扂	户 2 1 口
扃	户 冂 口
扅	户 夕 夕
扆	户 衣
扇	户 习 习
扈	户 口 巴
扉	户  1 2 三
扊	户 火 火
手	手
才	1 2 3
扎	扌 6
扑	扌 卜
扒	扌 八
打	扌 丁
扔	扌 5 3
托	扌 ㇒ 七
扛	扌 工
扞	扌 干
扣	扌 口
扦	扌 千
执	扌 3 ㇈ ㇏
扩	扌 广
扪	扌 门
扫	扌 彐
扬	扌 𠃓
扭	扌 5 
扮	扌 八 刀
扯	扌 
扰	扌 尤
扳	扌 ㇒ 3 又
扶	扌 夫
批	扌 比
扺	扌 氏
扼	扌 厂 ⺋
扽	扌 1 6 2 6
找	扌 戈
承	了 三 5 ㇒ ㇏
技	扌 十 又
抃	扌 亠 卜
抄	扌 2 八 3
抉	扌 5 大
把	扌 巴
抑	扌 ㇒ 6 卩
抒	扌 予
抓	扌 ㇒ 3 2 ㇏
抔	扌 不
投	扌 殳
抖	扌 氵 2
抗	扌 亠 几
折	扌 斤
抚	扌 二 儿
抛	扌 3 ㇈ 力
抟	扌 专
抠	扌 匚 乂
抡	扌 𠆢 匕
抢	扌 𠆢 ⺋
护	扌 户
报	扌 卩 又
抨	扌 1 丷 十
披	扌 5 3 2 又
抬	扌 厶 口
抱	扌 3 5 巳
抵	扌 氏 ㇏
抹	扌 末
抻	扌 日 2
押	扌 日 2
抽	扌 日 2
抿	扌 民
拂	扌 5 1 5 3 2
拃	扌 𠂉 2 二
拄	扌 亠 土
担	扌 日 1
拆	扌 斤 ㇏
拇	扌 母
拈	扌 2 1 口
拉	扌 立
拊	扌 付
拌	扌 丷 𰀁
拍	扌 白
拎	扌 𠆢 ㇏ 龴
拐	扌 口 力
拒	扌 匚 5 1
拓	扌 石
拔	扌 𠂇 又 ㇏
拖	扌 𠂉 也
拗	扌 6 厶 力
拘	扌 句
拙	扌 出
招	扌 刀 口
拜	龵 1 丰
拟	扌 6 ㇏ 人
拢	扌 𠂇  ㇏
拣	扌 1 6 5 八
拤	扌 2 二 卜
拥	扌 用
拦	扌 丷 1 二
拧	扌 宀 丁
拨	扌 6 八 又
择	扌 又 𰀁
括	扌 千 口
拭	扌 弋 工
拮	扌 士 口
拯	扌 5 水 1
拱	扌 艹 1 八
拳	丷 夫 手
拴	扌 𠆢 王
拶	扌 巛 夕
拷	扌 十 𠂇 丂
拼	扌 丷 1 𠂇 2
拽	扌 日 6 3
拾	扌 𠆢 1 口
拿	𠆢 1 口 手
持	扌 土 寸
挂	扌 土 土
指	扌 匕 日
挈	丰 刀 手
按	扌 宀 女
挎	扌 大 二 5
挑	扌 3 冫 6 ㇒ 4
挓	扌 宀 ㇒ 七
挖	扌 宀 八 ㇈
挚	扌 3 ㇈ ㇏ 手
挛	亠 2 2 八 手
挝	扌 寸 辶
挞	扌 大 辶
挟	扌 1 丷 大
挠	扌 1 6 ㇒ 1 儿
挡	扌 ⺌ 彐
挣	扌 ⺈ 5 二 2
挤	扌 文 3 2
挥	扌 冖 车
挦	扌 彐 寸
挨	扌 厶 𠂉 大
挪	扌 5 二 3 阝
挫	扌 人 人 土
振	扌 厂 二 6 ㇒ ㇏
挲	氵 2 八 3 手
挹	扌 口 巴
挺	扌 千 1 廴
挽	扌 ⺈ 口 儿
捂	扌 五 口
捃	扌 5 二 3 口
捅	扌 龴 
捆	扌 囗 木
捉	扌 足
捋	扌 爫 寸
捌	扌 口 力 刂
捍	扌 日 干
捎	扌 ⺌ 
捏	扌 日 土
捐	扌 口 
捕	扌 甫
捞	扌 艹 冖 力
损	扌 口 贝
捡	扌 𠆢 1 ㇏ 丷 1
换	扌 ⺈ 2 5 大
捣	扌  山
捧	扌 三 人 𰀁
捩	扌 户 犬
捭	扌 白 3 十
据	扌 尸 古
捯	扌 1 厶 土 刂
捶	扌 千 艹 二
捷	扌 1 5 𰀁 1 3 4
捺	扌 大 二 小
捻	扌 𠆢 ㇏ 5 心
捽	扌 亠 人 人 十
掀	扌 斤 ⺈ 人
掂	扌 广 2 1 口
掇	扌 又 又 又 又
授	扌 爫 冖 又
掉	扌 2 1 日 十
掊	扌 立 口
掌	 口 手
掎	扌 大 可
掏	扌 3 5 𠂉 1 山
掐	扌 ⺈ 臼
排	扌  1 2 三
掖	扌 亠 亻 夕 ㇏
掘	扌 尸 出
掞	扌 火 火
掠	扌 亠 口 小
探	扌 冖 八 木
掣	3 二 巾 刂 手
接	扌 立 女
控	扌 宀 八 工
推	扌 亻 亠 龶
掩	扌 大 电
措	扌 艹 1 日
掬	扌 3 5 米
掭	扌 1 大 2 ㇏ ㇏ ㇏
掮	扌 户 
掰	龵 八 刀 手
掳	扌 2 1 5 3 七 力
掴	扌 囗 玉
掷	扌 丷 1 大 阝
掸	扌 丷 日 十
掺	扌 厶 大 彡
掼	扌 6 5 2 1 贝
掾	扌 6 5 豕
揄	扌 𠆢 1  刂
揆	扌 5 ㇏ 3 3 ㇏ 1 大
揉	扌 予 3 木
揍	扌 三 人 1 大
描	扌 艹 田
提	扌 日 1 龰
插	扌 千 臼
揕	扌  八 6
揖	扌 口 耳
揠	扌 匚 日 女
握	扌 尸 至
揣	扌 山 而
揩	扌 1 6 匕 白
揪	扌 千 𠆢 火
揭	扌 日 3 5 人 6
揳	扌 丰 刀 大
援	扌 爫 1 𠂇 又
揶	扌 耳 阝
揸	扌 木 日 1
揽	扌 2 2 𠂉 ㇏ 见
揿	扌 钅 ⺈ 人
搀	扌 ⺈ 口 儿 4 4
搁	扌 门 各
搂	扌 米 女
搅	扌  见
搋	扌 ㇒ 3 2 1 5 3 七 几
搌	扌 尸 艹 1 戈
搏	扌 甫 寸
搐	扌 亠 6 厶 田
搒	扌 亠 丷 冖 方
搓	扌 丷 三 3 工
搔	扌 又 ㇏ 虫
搛	扌 丷 1 5 1 艹 八
搜	扌 臼 2 又
搞	扌 高
搠	扌 丷 1 6 2 3 月
搡	扌 又 又 又 木
搦	扌 5 1 5 冫 5 1 5 冫
搪	扌 广 5 𰀁 口
搬	扌 舟 殳
搭	扌 艹 𠆢 1 口
搴	宀 1 艹 1 八 手
携	扌 亻 亠 龶 5 3
搽	扌 艹 𠆢 1 小
摁	扌 囗 大 心
摄	扌 耳 又 又
摅	扌 2 1 5 3 七 心
摆	扌 罒 土 厶
摇	扌 爫 𠂉 1 山
摈	扌 宀 ㇒ 2 1 2 1 八
摊	扌 又 亻 亠 龶
摏	扌 三 人 臼
摒	扌 尸 丷 1 𠂇 2
摔	扌 亠 6 厶 冫 ㇒ 4 十
摘	扌 亠 丷 冂 古
摛	扌 亠 乂 6 2 冂 厶
摞	扌 田 糸
摧	扌 山 亻 亠 龶
摩	麻 手
摭	扌 广 廿 灬
摴	扌  二 5
摸	扌 艹 日 大
摹	艹 日 大 手
摽	扌 覀 二 小
撂	扌 田 各
撄	扌 贝 贝 女
撅	扌 厂 丷 1 6 2 3 ⺈ 人
撇	扌 丷 巾 八 攵
撑	扌  口 手
撒	扌 艹 1  攵
撕	扌  八 斤
撖	扌 5 耳 攵
撙	扌 丷 西 1 寸
撞	扌 立 日 
撤	扌 亠 厶  攵
撩	扌 大 丷 日 小
撬	扌 毛 毛 毛
播	扌 ㇒ 米 田
撮	扌 日 耳 又
撰	扌 巳 巳 艹 1 八
撵	扌 夫 夫 车
撷	扌 士 口 1 3 贝
撸	扌 鱼 日
撺	扌 宀 八 口 口 2
撼	扌 厂 1 口 戈 心
擀	扌 十 日 十 𠆢 干
擂	扌  田
擅	扌 亠 囗 口 日 1
操	扌 口 口 口 木
擎	艹 句 攵 手
擐	扌 罒 1 口 3 6 ㇒ ㇏
擒	扌 𠆢 亠 乂 6 2 冂 厶
擘	尸 口 辛 手
擞	扌 米 女 攵
擢	扌 习 习 亻 亠 龶
擤	扌 自 田 1 3 2
擦	扌 宀 夕 4 5 ㇏ 二 小
擿	扌 亠 丷 冂 古 辶
攀	木 乂 乂 木 大 手
攉	扌  亻 亠 龶
攒	扌  儿  儿 贝
攘	扌 亠 口 口 1 艹 1 3 6 ㇒ ㇏
攥	扌 𠂉 ㇏ 𠂉 ㇏ 目 大 糸
攫	扌 目 目 亻 亠 龶 又
攮	扌 1 口 2 冖 口 口 1 艹 1 3 6 ㇒ ㇏
支	十 又
收	6 2 攵
攸	亻 2 攵
改	己 攵
攻	工 攵
攽	八 刀 攵
放	方 攵
政	1  攵
故	古 攵
效	亠 八 乂 攵
敉	米 攵
敌	千 口 攵
敏	𠂉 6 5 亠 ㇏ 攵
救	1 2 冫 ㇒ 4 ㇏ 攵
敔	五 口 攵
敕	束 攵
敖	龶 5 3 攵
教	耂 子 攵
敛	𠆢 1 ㇏ 丷 1 攵
敝	丷 巾 八 攵
敞	尚 攵
敢	5 耳 攵
散	艹 1  攵
敦	亠 口 子 攵
敩	 子 攵
敫	白 方 攵
敬	艹 句 攵
数	米 女 攵
敲	高 2 1 又
整	束 攵 1 
敷	甫 方 攵
文	文
斋	文 而
斌	文 1 弋 
斐	 1 2 三 文
斑	王 王 文
斓	文 门 束 丷
斗	氵 2
料	米 氵 2
斛	⺈ 用 氵 2
斜	𠆢 于 八 氵 2
斝	口 口 冖 氵 2
斟	 八 6 氵 2
斠	1 艹 1 冂  氵 2
斡	十 日 十 𠆢 氵 2
斤	斤
斥	斤 ㇏
斧	八 乂 斤
斩	 斤
斫	石 斤
断	米 6 斤
斯	 八 斤
新	立 1 小 斤
斶	斤 罒 3 5 虫
方	方
於	方 𠆢 4 4
施	方 𠂉 也
旁	亠 丷 冖 方
旃	方 𠂉  亠
旄	方 𠂉 毛
旅	方 𠂉 ㇒ 戈
旆	方 𠂉 1 巾
旋	方 𠂉 5 龰
旌	方 𠂉 3 龶
旎	方 𠂉 尸 匕
族	方 𠂉 𠂉 大
旐	方 𠂉 3 冫 6 ㇒ 4
旒	方 𠂉 亠 厶 
旖	方 𠂉 大 可
旗	方 𠂉  八
旞	方 𠂉 丷 豕 辶
无	二 儿
既	彐 6 ㇏ 1 6 儿
日	日
旦	日 1
旧	2 日
旨	匕 日
早	日 十
旬	勹 日
旭	3 ㇈ 日
旮	3 ㇈ 日
旯	日 3 ㇈
旰	日 干
旱	日 干
旴	日 于
旵	日 山
时	日 寸
旷	日 广
旸	日 𠃓
旺	日 王
旻	日 文
旿	日 𠂉 十
昀	日 3 5 冫
昂	日 ㇒ 6 卩
昃	日 厂 人
昄	日 ㇒ 3 又
昆	日 比
昇	日 ㇒ 𠂇 2
昈	日 户
昉	日 方
昊	日 1 大
昌	日 日
明	日 月
昏	氏 日
昒	日 勿
易	日 勿
昔	艹 1 日
昕	日 斤
昙	日 二 厶
昝	夂 2 4 日
星	日 3 龶
映	日 2 5 大
昡	日 亠 6 厶
昣	日 𠆢 彡
昤	日 𠆢 ㇏ 龴
春	三 人 日
昧	日 未
昨	日 𠂉 2 二
昪	日 厶 𠂇 2
昫	日 句
昭	日 刀 口
是	日 1 龰
昱	日 立
昳	日 3 夫
昴	日 ㇒ 6 3 卩
昵	日 尸 匕
昶	㇏ 5 5 ㇒ ㇏ 日
昺	日 1 冂 人
昼	尸 ㇏ 日 1
昽	日 𠂇  ㇏
显	日 2 ⺌ 1
晁	日 3 冫 6 ㇒ 4
晃	日 ⺌ 1 儿
晅	日 1 日 1
晊	日 至
晋	1 2 ⺌ 1 日
晌	日 3 冂 口
晏	日 宀 女
晐	日 亠 6 3 人
晒	日 西
晓	日 1 6 ㇒ 1 儿
晔	日 亻  十
晕	日 冖 车
晖	日 冖 车
晗	日 𠆢 ㇏ 5 口
晙	日 厶 八 夂
晚	日 ⺈ 口 儿
晞	日 乂 𠂇 巾
晟	日 成
晡	日 甫
晢	扌 斤 日
晤	日 五 口
晦	日 𠂉 母
晨	日 厂 二 6 ㇒ ㇏
晪	日 2 5 艹 1 八
晫	日 2 1 日 十
普	丷 1 2 ⺌ 1 日
景	日 亠 口 小
晰	日 木 斤
晱	日 火 火
晴	日 龶 
晶	日 日 日
晷	日 夂 2 4 口
智	𠂉 大 口 日
晾	日 亠 口 小
暂	 斤 日
暄	日 宀 1 日 1
暅	日 忄 1 日 1
暇	日 5 1 2 二 5 1 又
暌	日 5 ㇏ 3 3 ㇏ 1 大
暑	日 十 𠂇 日
暕	日 束 丷
暖	日 爫 1 𠂇 又
暗	日 立 日
暝	日 冖 日 亠 八
暧	日 爫 冖 𠂇 又
暨	彐 6 ㇏ 1 6 儿 日 1
暮	艹 日 大 日
暲	日 立 日 十
暴	日 艹 1 八 氺
暵	日 廿 口 夫
暶	日 方 𠂉 5 龰
暹	日 亻 亠 龶 辶
暾	日 亠 口 子 攵
暿	日 士 口 丷 1 口
曈	日 立 日 
曌	日 月 宀 八 工
曙	日 罒 十 𠂇 日
曛	日 ㇒ 1 黑
曜	日 习 习 亻 亠 龶
曝	日 日 艹 1 八 氺
曦	日 丷 王 千 𠆢 1 5 戈
曩	日 亠 口 口 1 艹 1 3 6 ㇒ ㇏
曰	曰
曲	囗 艹
曳	日 6 3
更	1 日 乂
曷	日 3 5 人 6
曹	1 囗 艹 日
曼	日 罒 又
曾	丷 囗 ⺌ 日
替	夫 夫 日
最	日 耳 又
月	月
有	𠂇 
朋	月 月
服	月 卩 又
朏	月 出
朐	月 句
朓	月 3 冫 6 ㇒ 4
朔	丷 1 6 2 3 月
朕	月 丷 1 大
朗	㇏ 彐 6 ㇏ 月
望	亠 6 月 王
朝	十 日 十 月
期	 八 月
朦	月 艹 冖 1 豕
木	木
未	未
末	末
本	木 1
札	木 6
术	木 ㇏
朱	牛 𠆢
朳	木 八
朴	木 卜
朵	几 木
朸	木 力
机	木 几
朽	木 丂
杀	乂 1 小
杂	3 ㇈ 1 小
权	木 又
杄	木 千
杆	木 干
杈	木 又 ㇏
杉	木 彡
杌	木 1 儿
李	木 子
杏	木 口
材	木 1 2 3
村	木 寸
杓	木 勺
杕	木 大
杖	木 𠂇 ㇏
杙	木 弋
杜	木 土
杞	木 己
束	束
杠	木 工
条	夂 1 小
来	1 米
杧	木 亠 6
杨	木 𠃓
杩	木 马
杪	木 2 八 3
杭	木 亠 几
杯	木 不
杰	木 灬
杲	日 木
杳	木 日
杵	木 𠂉 十
杷	木 巴
杻	木 5 
杼	木 予
松	木 八 厶
板	木 ㇒ 3 又
极	木 及
构	木 3 5 厶
枅	木 1 𠂇 2
枇	木 比
枉	木 王
枋	木 方
枍	木 八 丂
析	木 斤
枕	木 冖 儿
林	木 木
枘	木 冂 人
枚	木 攵
果	日 木
枝	木 十 又
枞	木 人 人
枢	木 匚 乂
枣	1 巾 𠆢 4 4
枥	木 厂 力
枧	木 见
枨	木 长
枪	木 𠆢 ⺋
枫	木  乂
枭	 木
枯	木 古
枰	木 1 丷 十
枲	厶 口 木
枳	木 口 八
枵	木 口 丂
架	力 口 木
枷	木 力 口
枸	木 句
枹	木 3 5 巳
柁	木 宀 匕
柃	木 𠆢 ㇏ 龴
柄	木 1 冂 人
柈	木 丷 𰀁
柊	木 夂 4 4
柏	木 白
某	甘 木
柑	木 甘
柒	氵 七 木
染	氵 3 ㇈ 木
柔	予 3 木
柖	木 刀 口
柘	木 石
柙	木 日 2
柚	木 日 2
柜	木 匚 5 1
柝	木 斤 ㇏
柞	木 𠂉 2 二
柠	木 宀 丁
柢	木 氏 ㇏
查	木 日 1
柩	木 匚 3 5 ㇏
柬	束 丷
柯	木 可
柰	木 二 小
柱	木 亠 土
柳	木 ㇒ 6 3 卩
柴	 匕 木
柷	木 兄
柽	木 又 土
柿	木 亠 巾
栀	木 ㇒ 𠂉 ⺋
栅	木 册
标	木 二 小
栈	木 戋
栉	木 艹 
栊	木 𠂇  ㇏
栋	木 1 6 小
栌	木 2 1 尸
栎	木 ㇒ 6 小
栏	木 丷 1 二
栐	木 ㇏ 5 5 ㇒ ㇏
树	木 又 寸
栒	木 3 5 日
栓	木 𠆢 王
栖	木 西
栗	覀 木
栝	木 千 口
栟	木 丷 1 𠂇 2
校	木 亠 八 乂
栩	木 习 习
株	木 牛 𠆢
栲	木 十 𠂇 丂
栳	木 十 𠂇 匕
栴	木 𠂉  亠
样	木 羊
核	木 亠 6 3 人
根	木 彐 6 ㇒ ㇏
栻	木 弋 工
格	木 各
栽	十 戈 木
栾	亠 2 2 八 木
桀	夕 1 6 2 木
桁	木 彳 1 丁
桂	木 土 土
桃	木 3 冫 6 ㇒ 4
桄	木 ⺌ 1 儿
桅	木 ⺈ 厂 ⺋
框	木 匚 王
案	宀 女 木
桉	木 宀 女
桊	丷 夫 木
桌	卜 日 木
桎	木 至
桐	木 冂 1 口
桑	又 又 又 木
桓	木 1 日 1
桔	木 士 口
桕	木 臼
桠	木 1 2 ⺌ 1
桡	木 1 6 ㇒ 1 儿
桢	木 2 1 贝
档	木 ⺌ 彐
桤	木 山 己
桥	木 ㇒ 大 3 2
桦	木 亻  十
桧	木 𠆢 二 厶
桨	丬 夕 木
桩	木 广 土
桫	木 氵 2 八 3
桯	木 口 王
桲	木 十 冖 子
桴	木 爫 子
桶	木 龴 
桷	木 ⺈ 用
桹	木 ㇏ 彐 6 ㇒ ㇏
梁	氵 刀 ㇏ ㇏ 木
梃	木 千 1 廴
梅	木 𠂉 母
梆	木 三 3 阝
梌	木 𠆢 于 八
梏	木  口
梓	木 辛
梗	木 1 日 乂
梠	木 口 口
梢	木 ⺌ 
梣	木 山 𠆢 ㇏ 5
梦	木 木 夕
梧	木 五 口
梨	禾 刂 木
梭	木 厶 八 夂
梯	木 弟
械	木 戈 𠂇 2
梳	木 亠 厶 
梴	木 ㇒ 2 1 6 廴
梵	木 木 几 ㇏
梼	木 三 3 寸
梽	木 士 心
梾	木 1 米
梿	木 车 辶
检	木 𠆢 1 ㇏ 丷 1
棁	木 丷 兄
棂	木 彐 火
棉	木 白 巾
棋	木  八
棍	木 日 比
棐	 1 2 三 木
棒	木 三 人 𰀁
棓	木 立 口
棕	木 宀 二 小
棘	1 巾 𠆢 1 巾 𠆢
棚	木 月 月
棠	 口 木
棣	木 5 二 氺
棤	木 艹 1 日
棨	户 攵 木
棪	木 火 火
棫	木 戈 口 1
棬	木 丷 夫 ⺋
森	木 木 木
棰	木 千 艹 二
棱	木 土 八 夂
棵	木 日 木
棹	木 2 1 日 十
棺	木 宀 
棻	艹 八 刀 木
棼	木 木 八 刀
棽	木 木 𠆢 ㇏ 5
椀	木 宀 夕 ⺋
椁	木 亠 口 子
椅	木 大 可
椆	木  土 口
椋	木 亠 口 小
植	木 直
椎	木 亻 亠 龶
椐	木 尸 古
椑	木 白 3 十
椒	木 2 二 小 又
椓	木 1 ㇒ 5 ㇒ ㇒ ㇏ ㇒ ㇏
椟	木 十 5 氵 人
椠	 斤 木
椤	木 罒 夕
椪	木 丷 1 2 ⺌ 1
椭	木 阝 𠂇 
椰	木 耳 阝
椴	木 ㇒ 2 三 殳
椸	木 方 𠂉 也
椹	木  八 6
椽	木 6 5 豕
椿	木 三 人 日
楂	木 木 日 1
楒	木 田 心
楔	木 丰 刀 大
楗	木 5 三 十 廴
楙	木 予 3 木
楚	木 木 5 龰
楝	木 束 丷
楞	木 罒 方
楠	木 十 冂 丷 干
楣	木 尸 2 目
楦	木 宀 1 日 1
楩	木 亻 1 日 乂
楪	木 廿 6 木
楫	木 口 耳
楮	木 十 𠂇 日
楯	木 ㇒ 3 十 目
楷	木 1 6 匕 白
楸	木 千 𠆢 火
楹	木 5 3 又 皿
楼	木 米 女
概	木 彐 6 ㇏ 1 6 儿
榃	木 木 田
榄	木 2 2 𠂉 ㇏ 见
榅	木 日 皿
榆	木 𠆢 1  刂
榇	木 立 1 小
榈	木 门 口 口
榉	木 ㇏ 丷 1 八 𰀁
榍	木 尸 ⺌ 
榑	木 甫 寸
榔	木 ㇏ 彐 6 ㇏ 阝
榕	木 宀 谷
榖	士 冖 1 木 殳
榛	木 三 人 千 𠆢
榜	木 亠 丷 冖 方
榧	木 匚  1 2 三
榨	木 宀 八 𠂉 2 二
榫	木 亻 亠 龶 十
榭	木 3  1 ㇒ 寸
榰	木 十 𠂇 匕 日
榱	木 亠 口 1 3 6 ㇒ ㇏
榴	木 ㇒ 6 ㇏ 刀 田
榷	木 冖 亻 亠 龶
榻	木 日 习 习
槁	木 高
槃	舟 殳 木
槊	丷 1 6 2 3 月 木
槌	木 3  辶
槎	木 丷 三 3 工
槐	木 鬼
槔	木 白 大 十
槚	木 覀 贝
槛	木 2 2 𠂉 ㇏ 皿
槜	木 亻 亠 龶 5 3
槟	木 宀 ㇒ 2 1 2 1 八
槠	木 讠 十 𠂇 日
槭	木 厂 2 二 小 戈
槱	木 西 1 灬
槲	木 ⺈ 用 氵 2
槽	木 1 囗 艹 日
槿	木 廿 口 龶
樊	木 乂 乂 木 大
樗	木  二 5
樘	木  口 土
樟	木 立 日 十
模	木 艹 日 大
樨	木 尸 2 冫 ㇒ 4 牛
横	木 艹 1 1 日 乂
樯	木 十 丷 1 囗 口
樱	木 贝 贝 女
樵	木 亻 亠 龶 灬
樽	木 丷 西 1 寸
樾	木 土 2 1 3 4 1 6 戈
橄	木 5 耳 攵
橇	木 毛 毛 毛
橐	1 口 2 冖 石 木
橑	木 大 丷 日 小
橘	木 予 3 冂 八 口
橙	木 5 ㇏ 3 3 ㇏ 1 口 丷 1
橛	木 厂 丷 1 6 2 3 ⺈ 人
橞	木 1 日 2 1 ㇏ 心
橡	木 象
橥	犭 十 𠂇 日 木
橦	木 立 日 
橱	木 厂 1 口 丷 1 寸
橹	木 鱼 日
橼	木 纟 6 5 豕
檀	木 亠 囗 口 日 1
檄	木 白 方 攵
檎	木 𠆢 亠 乂 6 2 冂 厶
檐	木 ⺈ 厂 八 言
檑	木  田
檗	尸 口 辛 木
檞	木 ⺈ 用 刀 牛
檠	艹 句 攵 木
檩	木 亠 囗 口 二 小
檫	木 宀 夕 4 5 ㇏ 二 小
檬	木 艹 冖 1 豕
櫆	木 鬼 氵 2
欂	木 艹 氵 甫 寸
欠	⺈ 人
次	冫 ⺈ 人
欢	又 ⺈ 人
欣	斤 ⺈ 人
欤	与 ⺈ 人
欧	匚 乂 ⺈ 人
欲	谷 ⺈ 人
欸	厶 𠂉 大 ⺈ 人
欹	大 可 ⺈ 人
欺	 八 ⺈ 人
欻	火 火 ⺈ 人
款	士 二 小 ⺈ 人
歃	千 臼 ⺈ 人
歅	覀 土 ⺈ 人
歆	立 日 ⺈ 人
歇	日 3 5 人 6 ⺈ 人
歉	丷 1 5 1 艹 八 ⺈ 人
歌	可 可 ⺈ 人
歙	𠆢 1 口 习 习 ⺈ 人
止	
正	1 
此	 匕
步	 2 3 3
武	1 弋 
歧	 十 又
歪	不 1 
歹	歹
死	死
歼	歹 千
殁	歹 殳
殂	歹 且
殃	歹 2 5 大
殄	歹 𠆢 彡
殆	歹 厶 口
殇	歹 𠂉 𠃓
殉	歹 3 5 日
殊	歹 牛 𠆢
残	歹 戋
殍	歹 爫 子
殒	歹 口 贝
殓	歹 𠆢 1 ㇏ 丷 1
殖	歹 直
殚	歹 丷 日 十
殛	歹 5 2 口 又 1
殡	歹 宀 ㇒ 2 1 2 1 八
殣	歹 廿 口 龶
殪	歹 士 冖 1 口 丷 1
殳	殳
殴	匚 乂 殳
段	㇒ 2 三 殳
殷	㇒ 3 彐 5 殳
殿	尸 艹 1 八 殳
毁	臼 工 殳
毂	士 冖  殳
毅	立 ㇒ 5 ㇒ ㇒ ㇒ ㇏ 殳
毋	6 刀 1
毌	6 5 2 1
母	母
每	𠂉 母
毐	士 6 刀 1
毒	龶 母
毓	𠂉 6 5 亠 ㇏ 亠 厶 
比	比
毕	比 十
毖	比 ㇏ 6 ㇏ 八
毗	田 比
毙	比 死
毛	毛
毡	毛 2 1 口
毪	毛 厶 牛
毫	亠 口 冖 毛
毯	毛 火 火
毳	毛 毛 毛
毵	厶 大 ㇒ ㇒ ㇒ 毛
毹	𠆢 1  刂 毛
毽	毛 5 三 十 廴
氅	尚 攵 毛
氆	毛 丷 1 2 ⺌ 1 日
氇	毛 鱼 日
氍	目 目 亻 亠 龶 毛
氏	氏
氐	氏 ㇏
民	民
氓	亠 6 民
气	气
氕	气 3
氖	气 5 3
氘	气 3 2
氙	气 山
氚	气 3 2 2
氛	气 八 刀
氟	气 5 1 5 3 2
氡	气 夂 4 4
氢	气 5 ㇏ 工
氤	气 囗 大
氦	气 亠 6 3 人
氧	气 羊
氨	气 宀 女
氩	气 1 2 ⺌ 1
氪	气 古 儿
氮	气 火 火
氯	气  氺
氰	气 龶 
氲	气 日 皿
水	水
永	㇏ 5 5 ㇒ ㇏
氾	氵 ⺋
氿	氵 3 ㇈
汀	氵 丁
汁	氵 十
求	1 2 冫 ㇒ 4 ㇏
汆	3 ㇏ 水
汇	氵 匚
汈	氵 5 1
汉	氵 又
汊	氵 又 ㇏
汋	氵 勺
汐	氵 夕
汔	氵 𠂉 ㇈
汕	氵 山
汗	氵 干
汛	氵 6 十
汜	氵 巳
汝	氵 女
汞	工 水
江	氵 工
池	氵 也
污	氵 二 5
汤	氵 𠃓
汧	氵 1 𠂇 2
汨	氵 日
汩	氵 曰
汪	氵 王
汫	氵 二 3 2
汭	氵 冂 人
汰	氵 大 ㇏
汲	氵 及
汴	氵 亠 卜
汶	氵 文
汹	氵 乂 凵
汽	氵 气
汾	氵 八 刀
沁	氵 心
沂	氵 斤
沃	氵 ㇒ 大
沄	氵 二 厶
沅	氵 二 儿
沆	氵 亠 几
沇	氵 厶 儿
沈	氵 冖 儿
沉	氵 冖 几
沌	氵 1 6 2 6
沏	氵 七 刀
沐	氵 木
沓	水 日
沔	氵 1 2 6 5
沘	氵 比
沙	氵 2 八 3
沚	氵 
沛	氵 1 巾
沟	氵 3 5 厶
没	氵 殳
沣	氵 丰
沤	氵 匚 乂
沥	氵 厂 力
沦	氵 𠆢 匕
沧	氵 𠆢 ⺋
沨	氵  乂
沩	氵 为
沪	氵 户
沫	氵 末
沭	氵 木 ㇏
沮	氵 且
沱	氵 宀 匕
河	氵 可
沸	氵 5 1 5 3 2
油	氵 日 2
沺	氵 田
治	氵 厶 口
沼	氵 刀 口
沽	氵 古
沾	氵 2 1 口
沿	氵 几 口
泂	氵 冂 口
泃	氵 句
泄	氵 廿 6
泅	氵 囗 人
泇	氵 力 口
泉	白 水
泊	氵 白
泌	氵 ㇏ 6 ㇏ 八
泐	氵 阝 力
泓	氵 5 1 5 厶
泔	氵 甘
法	氵 土 厶
泖	氵 ㇒ 6 3 卩
泗	氵 囗 儿
泙	氵 1 丷 十
泚	氵  匕
泛	氵 ㇒ ㇏ 5 4
泜	氵 氏 ㇏
泞	氵 宀 丁
泠	氵 𠆢 ㇏ 龴
泡	氵 3 5 巳
波	氵 5 3 2 又
泣	氵 立
泥	氵 尸 匕
注	氵 亠 土
泪	氵 目
泫	氵 亠 6 厶
泮	氵 丷 𰀁
泯	氵 民
泰	三 人 氺
泱	氵 2 5 大
泳	氵 ㇏ 5 5 ㇒ ㇏
泵	石 水
泷	氵 𠂇  ㇏
泸	氵 2 1 尸
泺	氵 ㇒ 6 小
泻	氵 冖 与
泼	氵 6 八 又
泽	氵 又 𰀁
泾	氵 5 ㇏ 工
洁	氵 士 口
洄	氵 囗 口
洇	氵 囗 大
洈	氵 ⺈ 厂 ⺋
洋	氵 羊
洌	氵 歹 刂
洎	氵 自
洑	氵 亻 犬
洒	氵 西
洓	氵 1 巾 𠆢
洗	氵  儿
洘	氵 十 𠂇 丂
洙	氵 牛 𠆢
洚	氵 夂 1 6 2
洛	氵 各
洞	氵 冂 1 口
洢	氵 亻 5 二 3
洣	氵 米
津	氵 5 三 十
洧	氵 𠂇 
洨	氵 亠 八 乂
洪	氵 艹 1 八
洫	氵 3 皿
洭	氵 匚 王
洮	氵 3 冫 6 ㇒ 4
洱	氵 耳
洲	氵 ㇏ 八 2 ㇏ 2
洳	氵 女 口
洴	氵 丷 1 𠂇 2
洵	氵 3 5 日
洸	氵 ⺌ 1 儿
洹	氵 1 日 1
洺	氵 夕 口
活	氵 千 口
洼	氵 土 土
洽	氵 𠆢 1 口
派	氵 ㇒ 3 ㇒ 戈
洿	氵 大 二 5
流	氵 亠 厶 
浃	氵 1 丷 大
浅	氵 戋
浆	丬 夕 水
浇	氵 1 6 ㇒ 1 儿
浈	氵 2 1 贝
浉	氵 2 3 1 巾
浊	氵 虫
测	氵 贝 刂
浍	氵 𠆢 二 厶
济	氵 文 3 2
浏	氵 文 刂
浐	氵 立 3
浑	氵 冖 车
浒	氵 讠 𠂉 十
浓	氵 冖 3 6 ㇒ ㇏
浔	氵 彐 寸
浕	氵 尸 ㇏ 4 4
浙	氵 扌 斤
浚	氵 厶 八 夂
浛	氵 𠆢 ㇏ 5 口
浜	氵 ㇒ 2 1 2 1 八
浞	氵 足
浟	氵 亻 2 攵
浠	氵 乂 𠂇 巾
浡	氵 十 冖 子
浣	氵 宀 二 儿
浥	氵 口 巴
浦	氵 甫
浩	氵  口
浪	氵 ㇏ 彐 6 ㇒ ㇏
浬	氵 日 
浭	氵 1 日 乂
浮	氵 爫 子
浯	氵 五 口
浰	氵 千 𠆢 刂
浲	氵 夂 丰
浴	氵 谷
海	氵 𠂉 母
浸	氵 彐 冖 又
浼	氵 ⺈ 口 儿
涂	氵 𠆢 于 八
涄	氵 日 2 丂
涅	氵 日 土
消	氵 ⺌ 
涉	氵  2 3 3
涌	氵 龴 
涍	氵 十 𠂇 子
涎	氵 ㇒ 2 1 6 廴
涐	氵 ㇒ 扌 戈
涑	氵 束
涓	氵 口 
涔	氵 山 𠆢 ㇏ 5
涕	氵 弟
涘	氵 厶 𠂉 大
涛	氵 三 3 寸
涝	氵 艹 冖 力
涞	氵 1 米
涟	氵 车 辶
涠	氵 囗 韦
涡	氵 口 冂 人
涢	氵 口 贝
涣	氵 ⺈ 2 5 大
涤	氵 夂 1 小
润	氵 门 王
涧	氵 门 日
涨	氵 5 1 5 长
涩	氵 刀 ㇏ 
涪	氵 立 口
涫	氵 宀 
涮	氵 尸 巾 刂
涯	氵 厂 土 土
液	氵 亠 亻 夕 ㇏
涴	氵 宀 夕 ⺋
涵	氵 5 2 冫 ㇒ 4 6 2
涸	氵 固
涿	氵 1 ㇒ 5 ㇒ ㇒ ㇏ ㇒ ㇏
淀	氵 宀 1 龰
淄	氵 巛 田
淅	氵 木 斤
淆	氵 乂 𠂇 
淇	氵  八
淋	氵 木 木
淌	氵 尚
淏	氵 日 1 大
淑	氵 2 二 小 又
淖	氵 2 1 日 十
淘	氵 3 5 𠂉 1 山
淙	氵 宀 二 小
淜	氵 月 月
淝	氵 月 巴
淞	氵 木 八 厶
淟	氵 2 5 艹 1 八
淠	氵 田 1 3 2
淡	氵 火 火
淤	氵 方 𠆢 4 4
淦	氵 𠆢 干 丷 1
淫	氵 爫 千 1
淬	氵 亠 人 人 十
淮	氵 亻 亠 龶
淯	氵 亠 厶 
深	氵 冖 八 木
淳	氵 亠 口 子
淴	氵 勿 心
混	氵 日 比
淹	氵 大 电
添	氵 1 大 2 ㇏ ㇏ ㇏
淼	水 水 水
清	氵 龶 
渊	氵 3 米 2
渌	氵  氺
渍	氵 龶 贝
渎	氵 十 5 氵 人
渐	氵  斤
渑	氵 口 电
渔	氵 鱼
渗	氵 厶 大 彡
渚	氵 十 𠂇 日
渝	氵 𠆢 1  刂
渟	氵 亠 口 冖 丁
渠	氵 匚 5 1 木
渡	氵 广 廿 又
渣	氵 木 日 1
渤	氵 十 冖 子 力
渥	氵 尸 至
温	氵 日 皿
渫	氵 廿 6 木
渭	氵 田 
港	氵 艹 1 八 巳
渰	氵 𠆢 1 口 𠂇 2
渲	氵 宀 1 日 1
渴	氵 日 3 5 人 6
游	氵 方 𠂉 子
渺	氵 目 2 八 3
渼	氵 丷 王 大
湃	氵 龵 1 丰
湄	氵 尸 2 目
湉	氵 忄 千 口
湍	氵 山 而
湎	氵 1 3 罒 二
湑	氵 5 2 1 3 4 
湓	氵 八 刀 皿
湔	氵 丷 1  刂
湖	氵 古 月
湘	氵 木 目
湛	氵  八 6
湜	氵 日 1 龰
湝	氵 1 6 匕 白
湟	氵 白 王
湣	氵 民 日
湫	氵 千 𠆢 火
湮	氵 覀 土
湲	氵 爫 1 𠂇 又
湴	氵 丷 1 2 ⺌ 1
湾	氵 亠 2 2 八 5 丂
湿	氵 日 2 ⺌ 1
溁	氵 艹 冖 木
溃	氵 口 2 1 贝
溅	氵 贝 戋
溆	氵 𠆢 于 八 又
溇	氵 米 女
溉	氵 彐 6 ㇏ 1 6 儿
溍	氵 1 2 ⺌ 1 日
溏	氵 广 5 𰀁 口
源	氵 厂 白 小
溘	氵 土 厶 皿
溚	氵 艹 𠆢 1 口
溜	氵 ㇒ 6 ㇏ 刀 田
溞	氵 又 ㇏ 虫
溟	氵 冖 日 亠 八
溠	氵 丷 三 3 工
溢	氵 丷 1 八 皿
溥	氵 甫 寸
溦	氵 山 1 几 攵
溧	氵 覀 木
溪	氵 爫 6 厶 大
溯	氵 丷 1 6 2 3 月
溱	氵 三 人 千 𠆢
溲	氵 臼 2 又
溴	氵 自 犬
溵	氵 ㇒ 3 彐 5 殳
溶	氵 宀 谷
溷	氵 囗 豕
溹	氵 十 冖 糸
溺	氵 5 1 5 冫 5 1 5 冫
溻	氵 日 习 习
溽	氵 厂 二 戈 寸
滁	氵 阝 𠆢 于 八
滂	氵 亠 丷 冖 方
滃	氵 八 厶 习 习
滆	氵 1 口 冂 丷 1 2
滇	氵 真
滉	氵 日 ⺌ 1 儿
滋	氵 丷 1 6 厶 6 厶
滍	氵 6 2 2 1 虫
滏	氵 八 乂 干 丷 1
滑	氵 骨
滓	氵 宀 辛
滔	氵 爫 臼
滕	月 丷 夫 氺
滗	氵 𠂉 ㇏ 𠂉 ㇏ 毛
滘	氵 冖 八 工 口
滚	氵 亠 八 厶 3 6 ㇒ ㇏
滞	氵  冖 巾
滟	氵 丰 ⺈ 巴
滠	氵 耳 又 又
满	氵 艹 1 冂 人 人
滢	氵 艹 冖 玉
滤	氵 2 1 5 3 七 心
滥	氵 2 2 𠂉 ㇏ 皿
滦	氵 亠 2 2 八 木
滧	氵 亠 八 乂 攵
滨	氵 宀 ㇒ 2 1 2 1 八
滩	氵 又 亻 亠 龶
滪	氵 予 1 3 贝
滫	氵 亻 2 夂 
滴	氵 亠 丷 冂 古
滹	氵 2 1 5 3 七 ㇒ 丷 1 2
漂	氵 覀 二 小
漆	氵 木 𠆢 氺
漈	氵 夕 4 5 ㇏ 二 小
漉	氵 广 5 2 2 1 比
漋	氵 阝 夂 1 3 龶
漏	氵 尸 1 巾 4 4 4 4
漓	氵 亠 乂 6 2 冂 厶
演	氵 宀 1 日 2 八
漕	氵 1 囗 艹 日
漖	氵 十 𠂇 子 攵
漠	氵 艹 日 大
漤	氵 木 木 女
漦	未 攵 厂 水
漩	氵 方 𠂉 5 龰
漪	氵 犭 大 可
漫	氵 日 罒 又
漭	氵 艹 犬 𠂇 2
漯	氵 田 糸
漱	氵 束 ⺈ 人
漳	氵 立 日 十
漴	氵 山 宀 二 小
漶	氵 口 口 2 心
漷	氵 亠 口 子 阝
漹	氵 1  1 5 灬
漻	氵 习 习 𠆢 彡
漼	氵 山 亻 亠 龶
漾	氵 丷 王 ㇏ 5 5 ㇒ ㇏
潆	氵 艹 冖 糸
潇	氵 艹 5 𰀁 3 2 八
潋	氵 𠆢 1 ㇏ 丷 1 攵
潍	氵 纟 亻 亠 龶
潏	氵 予 3 冂 八 口
潖	氵 王 王 巴
潘	氵 ㇒ 米 田
潜	氵 夫 夫 日
潞	氵  各
潟	氵 臼 3 5 灬
潢	氵 艹 1 1 日 乂
潦	氵 大 丷 日 小
潩	氵 田 艹 1 八
潭	氵 覀 日 十
潮	氵 十 日 十 月
潲	氵 千 𠆢 ⺌ 
潴	氵 犭 十 𠂇 日
潵	氵 艹 1  攵
潸	氵 木 木 
潺	氵 尸 子 子 子
潼	氵 立 日 
潽	氵 丷 1 2 ⺌ 1 日
潾	氵 米 夕 1 6 2
澂	氵 山 1 王 攵
澄	氵 5 ㇏ 3 3 ㇏ 1 口 丷 1
澈	氵 亠 厶  攵
澉	氵 5 耳 攵
澌	氵  八 斤
澍	氵 士 口 丷 1 寸
澎	氵 士 口 丷 1 彡
澛	氵 鱼 日
澜	氵 门 束 丷
澡	氵 口 口 口 木
澥	氵 ⺈ 用 刀 牛
澧	氵 囗 艹 1 口 丷 1
澪	氵  𠆢 ㇏ 龴
澭	氵 亠 6 6 3 亻 亠 龶
澳	氵 3 冂 米 大
澴	氵 罒 1 口 3 6 ㇒ ㇏
澶	氵 亠 囗 口 日 1
澹	氵 ⺈ 厂 八 言
澼	氵 尸 口 辛
澽	氵 2 1 5 3 七 豕
激	氵 白 方 攵
濂	氵 广 丷 1 5 1 艹 八
濉	氵 目 亻 亠 龶
濋	氵 木 木 5 龰
濑	氵 束 ⺈ 贝
濒	氵  2 3 3 1 3 贝
濞	氵 自 田 1 3 2
濠	氵 亠 口 冖 豕
濡	氵  而
濩	氵 艹 亻 亠 龶 又
濮	氵 亻 2 ⺌ 1 丷 1 夫
濯	氵 习 习 亻 亠 龶
瀌	氵 广 5 2 2 1 1 6 匕 灬
瀍	氵 广 日  八 土
瀑	氵 日 艹 1 八 氺
瀔	氵 士 冖 1 千 𠆢 殳
瀚	氵 十 日 十 𠆢 习 习
瀛	氵 亠 6 口 月 女 几 ㇏
瀣	氵 2 1 夕 又  1 2 三 1
瀱	氵 罒 厂 火 火 刂
瀵	氵 米 田 艹 1 八
瀹	氵 𠆢 1 口 口 口 
瀼	氵 亠 口 口 1 艹 1 3 6 ㇒ ㇏
灈	氵 目 目 亻 亠 龶
灌	氵 艹 口 口 亻 亠 龶
灏	氵 日 亠 口 小 1 3 贝
灞	氵  廿 口 十 月
火	火
灭	1 火
灯	火 丁
灰	𠂇 火
灵	彐 火
灶	火 土
灸	3 5 ㇏ 火
灼	火 勺
灾	宀 火
灿	火 山
炀	火 𠃓
炅	日 火
炆	火 文
炉	火 户
炊	火 ⺈ 人
炌	火 介
炎	火 火
炒	火 2 八 3
炔	火 5 大
炕	火 亠 几
炖	火 1 6 2 6
炘	火 斤
炙	夕 4 火
炜	火 韦
炝	火 𠆢 ⺋
炟	火 日 1
炣	火 可
炫	火 亠 6 厶
炬	火 匚 5 1
炭	山 𠂇 火
炮	火 3 5 巳
炯	火 冂 口
炱	厶 口 火
炳	火 1 冂 人
炷	火 亠 土
炸	火 𠂉 2 二
点	卜 口 灬
炻	火 石
炼	火 1 6 5 八
炽	火 口 八
烀	火 ㇒ 丷 1 2
烁	火 ㇒ 6 小
烂	火 丷 1 二
烃	火 5 ㇏ 工
烈	歹 刂 灬
烊	火 羊
烔	火 冂 1 口
烘	火 艹 1 八
烙	火 各
烛	火 虫
烜	火 1 日 1
烝	5 水 1 灬
烟	火 囗 大
烠	火 𠂇 
烤	火 十 𠂇 丂
烦	火 1 3 贝
烧	火 1 6 ㇒ 1 儿
烨	火 亻  十
烩	火 𠆢 二 厶
烫	氵 𠃓 火
烬	火 尸 ㇏ 4 4
热	扌 3 ㇈ ㇏ 灬
烯	火 乂 𠂇 巾
烶	火 千 1 廴
烷	火 宀 二 儿
烹	亠 口 5 2 灬
烺	火 ㇏ 彐 6 ㇒ ㇏
烻	火 ㇒ 2 1 6 廴
烽	火 夂 丰
焆	火 口 
焉	1  1 5 灬
焊	火 日 干
焌	火 厶 八 夂
焐	火 五 口
焓	火 𠆢 ㇏ 5 口
焕	火 ⺈ 2 5 大
焖	火 门 心
焗	火 尸 5 口
焘	三 3 寸 灬
焙	火 立 口
焚	木 木 火
焜	火 日 比
焞	火 亠 口 子
焦	亻 亠 龶 灬
焯	火 2 1 日 十
焰	火 ⺈ 臼
焱	火 火 火
然	夕 4 犬 灬
煁	火  八 6
煃	火 大 土 土
煅	火 ㇒ 2 三 殳
煊	火 宀 1 日 1
煋	火 日 3 龶
煌	火 白 王
煎	丷 1  刂 灬
煓	火 山 而
煜	火 日 立
煞	⺈ 彐 攵 灬
煟	火 田 
煤	火 甘 木
煦	日 句 灬
照	日 刀 口 灬
煨	火 田 1 戈
煮	耂 日 灬
煲	亻 口 木 火
煳	火 古 月
煴	火 日 皿
煸	火 户 
煺	火 彐 6 ㇒ ㇏ 辶
煽	火 户 习 习
熄	火 自 心
熇	火 高
熊	厶  匕 匕 灬
熏	㇒ 1 黑
熔	火 宀 谷
熘	火 ㇒ 6 ㇏ 刀 田
熙	匚 2 口 2 巳 灬
熛	火 覀 二 小
熜	火 3 囗 夂 心
熟	亠 口 子 3 ㇈ ㇏ 灬
熠	火 习 习 白
熥	火 龴  辶
熨	尸 二 小 寸 火
熬	龶 5 3 攵 灬
熵	火 亠 丷 冂 八 口
熹	士 口 丷 1 口 灬
熻	火 𠆢 1 口 习 习
燃	火 夕 4 犬 灬
燊	火 火 火 木
燋	火 亻 亠 龶 灬
燎	火 大 丷 日 小
燏	火 予 3 冂 八 口
燔	火 ㇒ 米 田
燕	廿 口  匕 灬
燚	火 火 火 火
燠	火 3 冂 米 大
燥	火 口 口 口 木
燧	火 丷 豕 辶
燮	言 火 火 又
燹	豕 豕 火
爆	火 日 艹 1 八 氺
爇	艹 土 八 土 3 ㇈ ㇏ 灬
爔	火 丷 王 千 𠆢 1 5 戈
爚	火 𠆢 1 口 口 口 
爝	火 爫 罒 彐 6 ㇏ 寸
爟	火 艹 口 口 亻 亠 龶
爨	㇒ 2 二 冂 1 口 5 二 冖 木 木 大 火
爪	㇒ 3 2 ㇏
爬	㇒ 3 2 ㇏ 巴
爰	爫 1 𠂇 又
爱	爫 冖 𠂇 又
爵	爫 罒 彐 6 ㇏ 寸
父	八 乂
爷	八 乂 
爸	八 乂 巴
爹	八 乂 夕 夕
爻	乂 乂
爽	𠂇 乂 乂 乂 乂 ㇏
爿	6 2 1 3
牁	6 2 1 3 可
牂	6 2 1 3 羊
片	片
版	片 ㇒ 3 又
牌	片 白 3 十
牍	片 十 5 氵 人
牒	片 廿 6 木
牖	片 户 甫
牙	1 6 2 3
牚	 口 1 6 2 3
牛	牛
牝	牜 匕
牟	厶 牛
牡	牜 土
牢	宀 牛
牤	牜 亠 6
牥	牜 方
牦	牜 毛
牧	牜 攵
物	牜 勿
牮	亻 弋 牛
牯	牜 古
牲	牜 3 龶
牵	大 冖 牛
特	牜 土 寸
牺	牜 西
牻	牜 𠂇 6 ㇒ ㇒ ㇒ ㇏
牾	牜 五 口
牿	牜  口
犀	尸 2 冫 ㇒ 4 牛
犁	禾 刂 牛
犄	牜 大 可
犇	牛 牜 牛
犊	牜 十 5 氵 人
犋	牜 且 1 八
犍	牜 5 三 十 廴
犏	牜 户 
犒	牜 高
犟	弓 口 虫 牛
犨	亻 亠 龶 亻 亠 龶 牛
犬	犬
犯	犭 ⺋
犰	犭 3 ㇈
犴	犭 干
状	丬 犬
犷	犭 广
犸	犭 马
犹	犭 尤
狁	犭 厶 儿
狂	犭 王
狃	犭 5 
狄	犭 火
狈	犭 贝
狉	犭 1 亻 4 1
狍	犭 3 5 巳
狎	犭 日 2
狐	犭 ㇒ 3 6 ㇏ ㇏
狒	犭 5 1 5 3 2
狗	犭 句
狙	犭 且
狝	犭 ⺈ 小
狞	犭 宀 丁
狠	犭 彐 6 ㇒ ㇏
狡	犭 亠 八 乂
狨	犭 戈 𠂇
狩	犭 宀 寸
独	犭 虫
狭	犭 1 丷 大
狮	犭 2 3 1 巾
狯	犭 𠆢 二 厶
狰	犭 ⺈ 5 二 2
狱	犭 讠 犬
狲	犭 子 小
狳	犭 𠆢 于 八
狴	犭 1 6 匕 土
狷	犭 口 
狸	犭 日 
狺	犭 言
狻	犭 厶 八 夂
狼	犭 ㇏ 彐 6 ㇒ ㇏
猁	犭 千 𠆢 刂
猃	犭 𠆢 1 ㇏ 丷 1
猄	犭 亠 口 小
猇	犭 2 1 5 3 七 几
猊	犭 臼 儿
猎	犭 艹 1 日
猕	犭 5 1 5 ⺈ 小
猖	犭 日 日
猗	犭 大 可
猛	犭 子 皿
猜	犭 龶 
猝	犭 亠 人 人 十
猞	犭 𠆢 干 口
猡	犭 罒 夕
猢	犭 古 月
猥	犭 田 1 戈
猩	犭 日 3 龶
猪	犭 十 𠂇 日
猫	犭 艹 田
猬	犭 田 
献	十 冂 丷 干 犬
猯	犭 山 而
猰	犭 丰 刀 大
猱	犭 予 3 木
猴	犭 亻 5 1 𠂉 大
猷	丷 西 1 犬
猹	犭 木 日 1
猺	犭 爫 𠂉 1 山
猾	犭 骨
猿	犭 土 口 3 6 ㇒ ㇏
獍	犭 立 日 儿
獐	犭 立 日 十
獒	龶 5 3 攵 犬
獗	犭 厂 丷 1 6 2 3 ⺈ 人
獠	犭 大 丷 日 小
獬	犭 ⺈ 用 刀 牛
獭	犭 束 ⺈ 贝
獯	犭 ㇒ 1 黑
獴	犭 艹 冖 1 豕
獾	犭 艹 口 口 亻 亠 龶
玃	犭 目 目 亻 亠 龶 又
玄	亠 6 厶
率	亠 6 厶 冫 ㇒ 4 十
玉	玉
王	王
玎	王 丁
玑	王 几
玒	王 工
玓	王 勺
玕	王 干
玖	王 3 5 ㇏
玘	王 己
玙	王 与
玚	王 𠃓
玛	王 马
玞	王 夫
玟	王 文
玠	王 介
玡	王 1 6 2 3
玢	王 八 刀
玤	王 丰
玥	王 月
玦	王 5 大
玩	王 二 儿
玫	王 攵
玭	王 比
玮	王 韦
环	王 不
现	王 见
玱	王 𠆢 ⺋
玲	王 𠆢 ㇏ 龴
玳	王 亻 弋
玶	王 1 丷 十
玷	王 2 1 口
玹	王 亠 6 厶
玺	⺈ 小 玉
玻	王 5 3 2 又
玼	王  匕
玿	王 刀 口
珀	王 白
珂	王 可
珅	王 日 2
珇	王 且
珈	王 力 口
珉	王 民
珊	王 册
珋	王 ㇒ 6 3 卩
珌	王 ㇏ 6 ㇏ 八
珍	王 𠆢 彡
珏	王 玉
珐	王 土 厶
珑	王 𠂇  ㇏
珒	王 5 三 十
珕	王 力 力 力
珖	王 ⺌ 1 儿
珙	王 艹 1 八
珛	王 𠂇 
珝	王 习 习
珞	王 各
珠	王 牛 𠆢
珢	王 彐 6 ㇒ ㇏
珣	王 3 5 日
珥	王 耳
珦	王 3 冂 口
珧	王 3 冫 6 ㇒ 4
珩	王 彳 1 丁
珪	王 土 土
珫	王 亠 厶 儿
班	王 王 ㇏ 3
珰	王 ⺌ 彐
珲	王 冖 车
珵	王 口 王
珷	王 1 弋 
珸	王 五 口
珹	王 成
珺	王 5 二 3 口
珽	王 千 1 廴
琀	王 𠆢 ㇏ 5 口
球	王 1 2 冫 ㇒ 4 ㇏
琄	王 口 
琅	王 ㇏ 彐 6 ㇒ ㇏
理	王 日 
琇	王 千 𠆢 5 3
琈	王 爫 子
琉	王 亠 厶 
琊	王 1 6 2 3 阝
琎	王 二 3 2 辶
琏	王 车 辶
琐	王 ⺌ 贝
琔	王 宀 1 龰
琚	王 尸 古
琛	王 冖 八 木
琟	王 亻 亠 龶
琡	王 2 二 小 又
琢	王 1 ㇒ 5 ㇒ ㇒ ㇏ ㇒ ㇏
琤	王 ⺈ 5 二 2
琥	王 2 1 5 3 七 几
琦	王 大 可
琨	王 日 比
琪	王  八
琫	王 三 人 𰀁
琬	王 宀 夕 ⺋
琭	王  氺
琮	王 宀 二 小
琯	王 宀 
琰	王 火 火
琲	王  1 2 三
琳	王 木 木
琴	王 王 𠆢 ㇏ 5
琵	王 王 比
琶	王 王 巴
琼	王 亠 口 小
瑀	王 ㇒ 口 
瑁	王 2 5 二 目
瑂	王 尸 2 目
瑃	王 三 人 日
瑄	王 宀 1 日 1
瑅	王 日 1 龰
瑆	王 日 3 龶
瑑	王 6 5 豕
瑓	王 束 丷
瑔	王 白 水
瑕	王 5 1 2 二 5 1 又
瑖	王 ㇒ 2 三 殳
瑗	王 爫 1 𠂇 又
瑙	王 巛 3 囗 乂
瑚	王 古 月
瑛	王 艹 2 5 大
瑜	王 𠆢 1  刂
瑝	王 白 王
瑞	王 山 而
瑟	王 王 ㇏ 6 ㇏ 八
瑢	王 宀 谷
瑧	王 三 人 千 𠆢
瑨	王 1 2 ⺌ 1 日
瑬	氵 亠 厶  玉
瑭	王 广 5 𰀁 口
瑰	王 鬼
瑱	王 真
瑳	王 丷 三 3 工
瑶	王 爫 𠂉 1 山
瑷	王 爫 冖 𠂇 又
瑾	王 廿 口 龶
璀	王 山 亻 亠 龶
璁	王 3 囗 夂 心
璃	王 亠 乂 6 2 冂 厶
璆	王 习 习 𠆢 彡
璇	王 方 𠂉 5 龰
璈	王 龶 5 3 攵
璋	王 立 日 十
璎	王 贝 贝 女
璐	王  各
璒	王 5 ㇏ 3 3 ㇏ 1 口 丷 1
璘	王 米 夕 1 6 2
璜	王 艹 1 1 日 乂
璞	王 2 ⺌ 1 丷 1 夫
璟	王 日 亠 口 小
璠	王 ㇒ 米 田
璥	王 艹 句 攵
璧	尸 口 辛 玉
璨	王 2 1 夕 又 米
璩	王 2 1 5 3 七 豕
璪	王 口 口 口 木
璬	王 白 方 攵
璮	王 亠 囗 口 日 1
璱	王 王 王 ㇏ 6 ㇏ 八
璲	王 丷 豕 辶
璺	㇒ 2 二 冂 1 口 5 二 冖 玉
瓀	王  而
瓒	王  儿  儿 贝
瓖	王 亠 口 口 1 艹 1 3 6 ㇒ ㇏
瓘	王 艹 口 口 亻 亠 龶
瓜	㇒ 3 6 ㇏ ㇏
瓞	㇒ 3 6 ㇏ ㇏ 3 夫
瓠	大 二 5 ㇒ 3 6 ㇏ ㇏
瓢	覀 二 小 ㇒ 3 6 ㇏ ㇏
瓣	 ㇒ 3 6 ㇏ ㇏ 辛
瓤	亠 口 口 1 艹 1 3 戈 ㇒ 3 6 ㇏ ㇏
瓦	1 6 ㇈ ㇏
瓮	八 厶 1 6 ㇈ ㇏
瓯	匚 乂 1 6 ㇈ ㇏
瓴	𠆢 ㇏ 龴 1 6 ㇈ ㇏
瓶	丷 1 𠂇 2 1 6 ㇈ ㇏
瓷	冫 ⺈ 人 1 6 ㇈ ㇏
瓻	乂 𠂇 巾 1 6 ㇈ ㇏
瓿	立 口 1 6 ㇈ ㇏
甄	覀 土 1 6 ㇈ ㇏
甍	艹 罒 冖 1 6 ㇈ ㇏
甏	士 口 丷 1 ㇒ ㇒ ㇒ 1 6 ㇈ ㇏
甑	丷 囗 ⺌ 日 1 6 ㇈ ㇏
甓	尸 口 辛 1 6 ㇈ ㇏
甗	2 1 5 3 七 1 口 冂 丷 1 2 1 6 ㇈ ㇏
甘	甘
甚	 八 6
甜	千 口 甘
生	3 龶
甡	3 龶 3 龶
甥	3 龶 田 力
甦	1 日 乂 3 龶
用	用
甩	月 6
甪	3 用
甫	甫
甬	龴 
甭	不 用
甯	宀 心 
田	田
由	日 2
甲	日 2
申	日 2
电	电
男	田 力
甸	勹 田
町	田 丁
画	1 田 凵
甾	巛 田
畀	田 1 3 2
畅	日 2 𠃓
畈	田 ㇒ 3 又
畋	田 攵
界	田 介
畎	田 犬
畏	田 1 戈
畔	田 丷 𰀁
畖	田 ㇒ 3 6 ㇏ ㇏
留	㇒ 6 ㇏ 刀 田
畚	厶 大 田
畛	田 𠆢 彡
畜	亠 6 厶 田
畤	田 土 寸
略	田 各
畦	田 土 土
番	㇒ 米 田
畬	𠆢 于 八 田
畯	田 厶 八 夂
畲	𠆢 二 小 田
畴	田 三 3 寸
畸	田 大 可
畹	田 宀 夕 ⺋
畿	6 厶 6 厶 戈 田
疁	田 习 习 𠆢 彡
疃	田 立 日 
疆	弓 土 1 田 1 田 1
疍	5 2 1 3 4 日 1
疏	5  亠 厶 
疐	十 冖 田 5 龰
疑	匕 𠂉 大 龴 5 龰
疔	疒 丁
疖	疒 
疗	疒 5 2
疙	疒 𠂉 ㇈
疚	疒 3 5 ㇏
疝	疒 山
疟	疒 匚 1
疠	疒 1 5 3
疡	疒 𠃓
疢	疒 火
疣	疒 尤
疤	疒 巴
疥	疒 介
疫	疒 殳
疬	疒 厂 力
疭	疒 人 人
疮	疒 𠆢 ⺋
疯	疒  乂
疰	疒 亠 土
疱	疒 3 5 巳
疲	疒 5 3 2 又
疳	疒 甘
疴	疒 可
疵	疒  匕
疸	疒 日 1
疹	疒 𠆢 彡
疼	疒 夂 4 4
疽	疒 且
疾	疒 𠂉 大
痂	疒 力 口
痃	疒 亠 6 厶
痄	疒 𠂉 2 二
病	疒 1 冂 人
症	疒 1 
痈	疒 用
痉	疒 5 ㇏ 工
痊	疒 𠆢 王
痍	疒 1 5 1 5 人
痒	疒 羊
痓	疒 至
痔	疒 土 寸
痕	疒 彐 6 ㇒ ㇏
痘	疒 1 口 丷 1
痛	疒 龴 
痞	疒 1 亻 4 口
痢	疒 千 𠆢 刂
痣	疒 士 心
痤	疒 人 人 土
痦	疒 五 口
痧	疒 氵 2 八 3
痨	疒 艹 冖 力
痪	疒 ⺈ 2 5 大
痫	疒 门 木
痰	疒 火 火
痱	疒  1 2 三
痴	疒 𠂉 大 口
痹	疒 田 1 3 2
痼	疒 固
痿	疒 千 𠆢 女
瘀	疒 方 𠆢 4 4
瘁	疒 亠 人 人 十
瘃	疒 1 ㇒ 5 ㇒ ㇒ ㇏ ㇒ ㇏
瘅	疒 丷 日 十
瘆	疒 厶 大 彡
瘊	疒 亻 5 1 𠂉 大
瘌	疒 束 刂
瘐	疒 臼 人
瘕	疒 5 1 2 二 5 1 又
瘗	疒 1 丷 大 土
瘘	疒 米 女
瘙	疒 又 ㇏ 虫
瘛	疒 丰 刀 心
瘟	疒 日 皿
瘠	疒 冫 ㇒ 4 人 
瘢	疒 舟 殳
瘤	疒 ㇒ 6 ㇏ 刀 田
瘥	疒 丷 三 3 工
瘦	疒 臼 2 又
瘩	疒 艹 𠆢 1 口
瘪	疒 自 𠆢 匕
瘫	疒 又 亻 亠 龶
瘭	疒 覀 二 小
瘰	疒 田 糸
瘳	疒 习 习 𠆢 彡
瘴	疒 立 日 十
瘵	疒 夕 4 5 ㇏ 二 小
瘸	疒 力 口 冂 人 人
瘼	疒 艹 日 大
瘾	疒 阝 ⺈ 彐 心
瘿	疒 贝 贝 女
癀	疒 艹 1 1 日 乂
癃	疒 阝 夂 1 3 龶
癌	疒 口 口 口 山
癍	疒 王 王 文
癔	疒 立 日 心
癖	疒 尸 口 辛
癗	疒  田
癜	疒 尸 艹 1 八 殳
癞	疒 束 ⺈ 贝
癣	疒 鱼 羊
癫	疒 真 1 3 贝
癯	疒 目 目 亻 亠 龶
癸	5 ㇏ 3 3 ㇏ 1 大
登	5 ㇏ 3 3 ㇏ 1 口 丷 1
白	白
百	1 白
癿	白 6
皂	白 七
的	白 勺
皆	比 白
皇	白 王
皈	白 ㇒ 3 又
皋	白 大 十
皎	白 亠 八 乂
皑	白 山 己
皓	白  口
皕	1 白 1 白
皖	白 宀 二 儿
皙	木 斤 白
皛	白 白 白
皞	白 白 大 十
皤	白 ㇒ 米 田
皦	白 白 方 攵
皭	白 爫 罒 彐 6 ㇏ 寸
皮	5 3 2 又
皱	⺈ 彐 5 3 2 又
皲	冖  5 3 2 又
皴	厶 八 夂 5 3 2 又
皿	皿
盂	于 皿
盅	口 2 皿
盆	八 刀 皿
盈	5 3 又 皿
盉	禾 皿
益	丷 1 八 皿
盍	土 厶 皿
盎	冂 大 皿
盏	二 戈 皿
盐	土 2 4 皿
监	2 2 𠂉 ㇏ 皿
盒	𠆢 1 口 皿
盔	𠂇 火 皿
盖	丷 王 皿
盗	冫 ⺈ 人 皿
盘	舟 皿
盛	成 皿
盟	日 月 皿
盥	㇒ 2 二 水 5 二 皿
盦	𠆢 ㇏ 5 西 1 皿
目	目
盯	目 丁
盱	目 于
盲	亠 6 目
直	直
盷	目 3 5 冫
相	木 目
盹	目 1 6 2 6
盼	目 八 刀
盾	㇒ 3 十 目
省	2 八 3 目
眄	目 1 2 6 5
眇	目 2 八 3
眈	目 冖 儿
眉	尸 2 目
眊	目 毛
看	龵 目
眍	目 匚 乂
眙	目 厶 口
眚	3 龶 目
真	真
眠	目 民
眢	夕 ⺋ 目
眦	目  匕
眨	目 ㇒ ㇏ 5 4
眩	目 亠 6 厶
眬	目 𠂇  ㇏
眭	目 土 土
眯	目 米
眵	目 夕 夕
眶	目 匚 王
眷	丷 夫 目
眸	目 厶 牛
眺	目 3 冫 6 ㇒ 4
眼	目 彐 6 ㇒ ㇏
着	丷 三 3 目
睁	目 ⺈ 5 二 2
睃	目 厶 八 夂
睄	目 ⺌ 
睇	目 弟
睎	目 乂 𠂇 巾
睐	目 1 米
睑	目 𠆢 1 ㇏ 丷 1
睚	目 厂 土 土
睛	目 龶 
睡	目 千 艹 二
睢	目 亻 亠 龶
督	2 二 小 又 目
睥	目 白 3 十
睦	目 土 八 土
睨	目 臼 儿
睫	目 1 5 𰀁 1 3 4
睬	目 爫 木
睹	目 十 𠂇 日
睽	目 5 ㇏ 3 3 ㇏ 1 大
睾	3 罒 土 丷 干
睿	卜 冖 1 八 𠆢 目
瞀	予 3 攵 目
瞄	目 艹 田
瞅	目 千 𠆢 火
瞋	目 真
瞌	目 土 厶 皿
瞍	目 臼 2 又
瞎	目 宀 丰 口
瞑	目 冖 日 亠 八
瞒	目 艹 1 冂 人 人
瞟	目 覀 二 小
瞠	目  口 土
瞢	艹 罒 冖 目
瞥	丷 巾 八 攵 目
瞧	目 亻 亠 龶 灬
瞩	目 尸 ㇒ 口 
瞪	目 5 ㇏ 3 3 ㇏ 1 口 丷 1
瞫	目 覀 日 十
瞬	目 爫 冖 夕 1 6 2
瞭	目 大 丷 日 小
瞰	目 5 耳 攵
瞳	目 立 日 
瞵	目 米 夕 1 6 2
瞻	目 ⺈ 厂 八 言
瞽	士 口 丷 1 十 又 目
瞿	目 目 亻 亠 龶
矍	目 目 亻 亠 龶 又
矗	直 直 直
矛	予 3
矜	予 3 𠆢 ㇏ 5
矞	予 3 冂 八 口
矢	𠂉 大
矣	厶 𠂉 大
知	𠂉 大 口
矧	𠂉 大 5 1 5 2
矩	𠂉 大 匚 5 1
矫	𠂉 大 ㇒ 大 3 2
矬	𠂉 大 人 人 土
短	𠂉 大 1 口 丷 1
矮	𠂉 大 千 𠆢 女
矰	𠂉 大 丷 囗 ⺌ 日
石	石
矶	石 几
矸	石 干
矻	石 𠂉 ㇈
矼	石 工
矾	石 几 ㇏
矿	石 广
砀	石 𠃓
码	石 马
砂	石 2 八 3
砄	石 5 大
砆	石 夫
砉	丰 石
砌	石 七 刀
砍	石 ⺈ 人
砑	石 1 6 2 3
砒	石 比
研	石 1 𠂇 2
砖	石 专
砗	石 车
砘	石 1 6 2 6
砚	石 见
砜	石  乂
砝	石 土 厶
砟	石 𠂉 2 二
砠	石 且
砣	石 宀 匕
砥	石 氏 ㇏
砧	石 2 1 口
砫	石 亠 土
砬	石 立
砭	石 ㇒ ㇏ 5 4
砮	女 又 石
砰	石 1 丷 十
破	石 5 3 2 又
砵	石 木 1
砷	石 日 2
砸	石 匚 巾
砹	石 艹 乂
砺	石 厉
砻	𠂇  ㇏ 石
砼	石 𠆢 工
砾	石 ㇒ 6 小
础	石 出
硁	石 5 ㇏ 工
硅	石 土 土
硇	石 3 囗 乂
硊	石 ⺈ 厂 ⺋
硌	石 各
硍	石 彐 6 ㇒ ㇏
硎	石 1 𠂇 2 刂
硐	石 冂 1 口
硒	石 西
硔	石 艹 1 八
硕	石 1 3 贝
硖	石 1 丷 大
硗	石 1 6 ㇒ 1 儿
硙	石 山 己
硚	石 ㇒ 大 3 2
硝	石 ⺌ 
硪	石 ㇒ 扌 戈
硫	石 亠 厶 
硬	石 1 日 乂
硭	石 艹 亠 6
确	石 ⺈ 用
硼	石 月 月
硿	石 宀 八 工
碃	石 龶 
碇	石 宀 1 龰
碈	石 氏 日
碉	石  土 口
碌	石  氺
碍	石 日 1 寸
碎	石 亠 人 人 十
碏	石 艹 1 日
碑	石 白 3 十
碓	石 亻 亠 龶
碗	石 宀 夕 ⺋
碘	石 2 5 艹 1 八
碚	石 立 口
碛	石 龶 贝
碜	石 厶 大 彡
碟	石 廿 6 木
碡	石 龶 母
碣	石 日 3 5 人 6
碥	石 户 
碧	王 白 石
碨	石 田 1 戈
碰	石 丷 1 2 ⺌ 1
碱	石 厂 1 口 戈
碲	石 亠 丷 冖 巾
碳	石 山 𠂇 火
碴	石 木 日 1
碶	石 丰 刀 大
碹	石 宀 1 日 1
碾	石 尸 艹 1 戈
磁	石 丷 1 6 厶 6 厶
磅	石 亠 丷 冖 方
磉	石 又 又 又 木
磊	石 石 石
磋	石 丷 三 3 工
磏	石 丷 1 5 1 艹 八
磐	舟 殳 石
磔	石 夕 1 6 2 木
磕	石 土 厶 皿
磙	石 亠 八 厶 3 6 ㇒ ㇏
磜	石 夕 4 5 ㇏ 二 小
磡	石  八 6 力
磨	麻 石
磬	士 尸 2 殳 石
磲	石 氵 匚 5 1 木
磴	石 5 ㇏ 3 3 ㇏ 1 口 丷 1
磷	石 米 夕 1 6 2
磹	石 覀 日 十
磻	石 ㇒ 米 田
礁	石 亻 亠 龶 灬
礅	石 亠 口 子 攵
礌	石  田
礓	石 1 田 1 田 1
礞	石 艹 冖 1 豕
礴	石 艹 氵 甫 寸
礵	石  木 目
示	二 小
礼	礻 6
社	礻 土
祀	礻 巳
祁	礻 阝
祃	礻 马
祆	礻 1 大
祇	礻 氏
祈	礻 斤
祉	礻 
祊	礻 方
祋	礻 殳
祎	礻 韦
祏	礻 石
祐	礻 𠂇 口
祓	礻 𠂇 又 ㇏
祕	礻 ㇏ 6 ㇏ 八
祖	礻 且
祗	礻 氏 ㇏
祚	礻 𠂉 2 二
祛	礻 土 厶
祜	礻 古
祝	礻 兄
神	礻 日 2
祟	出 二 小
祠	礻 5 1 口
祢	礻 ⺈ 小
祥	礻 羊
祧	礻 3 冫 6 ㇒ 4
票	覀 二 小
祭	夕 4 5 ㇏ 二 小
祯	礻 2 1 贝
祲	礻 彐 冖 又
祷	礻 三 3 寸
祸	礻 口 冂 人
祺	礻  八
祼	礻 日 木
祾	礻 土 八 夂
禀	亠 囗 口 二 小
禁	木 木 二 小
禄	礻  氺
禅	礻 丷 日 十
禊	礻 丰 刀 大
禋	礻 覀 土
福	礻 1 口 田
禒	礻 6 5 豕
禔	礻 日 1 龰
禘	礻 亠 丷 冖 巾
禚	礻 丷 王 灬
禛	礻 真
禤	礻 罒 习 习
禧	礻 士 口 丷 1 口
禳	礻 亠 口 口 1 艹 1 3 6 ㇒ ㇏
禹	㇒ 口 
禺	日 
离	亠 乂 6 2 冂 厶
禽	𠆢 亠 乂 6 2 冂 厶
禾	禾
秀	禾 5 3
私	禾 厶
秃	禾 几
秆	禾 干
秉	㇒ 1 5 𰀁 𠆢
秋	禾 火
种	禾 口 2
科	禾 氵 2
秒	禾 2 八 3
秕	禾 比
秘	禾 ㇏ 6 ㇏ 八
租	禾 且
秣	禾 末
秤	禾 1 丷 十
秦	三 人 千 𠆢
秧	禾 2 5 大
秩	禾 3 夫
秫	禾 木 ㇏
秬	禾 匚 5 1
秭	禾 ㇒ 5 2 3
积	禾 口 八
称	禾 ⺈ 小
秸	禾 士 口
移	禾 夕 夕
秽	禾 山 夕
秾	禾 冖 3 6 ㇒ ㇏
稀	禾 乂 𠂇 巾
稂	禾 ㇏ 彐 6 ㇒ ㇏
稃	禾 爫 子
稆	禾 口 口
程	禾 口 王
稌	禾 𠆢 于 八
稍	禾 ⺌ 
税	禾 丷 兄
稑	禾 土 八 土
稔	禾 𠆢 ㇏ 5 心
稗	禾 白 3 十
稙	禾 直
稚	禾 亻 亠 龶
稞	禾 日 木
稠	禾  土 口
稣	鱼 千 𠆢
稳	禾 ⺈ 彐 心
稷	禾 田 八 夂
稹	禾 真
稻	禾 爫 臼
稼	禾 宀 豕
稽	禾 尤 匕 日
稿	禾 高
穄	禾 夕 4 5 ㇏ 二 小
穆	禾 白 小 彡
穑	禾 十 丷 1 囗 口
穗	禾 1 日 2 1 ㇏ 心
穙	禾 2 ⺌ 1 丷 1 夫
穜	禾 立 日 
穟	禾 丷 豕 辶
穰	禾 亠 口 口 1 艹 1 3 6 ㇒ ㇏
穴	宀 八
究	宀 八 3 ㇈
穷	宀 八 力
穸	宀 八 夕
穹	宀 八 5 丂
空	宀 八 工
穿	宀 八 1 6 2 3
窀	宀 八 1 6 2 6
突	宀 八 犬
窃	宀 八 七 刀
窄	宀 八 𠂉 2 二
窅	宀 八 目
窈	宀 八 6 厶 力
窊	宀 八 ㇒ 3 6 ㇏ ㇏
窍	宀 八 工 丂
窎	宀 八 鸟
窑	宀 八 𠂉 1 山
窒	宀 八 至
窕	宀 八 3 冫 6 ㇒ 4
窖	宀 八  口
窗	宀 八 3 囗 夂
窘	宀 八 5 二 3 口
窜	宀 八 口 口 2
窝	宀 八 口 冂 人
窟	宀 八 尸 出
窠	宀 八 日 木
窣	宀 八 亠 人 人 十
窥	宀 八 夫 见
窦	宀 八 十 5 氵 人
窨	宀 八 立 日
窬	宀 八 𠆢 1  刂
窭	宀 八 米 女
窳	宀 八 ㇒ 3 6 ㇏ ㇏ ㇒ 3 6 ㇏ ㇏
窸	宀 八 ㇒ 米 心
窿	宀 八 阝 夂 1 3 龶
立	立
竑	立 𠂇 厶
竖	2 2 又 立
竘	立 句
站	立 2 1 口
竞	立 兄
竟	立 日 儿
章	立 日 十
竣	立 厶 八 夂
童	立 日 
竦	立 束
竫	立 ⺈ 5 二 2
竭	立 日 3 5 人 6
端	立 山 而
竹	⺮
竺	⺮ 二
竽	⺮ 于
竿	⺮ 干
笃	⺮ 马
笄	⺮ 1 𠂇 2
笆	⺮ 巴
笈	⺮ 及
笊	⺮ ㇒ 3 2 ㇏
笋	⺮ 5 二 3
笏	⺮ 勿
笑	⺮ ㇒ 大
笔	⺮ 毛
笕	⺮ 见
笙	⺮ 3 龶
笛	⺮ 日 2
笞	⺮ 厶 口
笠	⺮ 立
笤	⺮ 刀 口
笥	⺮ 5 1 口
符	⺮ 付
笨	⺮ 木 1
笪	⺮ 日 1
笫	⺮ ㇒ 5 2 3
第	⺮ 弟
笮	⺮ 𠂉 2 二
笯	⺮ 女 又
笱	⺮ 句
笳	⺮ 力 口
笸	⺮ 匚 口
笺	⺮ 戋
笼	⺮ 𠂇  ㇏
笾	⺮ 力 辶
筀	⺮ 土 土
筅	⺮  儿
筇	⺮ 工 阝
等	⺮ 土 寸
筋	⺮ 月 力
筌	⺮ 𠆢 王
筏	⺮ 亻 戈
筐	⺮ 匚 王
筑	⺮ 工 几 ㇏
筒	⺮ 冂 1 口
答	⺮ 𠆢 1 口
策	⺮ 1 巾 𠆢
筘	⺮ 扌 口
筚	⺮ 1 6 匕 十
筛	⺮ 2 3 1 巾
筜	⺮ ⺌ 彐
筝	⺮ ⺈ 5 二 2
筠	⺮ 土 3 5 冫
筢	⺮ 扌 巴
筤	⺮ ㇏ 彐 6 ㇒ ㇏
筥	⺮ 口 口
筦	⺮ 宀 二 儿
筮	⺮ 工 人 人
筱	⺮ 亻 2 攵
筲	⺮ ⺌ 
筵	⺮ ㇒ 2 1 6 廴
筶	⺮  口
筷	⺮ 忄 5 大
筹	⺮ 三 3 寸
筻	⺮ 1 日 乂
筼	⺮ 口 贝
签	⺮ 𠆢 1 ㇏ 丷 1
简	⺮ 门 日
箅	⺮ 田 1 3 2
箍	⺮ 扌 匚 巾
箐	⺮ 龶 
箓	⺮  氺
箔	⺮ 氵 白
箕	⺮  八
箖	⺮ 木 木
算	⺮ 目 𠂇 2
箜	⺮ 宀 八 工
管	⺮ 宀 
箢	⺮ 宀 夕 ⺋
箦	⺮ 龶 贝
箧	⺮ 匚 1 丷 大
箨	⺮ 扌 又 𰀁
箩	⺮ 罒 夕
箪	⺮ 丷 日 十
箫	⺮ 5 𰀁 3 2 八
箬	⺮ 艹 𠂇 口
箭	⺮ 丷 1  刂
箱	⺮ 木 目
箴	⺮ 厂 1 口 戈
箸	⺮ 十 𠂇 日
篁	⺮ 白 王
篆	⺮ 6 5 豕
篇	⺮ 户 
篌	⺮ 亻 5 1 𠂉 大
篑	⺮ 口 2 1 贝
篓	⺮ 米 女
篙	⺮ 高
篚	⺮ 匚  1 2 三
篝	⺮ 1 艹 1 冂 
篡	⺮ 目 大 厶
篥	⺮ 覀 木
篦	⺮ 3 囗 乂 比
篪	⺮ ㇒ 3 2 1 5 3 七 几
篮	⺮ 2 2 𠂉 ㇏ 皿
篯	⺮ 钅 戋
篱	⺮ 亠 乂 6 2 冂 厶
篷	⺮ 夂 丰 辶
篼	⺮ 白 ㇒ 6 5 1 儿
篾	⺮ 罒 厂 ㇏ 戈
簃	⺮ 千 𠆢 夕 夕
簇	⺮ 方 𠂉 𠂉 大
簉	⺮  口 辶
簋	⺮ 彐 6 ㇒ ㇏ 皿
簌	⺮ 束 ⺈ 人
簏	⺮ 广 5 2 2 1 比
簕	⺮ 廿 口 十 力
簖	⺮ 米 6 斤
簝	⺮ 大 丷 日 小
簟	⺮ 覀 日 十
簠	⺮ 甫 皿
簧	⺮ 艹 1 1 日 乂
簪	⺮ 1 6 儿 1 6 儿 日
簰	⺮ 片 白 3 十
簸	⺮  八 5 3 2 又
簿	⺮ 氵 甫 寸
籀	⺮ 扌 ㇒ 6 ㇏ 刀 田
籁	⺮ 束 ⺈ 贝
籍	⺮ 丰 𠆢 艹 1 日
籥	⺮ 𠆢 1 口 口 口 
米	米
籴	3 ㇏ 米
类	米 大
籼	米 山
籽	米 子
粉	米 八 刀
粑	米 巴
粒	米 立
粕	米 白
粗	米 且
粘	米 2 1 口
粜	出 米
粝	米 厉
粞	米 西
粟	覀 米
粢	冫 ⺈ 人 米
粤	3 囗 米 丂
粥	弓 米 5 丂
粪	米 艹 1 八
粮	米 ㇏ 彐 6 ㇒ ㇏
粱	氵 刀 ㇏ ㇏ 米
粲	卜 夕 又 米
粳	米 1 日 乂
粹	米 亠 人 人 十
粼	米 夕 1 6 2 6 6
粽	米 宀 二 小
精	米 龶 
粿	米 日 木
糁	米 厶 大 彡
糅	米 予 3 木
糇	米 亻 5 1 𠂉 大
糈	米 5 2 1 3 4 
糊	米 古 月
糌	米 夂 2 4 日
糍	米 丷 1 6 厶 6 厶
糒	米 艹 1 3 
糕	米 丷 王 灬
糖	米 广 5 𰀁 口
糗	米 自 犬
糙	米  口 辶
糜	麻 米
糟	米 1 囗 艹 日
糠	米 广 5 二 氺
糨	米 5 1 5 口 虫
糯	米  而
糵	艹 3  辛 米
系	㇒ 糸
紊	文 糸
素	龶 糸
索	十 冖 糸
紧	2 2 又 糸
紫	 匕 糸
累	田 糸
絜	丰 刀 糸
絮	女 口 糸
絷	扌 3 ㇈ ㇏ 糸
綦	 八 糸
綮	户 攵 糸
縠	士 冖 1 糸 殳
縢	月 丷 夫 糸
縻	麻 糸
繁	𠂉 6 5 亠 ㇏ 攵 糸
繄	匚 𠂉 大 殳 糸
繇	爫 𠂉 1 山 ㇒ 糸
纂	⺮ 目 大 糸
纛	龶 6 5 亠 ㇏ 且 丁 八 ㇒ 糸
纠	纟 6 2
纡	纟 于
红	纟 工
纣	纟 寸
纤	纟 千
纥	纟 𠂉 ㇈
约	纟 勺
级	纟 及
纨	纟 3 ㇈ ㇏
纩	纟 广
纪	纟 己
纫	纟 刀 ㇏
纬	纟 韦
纭	纟 二 厶
纮	纟 𠂇 厶
纯	纟 1 6 2 6
纰	纟 比
纱	纟 2 八 3
纲	纟 冂 乂
纳	纟 冂 人
纴	纟 千 1
纵	纟 人 人
纶	纟 𠆢 匕
纷	纟 八 刀
纸	纟 氏
纹	纟 文
纺	纟 方
纻	纟 宀 1
纼	纟 5 1 5 2
纽	纟 5 
纾	纟 予
线	纟 戋
绀	纟 甘
绁	纟 廿 6
绂	纟 𠂇 又 ㇏
练	纟 1 6 5 八
组	纟 且
绅	纟 日 2
细	纟 田
织	纟 口 八
终	纟 夂 4 4
绉	纟 ⺈ 彐
绊	纟 丷 𰀁
绋	纟 5 1 5 3 2
绌	纟 出
绍	纟 刀 口
绎	纟 又 𰀁
经	纟 5 ㇏ 工
绐	纟 厶 口
绑	纟 三 3 阝
绒	纟 戈 𠂇
结	纟 士 口
绔	纟 大 二 5
绕	纟 1 6 ㇒ 1 儿
绖	纟 至
绗	纟 彳 1 丁
绘	纟 𠆢 二 厶
给	纟 𠆢 1 口
绚	纟 3 5 日
绛	纟 夂 1 6 2
络	纟 各
绝	纟 ⺈ 巴
绞	纟 亠 八 乂
统	纟 亠 厶 儿
绠	纟 1 日 乂
绡	纟 ⺌ 
绢	纟 口 
绣	纟 千 𠆢 5 3
绤	纟 谷
绥	纟 爫 女
绦	纟 夂 1 小
继	纟 米 6
绨	纟 弟
绩	纟 龶 贝
绪	纟 十 𠂇 日
绫	纟 土 八 夂
续	纟 十 5 氵 人
绮	纟 大 可
绯	纟  1 2 三
绰	纟 2 1 日 十
绱	纟 尚
绲	纟 日 比
绳	纟 口 电
维	纟 亻 亠 龶
绵	纟 白 巾
绶	纟 爫 冖 又
绷	纟 月 月
绸	纟  土 口
绹	纟 3 5 𠂉 1 山
绺	纟 夂 2 4 口
绻	纟 丷 夫 ⺋
综	纟 宀 二 小
绽	纟 宀 1 龰
绾	纟 宀 
绿	纟  氺
缀	纟 又 又 又 又
缁	纟 巛 田
缂	纟 廿 口 十
缃	纟 木 目
缄	纟 厂 1 口 戈
缅	纟 1 3 罒 二
缆	纟 2 2 𠂉 ㇏ 见
缇	纟 日 1 龰
缈	纟 目 2 八 3
缉	纟 口 耳
缊	纟 日 皿
缌	纟 田 心
缎	纟 ㇒ 2 三 殳
缐	纟 白 水
缑	纟 亻 5 1 𠂉 大
缒	纟 3  辶
缓	纟 爫 1 𠂇 又
缔	纟 亠 丷 冖 巾
缕	纟 米 女
编	纟 户 
缗	纟 民 日
缘	纟 6 5 豕
缙	纟 1 2 ⺌ 1 日
缚	纟 甫 寸
缛	纟 厂 二 戈 寸
缜	纟 真
缝	纟 夂 丰 辶
缞	纟 亠 口 1 3 6 ㇒ ㇏
缟	纟 高
缠	纟 广 日 
缡	纟 亠 乂 6 2 冂 厶
缢	纟 丷 1 八 皿
缣	纟 丷 1 5 1 艹 八
缤	纟 宀 ㇒ 2 1 2 1 八
缥	纟 覀 二 小
缦	纟 日 罒 又
缧	纟 田 糸
缨	纟 贝 贝 女
缩	纟 宀 亻 1 白
缪	纟 习 习 𠆢 彡
缫	纟 巛 日 木
缬	纟 士 口 1 3 贝
缭	纟 大 丷 日 小
缮	纟 羊 丷 1 口
缯	纟 丷 囗 ⺌ 日
缰	纟 1 田 1 田 1
缱	纟 口 2 1  辶
缲	纟 口 口 口 木
缳	纟 罒 1 口 3 6 ㇒ ㇏
缴	纟 白 方 攵
缵	纟  儿  儿 贝
缶	𠂉 1 山
缸	𠂉 1 山 工
缺	𠂉 1 山 5 大
罂	贝 贝 𠂉 1 山
罄	士 尸 2 殳 𠂉 1 山
罅	𠂉 1 山 2 1 5 3 七 ㇒ 丷 1 2
罍	田 田 田 𠂉 1 山
罐	𠂉 1 山 艹 口 口 亻 亠 龶
网	冂 乂 乂
罔	冂 丷 1 亠 6
罕	冖 八 干
罗	罒 夕
罘	罒 不
罚	罒 讠 刂
罟	罒 古
罡	罒 1 
罢	罒 土 厶
罨	罒 大 电
罩	罒 2 1 日 十
罪	罒  1 2 三
置	罒 直
罱	罒 十 冂 丷 干
署	罒 十 𠂇 日
罴	罒 土 厶 灬
罶	罒 ㇒ 6 ㇏ 刀 田
罹	罒 忄 亻 亠 龶
罽	罒 厂 火 火 刂
罾	罒 丷 囗 ⺌ 日
羁	罒 廿 口 十 马
羊	羊
羌	丷 三 儿
美	丷 王 大
羑	丷 王 3 5 ㇏
羓	丷 三 3 巴
羔	丷 王 灬
羕	丷 王 ㇏ 5 5 ㇒ ㇏
羖	丷 三 3 殳
羚	丷 三 3 𠆢 ㇏ 龴
羝	丷 三 3 氏 ㇏
羞	丷 三 3 5 
羟	丷 三 3 5 ㇏ 工
羡	丷 王 冫 ⺈ 人
群	5 二 3 口 羊
羧	丷 三 3 厶 八 夂
羯	丷 三 3 日 3 5 人 6
羰	丷 三 3 山 𠂇 火
羱	丷 三 3 厂 白 小
羲	丷 王 千 𠆢 1 5 戈
羸	亠 6 口 月 羊 几 ㇏
羹	丷 王 灬 丷 王 大
羼	尸 羊 丷 三 3 羊
羽	习 习
羿	习 习 𠂇 2
翀	习 习 口 2
翁	八 厶 习 习
翂	习 习 八 刀
翃	𠂇 厶 习 习
翅	十 又 习 习
翈	日 2 习 习
翊	立 习 习
翌	习 习 立
翎	𠆢 ㇏ 龴 习 习
翔	丷 三 3 习 习
翕	𠆢 1 口 习 习
翘	1 6 ㇒ 1 儿 习 习
翙	山 夕 习 习
翚	习 习 冖 车
翛	亻 2 夂 习 习
翟	习 习 亻 亠 龶
翠	习 习 亠 人 人 十
翡	 1 2 三 习 习
翥	耂 日 习 习
翦	丷 1  刂 习 习
翩	户  习 习
翮	1 口 冂 丷 1 2 习 习
翯	习 习 高
翰	十 日 十 𠆢 习 习
翱	白 大 十 习 习
翳	匚 𠂉 大 殳 习 习
翷	米 夕 1 6 2 习 习
翻	㇒ 米 田 习 习
翼	习 习 田 艹 1 八
翾	罒 1 口 3 戈 习 习
耀	⺌ 1 儿 习 习 亻 亠 龶
老	耂 匕
考	耂 丂
耄	耂 匕 毛
者	耂 日
耆	耂 匕 日
耇	耂 句
耋	耂 匕 至
而	而
耍	而 女
耏	而 彡
耐	而 寸
耑	山 而
耒	丰 𠆢
耔	丰 𠆢 子
耕	丰 𠆢 二 3 2
耖	丰 𠆢 2 八 3
耗	丰 𠆢 毛
耘	丰 𠆢 二 厶
耙	丰 𠆢 巴
耜	丰 𠆢 
耠	丰 𠆢 𠆢 1 口
耢	丰 𠆢 艹 冖 力
耤	丰 𠆢 艹 1 日
耥	丰 𠆢 尚
耦	丰 𠆢 日 
耧	丰 𠆢 米 女
耨	丰 𠆢 厂 二 戈 寸
耩	丰 𠆢 1 艹 1 冂 
耪	丰 𠆢 亠 丷 冖 方
耰	丰 𠆢 1 3 2 5 二 冖 心 夂
耱	丰 𠆢 麻 石
耳	耳
耵	耳 丁
耶	耳 阝
耷	大 耳
耸	人 人 耳
耻	耳 
耽	耳 冖 儿
耿	耳 火
聂	耳 又 又
聃	耳 冂 
聆	耳 𠆢 ㇏ 龴
聊	耳 ㇒ 6 3 卩
聋	𠂇  ㇏ 耳
职	耳 口 八
聍	耳 宀 丁
聒	耳 千 口
联	耳 丷 1 大
聘	耳 日 2 丂
聚	耳 又 ㇒ 2 ㇒ ㇒ ㇒ ㇏
聩	耳 口 2 1 贝
聪	耳 丷 口 心
聱	龶 5 3 攵 耳
聿	5 三 十
肃	5 𰀁 3 2 八
肄	匕 𠂉 大 5 三 十
肆	1 2 三 厶 5 三 十
肇	户 攵 5 三 十
肉	冂 人 人
肋	月 力
肌	月 几
肓	亠 6 
肖	⺌ 
肘	月 寸
肚	月 土
肛	月 工
肝	月 干
肟	月 二 5
肠	月 𠃓
股	月 殳
肢	月 十 又
肤	月 夫
肥	月 巴
肩	户 
肪	月 方
肫	月 1 6 2 6
肭	月 冂 人
肮	月 亠 几
肯	 
肱	月 𠂇 厶
育	亠 厶 
肴	乂 𠂇 
肷	月 ⺈ 人
肸	月 八 十
肺	月 1 巾
肼	月 二 3 2
肽	月 大 ㇏
肾	2 2 又 
肿	月 口 2
胀	月 长
胁	月 力 ㇏ ㇏
胂	月 日 2
胃	田 
胄	日 2 
胆	月 日 1
胈	月 𠂇 又 ㇏
背	 匕 
胍	月 ㇒ 3 6 ㇏ ㇏
胎	月 厶 口
胖	月 丷 𰀁
胗	月 𠆢 彡
胙	月 𠂉 2 二
胚	月 1 亻 4 1
胛	月 日 2
胜	月 3 龶
胝	月 氏 ㇏
胞	月 3 5 巳
胠	月 土 厶
胡	古 月
胣	月 𠂉 也
胤	3 6 厶  6
胥	5 2 1 3 4 
胧	月 𠂇  ㇏
胨	月 1 6 小
胩	月 2 二 卜
胪	月 2 1 尸
胫	月 5 ㇏ 工
胬	女 又 冂 人 人
胭	月 囗 大
胯	月 大 二 5
胰	月 1 5 1 5 人
胱	月 ⺌ 1 儿
胲	月 亠 6 3 人
胳	月 各
胴	月 冂 1 口
胶	月 亠 八 乂
胸	月 3 5 乂 凵
胺	月 宀 女
胼	月 丷 1 𠂇 2
能	厶  匕 匕
脂	月 匕 日
脆	月 ⺈ 厂 ⺋
脉	月 ㇏ 5 5 ㇒ ㇏
脊	冫 ㇒ 4 人 
脍	月 𠆢 二 厶
脎	月 乂 1 小
脏	月 广 土
脐	月 文 3 2
脑	月 亠 乂 凵
脒	月 米
脓	月 冖 3 6 ㇒ ㇏
脔	亠 2 2 八 冂 人 人
脖	月 十 冖 子
脘	月 宀 二 儿
脚	月 土 厶 卩
脞	月 人 人 土
脟	月 爫 寸
脩	亻 2 夂 
脬	月 爫 子
脯	月 甫
脱	月 丷 兄
脲	月 尸 水
脶	月 口 冂 人
脸	月 𠆢 1 ㇏ 丷 1
脾	月 白 3 十
脿	月 龶 3 6 ㇒ ㇏
腆	月 2 5 艹 1 八
腈	月 龶 
腊	月 艹 1 日
腋	月 亠 亻 夕 ㇏
腌	月 大 电
腐	广 付 冂 人 人
腑	月 广 付
腒	月 尸 古
腓	月  1 2 三
腔	月 宀 八 工
腕	月 宀 夕 ⺋
腘	月 囗 玉
腙	月 宀 二 小
腚	月 宀 1 龰
腠	月 三 人 1 大
腥	月 日 3 龶
腧	月 𠆢 1  刂
腨	月 山 而
腩	月 十 冂 丷 干
腭	月 口 口 二 5
腮	月 田 心
腯	月 ㇒ 3 十 目
腰	月 覀 女
腱	月 5 三 十 廴
腴	月 臼 人
腹	月 𠂉 日 夂
腺	月 白 水
腻	月 弋 二 贝
腼	月 1 3 罒 二
腽	月 日 皿
腾	月 丷 夫 马
腿	月 彐 6 ㇒ ㇏ 辶
膀	月 亠 丷 冖 方
膂	方 𠂉 ㇒ 戈 
膈	月 1 口 冂 丷 1 2
膊	月 甫 寸
膏	亠 口 冖 口 
膑	月 宀 ㇒ 2 1 2 1 八
膘	月 覀 二 小
膙	月 5 1 5 口 虫
膛	月  口 土
膜	月 艹 日 大
膝	月 木 𠆢 氺
膦	月 米 夕 1 6 2
膨	月 士 口 丷 1 彡
膳	月 羊 丷 1 口
膺	广 亻 亻 亠 龶 
膻	月 亠 囗 口 日 1
臀	尸 艹 1 八 殳 
臂	尸 口 辛 
臃	月 亠 6 6 3 亻 亠 龶
臆	月 立 日 心
臊	月 口 口 口 木
臌	月 士 口 丷 1 十 又
臑	月  而
臜	月  儿  儿 贝
臣	匚 2 5 1 2
臧	厂 6 1 3 匚 2 5 1 2 戈
自	自
臬	自 木
臭	自 犬
至	至
致	至 攵
臻	至 三 人 千 𠆢
臼	臼
臾	臼 人
舀	爫 臼
舁	臼 𠂇 2
舂	三 人 臼
舄	臼 3 5 灬
舅	臼 田 力
舆	㇒ 2 二 车 5 二 1 八
舌	千 口
舍	𠆢 干 口
舐	千 口 氏
舒	𠆢 干 口 予
舔	千 口 1 大 2 ㇏ ㇏ ㇏
舛	夕 1 6 2
舜	爫 冖 夕 1 6 2
舞	𠂉  2 1 夕 1 6 2
舟	舟
舠	舟 刀
舢	舟 山
舣	舟 ㇏ 乂
舥	舟 巴
航	舟 亠 几
舫	舟 方
般	舟 殳
舭	舟 比
舯	舟 口 2
舰	舟 见
舱	舟 𠆢 ⺋
舲	舟 𠆢 ㇏ 龴
舳	舟 日 2
舴	舟 𠂉 2 二
舵	舟 宀 匕
舶	舟 白
舷	舟 亠 6 厶
舸	舟 可
船	舟 几 口
舻	舟 2 1 尸
舾	舟 西
艄	舟 ⺌ 
艅	舟 𠆢 于 八
艇	舟 千 1 廴
艉	舟 尸 毛
艋	舟 子 皿
艎	舟 白 王
艏	舟 丷 1 自
艘	舟 臼 2 又
艚	舟 1 囗 艹 日
艟	舟 立 日 
艨	舟 艹 冖 1 豕
艮	彐 6 ㇒ ㇏
良	㇏ 彐 6 ㇒ ㇏
艰	又 彐 6 ㇒ ㇏
色	⺈ 巴
艳	丰 ⺈ 巴
艴	弓 3 2 ⺈ 巴
艺	艹 ㇈
艽	艹 3 ㇈
艾	艹 乂
艿	艹 5 3
节	艹 
芃	艹 几 ㇏
芄	艹 3 ㇈ ㇏
芈	2 1 2 1 𰀁
芊	艹 千
芋	艹 于
芍	艹 勺
芎	艹 5 丂
芏	艹 土
芑	艹 己
芒	艹 亠 6
芗	艹 6 6 3
芘	艹 比
芙	艹 夫
芜	艹 二 儿
芝	艹 ㇏ 5 4
芟	艹 殳
芠	艹 文
芡	艹 ⺈ 人
芣	艹 不
芤	艹 子 6
芥	艹 介
芦	艹 户
芨	艹 及
芩	艹 𠆢 ㇏ 5
芪	艹 氏
芫	艹 二 儿
芬	艹 八 刀
芭	艹 巴
芮	艹 冂 人
芯	艹 心
芰	艹 十 又
花	艹 亻 
芳	艹 方
芴	艹 勿
芷	艹 
芸	艹 二 厶
芹	艹 斤
芼	艹 毛
芽	艹 1 6 2 3
芾	艹 1 巾
苁	艹 人 人
苄	艹 亠 卜
苇	艹 韦
苈	艹 厂 力
苉	艹 匚 儿
苊	艹 厂 ⺋
苋	艹 见
苌	艹 长
苍	艹 𠆢 ⺋
苎	艹 宀 1
苏	艹 力 ㇏ ㇏
苑	艹 夕 ⺋
苒	艹 冂 
苓	艹 𠆢 ㇏ 龴
苔	艹 厶 口
苕	艹 刀 口
苗	艹 田
苘	艹 冂 口
苛	艹 可
苜	艹 目
苞	艹 3 5 巳
苟	艹 句
苠	艹 民
苡	艹 6 ㇏ 人
苣	艹 匚 5 1
苤	艹 1 亻 4 1
若	艹 𠂇 口
苦	艹 古
苧	艹 宀 丁
苫	艹 2 1 口
苯	艹 木 1
英	艹 2 5 大
苴	艹 且
苷	艹 甘
苹	艹 1 丷 十
苻	艹 付
苾	艹 ㇏ 6 ㇏ 八
茀	艹 5 1 5 3 2
茁	艹 出
茂	艹 厂 戈
范	艹 氵 ⺋
茄	艹 力 口
茅	艹 予 3
茆	艹 ㇒ 6 3 卩
茈	艹  匕
茉	艹 末
茋	艹 氏 ㇏
茌	艹 亻 士
茎	艹 5 ㇏ 工
茏	艹 𠂇  ㇏
茑	艹 鸟
茓	艹 宀 八
茔	艹 冖 土
茕	艹 冖 6 十
茗	艹 夕 口
茚	艹 ㇒ 6 1 卩
茛	艹 彐 6 ㇒ ㇏
茜	艹 西
茝	艹 匚 2 口 2
茧	艹 虫
茨	艹 冫 ⺈ 人
茫	艹 氵 亠 6
茬	艹 𠂇 2 土
茭	艹 亠 八 乂
茯	艹 亻 犬
茱	艹 牛 𠆢
茳	艹 氵 工
茴	艹 囗 口
茵	艹 囗 大
茶	艹 𠆢 1 小
茸	艹 耳
茹	艹 女 口
茺	艹 亠 厶 儿
茼	艹 冂 1 口
茽	艹 亻 口 2
荀	艹 3 5 日
荁	艹 1 日 1
荃	艹 𠆢 王
荄	艹 亠 6 3 人
荆	艹 1 𠂇 2 刂
荇	艹 彳 1 丁
草	艹 日 十
荏	艹 亻 千 1
荐	艹 𠂇 2 子
荑	艹 1 5 1 5 人
荒	艹 亠 6 
荓	艹 丷 1 𠂇 2
荔	艹 力 力 力
荖	艹 十 𠂇 匕
荙	艹 大 辶
荚	艹 1 丷 大
荛	艹 1 6 ㇒ 1 儿
荜	艹 1 6 匕 十
荞	艹 ㇒ 大 3 2
荟	艹 𠆢 二 厶
荠	艹 文 3 2
荡	艹 氵 𠃓
荣	艹 冖 木
荤	艹 冖 车
荥	艹 冖 水
荦	艹 冖 牛
荧	艹 冖 火
荨	艹 彐 寸
荩	艹 尸 ㇏ 4 4
荪	艹 子 小
荫	艹 阝 月
荬	艹 5 氵 人
荭	艹 纟 工
荮	艹 纟 寸
药	艹 纟 勺
荷	艹 亻 可
荸	艹 十 冖 子
荻	艹 犭 火
荼	艹 𠆢 于 八
荽	艹 爫 女
莅	艹 亻 立
莆	艹 甫
莉	艹 千 𠆢 刂
莎	艹 氵 2 八 3
莒	艹 口 口
莓	艹 𠂉 母
莘	艹 辛
莙	艹 5 二 3 口
莛	艹 千 1 廴
莜	艹 亻 2 攵
莝	艹 人 人 土
莞	艹 宀 二 儿
莠	艹 千 𠆢 5 3
莨	艹 ㇏ 彐 6 ㇒ ㇏
莩	艹 爫 子
莪	艹 ㇒ 扌 戈
莫	艹 日 大
莰	艹 土 ⺈ 人
莱	艹 1 米
莲	艹 车 辶
莳	艹 日 寸
莴	艹 口 冂 人
莶	艹 𠆢 1 ㇏ 丷 1
获	艹 犭 犬
莸	艹 犭 尤
莹	艹 冖 玉
莺	艹 冖 鸟
莼	艹 纟 1 6 2 6
莽	艹 犬 𠂇 2
莿	艹 1 巾 𠆢 刂
菀	艹 宀 夕 ⺋
菁	艹 龶 
菂	艹 白 勺
菅	艹 宀 
菇	艹 女 古
菉	艹  氺
菊	艹 3 5 米
菌	艹 囗 千 𠆢
菍	艹 𠆢 ㇏ 5 心
菏	艹 氵 可
菔	艹 月 卩 又
菖	艹 日 日
菘	艹 木 八 厶
菜	艹 爫 木
菝	艹 扌 𠂇 又 ㇏
菟	艹 ⺈ 口 儿 ㇏
菠	艹 氵 5 3 2 又
菡	艹 5 2 冫 ㇒ 4 6 2
菥	艹 木 斤
菩	艹 立 口
菪	艹 宀 石
菰	艹 子 ㇒ 3 6 ㇏ ㇏
菱	艹 土 八 夂
菲	艹  1 2 三
菹	艹 氵 且
菼	艹 火 火
菽	艹 2 二 小 又
萁	艹  八
萃	艹 亠 人 人 十
萄	艹 3 5 𠂉 1 山
萆	艹 白 3 十
萋	艹 1 5 二 2 女
萌	艹 日 月
萍	艹 氵 1 丷 十
萎	艹 千 𠆢 女
萏	艹 ⺈ 臼
萑	艹 亻 亠 龶
萘	艹 大 二 小
萚	艹 扌 又 𰀁
萜	艹 巾 2 1 口
萝	艹 罒 夕
萣	艹 宀 1 龰
萤	艹 冖 虫
营	艹 冖 口 口
萦	艹 冖 糸
萧	艹 5 𰀁 3 2 八
萨	艹 阝 立 3
萩	艹 千 𠆢 火
萱	艹 宀 1 日 1
萳	艹 十 冂 丷 干
萸	艹 臼 人
萹	艹 户 
萼	艹 口 口 二 5
落	艹 氵 各
葆	艹 亻 口 木
葎	艹 彳 5 三 十
葑	艹 土 土 寸
葖	艹 宀 八 犬
著	艹 十 𠂇 日
葙	艹 木 目
葚	艹  八 6
葛	艹 日 3 5 人 6
葜	艹 丰 刀 大
葡	艹 3 5 甫
董	艹 ㇒ 1 日 
葩	艹 白 巴
葫	艹 古 月
葬	艹 死 𠂇 2
葭	艹 5 1 2 二 5 1 又
葰	艹 亻 厶 八 夂
葱	艹 勿 4 心
葳	艹 厂 1 女 戈
葴	艹 厂 1 口 戈
葵	艹 5 ㇏ 3 3 ㇏ 1 大
葶	艹 亠 口 冖 丁
葸	艹 田 心
葺	艹 口 耳
蒂	艹 亠 丷 冖 巾
蒄	艹 冖 二 儿 寸
蒇	艹 厂 贝 戈
蒈	艹 1 6 匕 白
蒉	艹 口 2 1 贝
蒋	艹 丬 夕 寸
蒌	艹 米 女
蒎	艹 氵 ㇒ 3 ㇒ 戈
蒐	艹 鬼
蒗	艹 氵 ㇏ 彐 6 ㇒ ㇏
蒙	艹 冖 1 豕
蒜	艹 二 小 二 小
蒟	艹 立 句
蒡	艹 亠 丷 冖 方
蒨	艹 亻 龶 
蒯	艹 月 月 刂
蒱	艹 扌 甫
蒲	艹 氵 甫
蒴	艹 丷 1 6 2 3 月
蒸	艹 5 水 1 灬
蒹	艹 丷 1 5 1 艹 八
蒺	艹 疒 𠂉 大
蒻	艹 5 1 5 冫 5 1 5 冫
蒽	艹 囗 大 心
蒿	艹 高
蓁	艹 三 人 千 𠆢
蓂	艹 冖 日 亠 八
蓄	艹 亠 6 厶 田
蓇	艹 骨
蓉	艹 宀 谷
蓊	艹 八 厶 习 习
蓍	艹 十 𠂇 匕 日
蓏	艹 ㇒ 3 6 ㇏ ㇏ ㇒ 3 6 ㇏ ㇏
蓐	艹 厂 二 戈 寸
蓑	艹 亠 口 1 3 6 ㇒ ㇏
蓓	艹 亻 立 口
蓖	艹 3 囗 乂 比
蓝	艹 2 2 𠂉 ㇏ 皿
蓟	艹 鱼 刂
蓠	艹 亠 乂 6 2 冂 厶
蓢	艹 ㇏ 彐 6 ㇏ 月
蓣	艹 予 1 3 贝
蓥	艹 冖 𠆢 干 丷 1
蓦	艹 日 大 马
蓬	艹 夂 丰 辶
蓰	艹 彳  龰
蓼	艹 习 习 𠆢 彡
蓿	艹 宀 亻 1 白
蔀	艹 立 口 阝
蔃	艹 5 1 5 口 虫
蔈	艹 覀 二 小
蔊	艹 火 日 干
蔌	艹 束 ⺈ 人
蔑	艹 罒 厂 ㇏ 戈
蔓	艹 日 罒 又
蔗	艹 广 廿 灬
蔚	艹 尸 二 小 寸
蔟	艹 方 𠂉 𠂉 大
蔡	艹 夕 4 5 ㇏ 二 小
蔫	艹 1  1 5 灬
蔬	艹 5  亠 厶 
蔷	艹 十 丷 1 囗 口
蔸	艹 白 ㇒ 6 5 1 儿
蔹	艹 𠆢 1 ㇏ 丷 1 攵
蔺	艹 门 亻 亠 龶
蔻	艹 宀 二 儿 2 1 又
蔼	艹 讠 日 3 5 人 6
蔽	艹 丷 巾 八 攵
蕃	艹 ㇒ 米 田
蕈	艹 覀 日 十
蕉	艹 亻 亠 龶 灬
蕊	艹 心 心 心
蕖	艹 氵 匚 5 1 木
蕗	艹  各
蕙	艹 1 日 2 1 ㇏ 心
蕞	艹 日 耳 又
蕤	艹 豕 3 龶
蕨	艹 厂 丷 1 6 2 3 ⺈ 人
蕰	艹 氵 日 皿
蕲	艹 丷 日 十 斤
蕴	艹 纟 日 皿
蕹	艹 亠 6 6 3 亻 亠 龶
蕺	艹 口 耳 戈
蕻	艹 1 2 三 厶 艹 1 八
蕾	艹  田
薁	艹 3 冂 米 大
薄	艹 氵 甫 寸
薅	艹 女 厂 二 戈 寸
薇	艹 彳 山 1 几 攵
薏	艹 立 日 心
薛	艹 3  辛
薜	艹 尸 口 辛
薢	艹 ⺈ 用 刀 牛
薤	艹 歹  1 2 三 1
薨	艹 罒 冖 死
薪	艹 立 1 小 斤
薮	艹 米 女 攵
薯	艹 罒 十 𠂇 日
薰	艹 ㇒ 1 黑
薳	艹 土 口 3 2 ㇒ ㇏ 辶
薷	艹  而
薸	艹 氵 覀 二 小
薹	艹 士 口 冖 至
薿	艹 匕 𠂉 大 龴 5 龰
藁	艹 高 木
藉	艹 丰 𠆢 艹 1 日
藏	艹 厂 6 1 3 匚 2 5 1 2 戈
藐	艹 ㇒ ㇏ ㇏ ㇒ 5 ㇒ ㇒ 白 儿
藓	艹 鱼 羊
藕	艹 丰 𠆢 日 
藜	艹 千 𠆢 3 刀 𠆢 氺
藟	艹 田 田 田
藠	艹 白 白 白
藤	艹 月 丷 夫 氺
藦	艹 麻 手
藨	艹 广 5 2 2 1 1 6 匕 灬
藩	艹 氵 ㇒ 米 田
藻	艹 氵 口 口 口 木
藿	艹  亻 亠 龶
蘅	艹 彳 鱼 大 1 丁
蘑	艹 麻 石
蘖	艹 3  辛 木
蘘	艹 亠 口 口 1 艹 1 3 6 ㇒ ㇏
蘧	艹 2 1 5 3 七 豕 辶
蘩	艹 𠂉 6 5 亠 ㇏ 攵 糸
蘸	艹 西 1 亻 亠 龶 灬
蘼	艹 麻  1 2 三
虎	2 1 5 3 七 几
虏	2 1 5 3 七 力
虐	2 1 5 3 七 匚 1
虑	2 1 5 3 七 心
虒	㇒ 3 2 1 5 3 七 几
虓	3 ㇈ 2 1 5 3 七 几
虔	2 1 5 3 七 文
虚	2 1 5 3 七 2 ⺌ 1
虞	2 1 5 3 七 口 1 大
虢	爫 寸 2 1 5 3 七 几
虤	2 1 5 3 七 几 2 1 5 3 七 几
虫	虫
虬	虫 6
虮	虫 几
虱	6 ㇒ 虫
虷	虫 干
虸	虫 子
虹	虫 工
虺	1 儿 虫
虻	虫 亠 6
虼	虫 𠂉 ㇈
虽	口 虫
虾	虫 1 卜
虿	1 5 3 虫
蚀	⺈ 6 虫
蚁	虫 ㇏ 乂
蚂	虫 马
蚄	虫 方
蚆	虫 巴
蚊	虫 文
蚋	虫 冂 人
蚌	虫 丰
蚍	虫 比
蚓	虫 5 1 5 2
蚕	1 大 虫
蚜	虫 1 6 2 3
蚝	虫 毛
蚣	虫 八 厶
蚤	又 ㇏ 虫
蚧	虫 介
蚨	虫 夫
蚩	6 2 2 1 虫
蚪	虫 氵 2
蚬	虫 见
蚯	虫 ㇒ 2 工
蚰	虫 日 2
蚱	虫 𠂉 2 二
蚲	虫 1 丷 十
蚴	虫 6 厶 力
蚶	虫 甘
蚺	虫 冂 
蛀	虫 亠 土
蛃	虫 1 冂 人
蛄	虫 古
蛆	虫 且
蛇	虫 宀 匕
蛉	虫 𠆢 ㇏ 龴
蛊	虫 皿
蛋	5 2 1 3 4 虫
蛎	虫 厉
蛏	虫 又 土
蛐	虫 囗 艹
蛑	虫 厶 牛
蛔	虫 囗 口
蛘	虫 羊
蛙	虫 土 土
蛛	虫 牛 𠆢
蛞	虫 千 口
蛟	虫 亠 八 乂
蛤	虫 𠆢 1 口
蛩	工 几 ㇏ 虫
蛭	虫 至
蛮	亠 2 2 八 虫
蛰	扌 3 ㇈ ㇏ 虫
蛱	虫 1 丷 大
蛲	虫 1 6 ㇒ 1 儿
蛳	虫 2 3 1 巾
蛴	虫 文 3 2
蛸	虫 ⺌ 
蛹	虫 龴 
蛾	虫 ㇒ 扌 戈
蜀	罒 3 5 虫
蜂	虫 夂 丰
蜃	厂 二 6 ㇒ ㇏ 虫
蜇	扌 斤 虫
蜈	虫 口 1 大
蜉	虫 爫 子
蜊	虫 千 𠆢 刂
蜍	虫 𠆢 于 八
蜎	虫 口 
蜐	虫 土 厶 力
蜒	虫 ㇒ 2 1 6 廴
蜓	虫 千 1 廴
蜕	虫 丷 兄
蜗	虫 口 冂 人
蜘	虫 𠂉 大 口
蜚	 1 2 三 虫
蜜	宀 ㇏ 6 ㇏ 八 虫
蜞	虫  八
蜡	虫 艹 1 日
蜢	虫 子 皿
蜣	虫 丷 三 儿
蜥	虫 木 斤
蜩	虫  土 口
蜮	虫 戈 口 1
蜱	虫 白 3 十
蜴	虫 日 勿
蜷	虫 丷 夫 ⺋
蜻	虫 龶 
蜾	虫 日 木
蜿	虫 宀 夕 ⺋
蝇	虫 口 电
蝈	虫 囗 玉
蝉	虫 丷 日 十
蝌	虫 千 𠆢 氵 2
蝎	虫 日 3 5 人 6
蝓	虫 𠆢 1  刂
蝗	虫 白 王
蝘	虫 匚 日 女
蝙	虫 户 
蝠	虫 1 口 田
蝣	虫 方 𠂉 子
蝤	虫 丷 西 1
蝥	予 3 攵 虫
蝮	虫 𠂉 日 夂
蝰	虫 大 土 土
蝲	虫 束 刂
蝴	虫 古 月
蝶	虫 廿 6 木
蝻	虫 十 冂 丷 干
蝼	虫 米 女
蝽	虫 三 人 日
蝾	虫 艹 冖 木
螂	虫 ㇏ 彐 6 ㇏ 阝
螃	虫 亠 丷 冖 方
螅	虫 自 心
螈	虫 厂 白 小
螋	虫 臼 2 又
融	1 口 冂 丷 1 2 虫
螗	虫 广 5 𰀁 口
螟	虫 冖 日 亠 八
螠	虫 丷 1 八 皿
螣	月 丷 夫 虫
螨	虫 艹 1 冂 人 人
螫	土 3 小 攵 虫
螬	虫 1 囗 艹 日
螭	虫 亠 乂 6 2 冂 厶
螯	龶 5 3 攵 虫
螱	尸 二 小 寸 虫
螳	虫  口 土
螵	虫 覀 二 小
螺	虫 田 糸
螽	夂 4 4 虫 虫
蟀	虫 亠 6 厶 冫 ㇒ 4 十
蟆	虫 艹 日 大
蟊	予 3 虫 虫
蟋	虫 ㇒ 米 心
蟏	虫 艹 5 𰀁 3 2 八
蟑	虫 立 日 十
蟒	虫 艹 犬 𠂇 2
蟛	虫 士 口 丷 1 彡
蟠	虫 ㇒ 米 田
蟥	虫 艹 1 1 日 乂
蟪	虫 1 日 2 1 ㇏ 心
蟫	虫 覀 日 十
蟮	虫 羊 丷 1 口
蟹	⺈ 用 刀 牛 虫
蟾	虫 ⺈ 厂 八 言
蠃	亠 6 口 月 虫 几 ㇏
蠊	虫 广 丷 1 5 1 艹 八
蠋	虫 罒 3 5 虫
蠓	虫 艹 冖 1 豕
蠕	虫  而
蠖	虫 艹 亻 亠 龶 又
蠡	6 5 豕 虫 虫
蠢	三 人 日 虫 虫
蠲	丷 1 八 皿 罒 3 5 虫
蠹	1 口 2 冖 石 虫 虫
蠼	虫 目 目 亻 亠 龶 又
血	3 皿
衃	3 皿 不
衄	3 皿 5 
衅	3 皿 丷 𰀁
行	彳 1 丁
衍	彳 氵 1 丁
衎	彳 干 1 丁
衒	彳 亠 6 厶 1 丁
衔	彳 钅 1 丁
街	彳 土 土 1 丁
衙	彳 五 口 1 丁
衠	彳 真 1 丁
衡	彳 鱼 大 1 丁
衢	彳 目 目 亻 亠 龶 1 丁
衣	衣
补	衤 卜
表	龶 3 6 ㇒ ㇏
衩	衤 又 ㇏
衫	衤 彡
衬	衤 寸
衮	亠 八 厶 3 6 ㇒ ㇏
衰	亠 口 1 3 6 ㇒ ㇏
衲	衤 冂 人
衷	亠 口 2 3 6 ㇒ ㇏
衽	衤 千 1
衾	𠆢 ㇏ 5 衣
衿	衤 𠆢 ㇏ 5
袁	土 口 3 6 ㇒ ㇏
袂	衤 5 大
袄	衤 ㇒ 大
袅	 衣
袆	衤 韦
袈	力 口 衣
袋	亻 弋 衣
袍	衤 3 5 巳
袒	衤 日 1
袖	衤 日 2
袗	衤 𠆢 彡
袜	衤 末
袢	衤 丷 𰀁
袤	亠 予 3 3 6 ㇒ ㇏
袪	衤 土 厶
被	衤 5 3 2 又
袭	𠂇  ㇏ 衣
袯	衤 6 八 又
袱	衤 亻 犬
袷	衤 𠆢 1 口
袼	衤 各
裁	十 戈 衣
裂	歹 刂 衣
装	丬 士 衣
裆	衤 ⺌ 彐
裈	衤 冖 车
裉	衤 彐 6 ㇒ ㇏
裎	衤 口 王
裒	亠 臼 3 6 ㇒ ㇏
裔	衣 冂 八 口
裕	衤 谷
裘	1 2 冫 ㇒ 4 ㇏ 衣
裙	衤 5 二 3 口
裛	亠 口 巴 3 6 ㇒ ㇏
裟	氵 2 八 3 衣
裢	衤 车 辶
裣	衤 𠆢 1 ㇏ 丷 1
裤	衤 广 车
裥	衤 门 日
裨	衤 白 3 十
裰	衤 又 又 又 又
裱	衤 龶 3 6 ㇒ ㇏
裳	 口 衣
裴	 1 2 三 衣
裸	衤 日 木
裹	亠 日 木 3 6 ㇒ ㇏
裼	衤 日 勿
裾	衤 尸 古
褂	衤 土 土 卜
褊	衤 户 
褐	衤 日 3 5 人 6
褒	亠 亻 口 木 3 6 ㇒ ㇏
褓	衤 亻 口 木
褕	衤 𠆢 1  刂
褙	衤  匕 
褚	衤 十 𠂇 日
褛	衤 米 女
褟	衤 日 习 习
褡	衤 艹 𠆢 1 口
褥	衤 厂 二 戈 寸
褪	衤 彐 6 ㇒ ㇏ 辶
褫	衤 ㇒ 3 2 1 5 3 七 几
褯	衤 广 廿 巾
褰	宀 1 艹 1 八 衣
褴	衤 2 2 𠂉 ㇏ 皿
褶	衤 习 习 白
襁	衤 5 1 5 口 虫
襄	亠 口 口 1 艹 1 3 6 ㇒ ㇏
襕	衤 门 束 丷
襚	衤 丷 豕 辶
襜	衤 ⺈ 厂 八 言
襞	尸 口 辛 衣
襟	衤 木 木 二 小
襦	衤  而
襫	衤 𠂇 1 白 1 白 ㇏
襻	衤 木 乂 乂 木 大 手
西	西
要	覀 女
覃	覀 日 十
覆	覀 彳 𠂉 日 夂
见	见
观	又 见
觃	见 子
规	夫 见
觅	爫 见
视	礻 见
觇	2 1 口 见
览	2 2 𠂉 ㇏ 见
觉	 见
觊	山 己 见
觋	工 人 人 见
觌	十 5 氵 人 见
觎	𠆢 1  刂 见
觏	1 艹 1 冂  见
觐	廿 口 龶 见
觑	2 1 5 3 七 2 ⺌ 1 见
角	⺈ 用
觖	⺈ 用 5 大
觚	⺈ 用 ㇒ 3 6 ㇏ ㇏
觜	 匕 ⺈ 用
觞	⺈ 用 𠂉 𠃓
觟	⺈ 用 土 土
解	⺈ 用 刀 牛
觥	⺈ 用 ⺌ 1 儿
触	⺈ 用 虫
觫	⺈ 用 束
觭	⺈ 用 大 可
觯	⺈ 用 丷 日 十
觱	厂 1 口 戈 ⺈ 用
觳	士 冖 1 ⺈ 用 殳
觿	⺈ 用 山 亻 亠 龶 冂 八 口
言	言
訄	3 ㇈ 言
訇	勹 言
訚	门 言
訾	 匕 言
詈	罒 言
詟	𠂇  ㇏ 言
詹	⺈ 厂 八 言
誉	㇏ 丷 1 八 言
誊	丷 夫 言
誓	扌 斤 言
謇	宀 1 艹 1 八 言
警	艹 句 攵 言
譬	尸 口 辛 言
计	讠 十
订	讠 丁
讣	讠 卜
认	讠 人
讥	讠 几
讦	讠 干
讧	讠 工
讨	讠 寸
让	讠 2 二
讪	讠 山
讫	讠 𠂉 ㇈
训	讠 3 2 2
议	讠 ㇏ 乂
讯	讠 6 十
记	讠 己
讱	讠 刀 ㇏
讲	讠 二 3 2
讳	讠 韦
讴	讠 匚 乂
讵	讠 匚 5 1
讶	讠 1 6 2 3
讷	讠 冂 人
许	讠 𠂉 十
讹	讠 亻 
论	讠 𠆢 匕
讻	讠 乂 凵
讼	讠 八 厶
讽	讠  乂
设	讠 殳
访	讠 方
诀	讠 5 大
证	讠 1 
诂	讠 古
诃	讠 可
评	讠 1 丷 十
诅	讠 且
识	讠 口 八
诇	讠 冂 口
诈	讠 𠂉 2 二
诉	讠 斤 ㇏
诊	讠 𠆢 彡
诋	讠 氏 ㇏
诌	讠 ⺈ 彐
词	讠 5 1 口
诎	讠 出
诏	讠 刀 口
诐	讠 5 3 2 又
译	讠 又 𰀁
诒	讠 厶 口
诓	讠 匚 王
诔	讠 丰 𠆢
试	讠 弋 工
诖	讠 土 土
诗	讠 土 寸
诘	讠 士 口
诙	讠 𠂇 火
诚	讠 成
诛	讠 牛 𠆢
诜	讠  儿
话	讠 千 口
诞	讠 ㇒ 2 1 6 廴
诟	讠 ㇒ 𠂉 口
诠	讠 𠆢 王
诡	讠 ⺈ 厂 ⺋
询	讠 3 5 日
诣	讠 匕 日
诤	讠 ⺈ 5 二 2
该	讠 亠 6 3 人
详	讠 羊
诧	讠 宀 ㇒ 七
诨	讠 冖 车
诩	讠 习 习
诫	讠 戈 𠂇 2
诬	讠 工 人 人
语	讠 五 口
诮	讠 ⺌ 
误	讠 口 1 大
诰	讠  口
诱	讠 千 𠆢 5 3
诲	讠 𠂉 母
诳	讠 犭 王
说	讠 丷 兄
诵	讠 龴 
请	讠 龶 
诸	讠 十 𠂇 日
诹	讠 耳 又
诺	讠 艹 𠂇 口
读	讠 十 5 氵 人
诼	讠 1 ㇒ 5 ㇒ ㇒ ㇏ ㇒ ㇏
诽	讠  1 2 三
课	讠 日 木
诿	讠 千 𠆢 女
谀	讠 臼 人
谁	讠 亻 亠 龶
谂	讠 𠆢 ㇏ 5 心
调	讠  土 口
谄	讠 ⺈ 臼
谅	讠 亠 口 小
谆	讠 亠 口 子
谇	讠 亠 人 人 十
谈	讠 火 火
谊	讠 宀 且
谋	讠 甘 木
谌	讠  八 6
谍	讠 廿 6 木
谎	讠 艹 亠 6 
谏	讠 束 丷
谐	讠 1 6 匕 白
谑	讠 2 1 5 3 七 匚 1
谒	讠 日 3 5 人 6
谓	讠 田 
谔	讠 口 口 二 5
谕	讠 𠆢 1  刂
谖	讠 爫 1 𠂇 又
谗	讠 ⺈ 口 儿 4 4
谙	讠 立 日
谚	讠 立 3 彡
谛	讠 亠 丷 冖 巾
谜	讠 米 辶
谝	讠 户 
谞	讠 5 2 1 3 4 
谟	讠 艹 日 大
谠	讠  口 儿
谡	讠 田 八 夂
谢	讠 3  1 ㇒ 寸
谣	讠 爫 𠂉 1 山
谤	讠 亠 丷 冖 方
谥	讠 丷 1 八 皿
谦	讠 丷 1 5 1 艹 八
谧	讠 ㇏ 6 ㇏ 八 皿
谨	讠 廿 口 龶
谩	讠 日 罒 又
谪	讠 亠 丷 冂 古
谫	讠 丷 1  刂 刀
谬	讠 习 习 𠆢 彡
谭	讠 覀 日 十
谮	讠 1 6 儿 1 6 儿 日
谯	讠 亻 亠 龶 灬
谰	讠 门 束 丷
谱	讠 丷 1 2 ⺌ 1 日
谲	讠 予 3 冂 八 口
谳	讠 十 冂 丷 干 犬
谴	讠 口 2 1  辶
谵	讠 ⺈ 厂 八 言
谶	讠 人 人 戈  1 2 三 1
谷	谷
谼	谷 艹 1 八
谿	爫 6 厶 大 谷
豁	宀 丰 口 谷
豆	1 口 丷 1
豇	1 口 丷 1 工
豉	1 口 丷 1 十 又
豌	1 口 丷 1 宀 夕 ⺋
豕	豕
豚	月 豕
象	象
豢	丷 夫 豕
豨	豕 乂 𠂇 巾
豪	亠 口 冖 豕
豫	予 象
豮	豕 十 艹 贝
豳	山 豕 豕
豸	㇒ ㇏ ㇏ ㇒ 5 ㇒ ㇒
豹	㇒ ㇏ ㇏ ㇒ 5 ㇒ ㇒ 勺
豺	㇒ ㇏ ㇏ ㇒ 5 ㇒ ㇒ 1 2 3
貂	㇒ ㇏ ㇏ ㇒ 5 ㇒ ㇒ 刀 口
貅	㇒ ㇏ ㇏ ㇒ 5 ㇒ ㇒ 亻 木
貆	㇒ ㇏ ㇏ ㇒ 5 ㇒ ㇒ 1 日 1
貉	㇒ ㇏ ㇏ ㇒ 5 ㇒ ㇒ 各
貊	㇒ ㇏ ㇏ ㇒ 5 ㇒ ㇒ 1 白
貌	㇒ ㇏ ㇏ ㇒ 5 ㇒ ㇒ 白 儿
貔	㇒ ㇏ ㇏ ㇒ 5 ㇒ ㇒ 3 囗 乂 比
貘	㇒ ㇏ ㇏ ㇒ 5 ㇒ ㇒ 艹 日 大
贝	贝
贞	卜 贝
负	⺈ 贝
贡	工 贝
财	贝 1 2 3
责	龶 贝
贤	2 2 又 贝
败	贝 攵
账	贝 长
货	亻  贝
质	㇒ 3 十 贝
贩	贝 ㇒ 3 又
贪	𠆢 ㇏ 5 贝
贫	八 刀 贝
贬	贝 ㇒ ㇏ 5 4
购	贝 3 5 厶
贮	贝 宀 1
贯	6 5 2 1 贝
贰	弋 二 贝
贱	贝 戋
贲	十 艹 贝
贳	廿 6 贝
贴	贝 2 1 口
贵	口 2 1 贝
贶	贝 兄
贷	亻 弋 贝
贸	㇒ 6 ㇏ 刀 贝
费	弓 3 2 贝
贺	力 口 贝
贻	贝 厶 口
贼	贝 戈 𠂇
贽	扌 3 ㇈ ㇏ 贝
贾	覀 贝
贿	贝 𠂇 
赀	 匕 贝
赁	亻 千 1 贝
赂	贝 各
赃	贝 广 土
资	冫 ⺈ 人 贝
赅	贝 亠 6 3 人
赆	贝 尸 ㇏ 4 4
赇	贝 1 2 冫 ㇒ 4 ㇏
赈	贝 厂 二 6 ㇒ ㇏
赉	1 米 贝
赊	贝 𠆢 二 小
赋	贝 1 弋 
赌	贝 十 𠂇 日
赍	十 人 人 冖 贝
赎	贝 十 5 氵 人
赏	 口 贝
赐	贝 日 勿
赑	贝 贝 贝
赒	贝  土 口
赓	广 5 夫 贝
赔	贝 立 口
赕	贝 火 火
赖	束 ⺈ 贝
赗	贝 2 5 二 目
赘	龶 5 3 攵 贝
赙	贝 甫 寸
赚	贝 丷 1 5 1 艹 八
赛	宀 1 艹 1 八 贝
赜	匚 2 口 2 龶 贝
赝	厂 亻 亻 亠 龶 贝
赞	 儿  儿 贝
赟	文 1 弋  贝
赠	贝 丷 囗 ⺌ 日
赡	贝 ⺈ 厂 八 言
赢	亠 6 口 月 贝 几 ㇏
赣	立 日 十 夂 工 贝
赤	土 3 小
赦	土 3 小 攵
赧	土 3 小 卩 又
赪	土 3 小 2 1 贝
赫	土 3 小 土 3 小
赭	土 3 小 十 𠂇 日
走	土 龰
赳	土 2 1 3 4 6 2
赴	土 2 1 3 4 卜
赵	土 2 1 3 4 乂
赶	土 2 1 3 4 干
起	土 2 1 3 4 己
趁	土 2 1 3 4 𠆢 彡
趄	土 2 1 3 4 且
超	土 2 1 3 4 刀 口
越	土 2 1 3 4 1 6 戈
趋	土 2 1 3 4 ⺈ 彐
趑	土 2 1 3 4 冫 ⺈ 人
趔	土 2 1 3 4 歹 刂
趟	土 2 1 3 4 尚
趣	土 2 1 3 4 耳 又
趯	土 2 1 3 4 习 习 亻 亠 龶
趱	土 2 1 3 4  儿  儿 贝
足	足
趴	 八
趵	 勺
趸	1 5 3 足
趺	 夫
趼	 1 𠂇 2
趾	 
趿	 及
跂	 十 又
跃	 ㇒ 大
跄	 𠆢 ⺋
跆	 厶 口
跋	 𠂇 又 ㇏
跌	 3 夫
跎	 宀 匕
跏	 力 口
跐	  匕
跑	 3 5 巳
跖	 石
跗	 付
跚	 册
跛	 5 3 2 又
距	 匚 5 1
跞	 ㇒ 6 小
跟	 彐 6 ㇒ ㇏
跣	  儿
跤	 亠 八 乂
跨	 大 二 5
跪	 ⺈ 厂 ⺋
跬	 土 土
路	 各
跱	 土 寸
跳	 3 冫 6 ㇒ 4
践	 戋
跶	 大 辶
跷	 1 6 ㇒ 1 儿
跸	 1 6 匕 十
跹	 千 辶
跺	 几 木
跻	 文 3 2
跽	 己 心
踅	扌 斤 足
踉	 ㇏ 彐 6 ㇒ ㇏
踊	 龴 
踌	 三 3 寸
踏	 水 日
踒	 千 𠆢 女
踔	 2 1 日 十
踝	 日 木
踞	 尸 古
踟	 𠂉 大 口
踢	 日 勿
踣	 立 口
踦	 大 可
踩	 爫 木
踪	 宀 二 小
踬	 ㇒ 3 十 贝
踮	 广 2 1 口
踯	 丷 1 大 阝
踱	 广 廿 又
踵	 ㇒ 1 日 
踶	 日 1 龰
踹	 山 而
踺	 5 三 十 廴
踽	 ㇒ 口 
蹀	 廿 6 木
蹁	 户 
蹂	 予 3 木
蹄	 亠 丷 冖 巾
蹅	 木 日 1
蹇	宀 1 艹 1 八 足
蹈	 爫 臼
蹉	 丷 三 3 工
蹊	 爫 6 厶 大
蹋	 日 习 习
蹐	 冫 ㇒ 4 人 
蹑	 耳 又 又
蹒	 艹 1 冂 人 人
蹙	厂 2 二 小 戈 足
蹚	  口 土
蹜	 宀 亻 1 白
蹢	 亠 丷 冂 古
蹦	 山 月 月
蹩	丷 巾 八 攵 足
蹬	 5 ㇏ 3 3 ㇏ 1 口 丷 1
蹭	 丷 囗 ⺌ 日
蹯	 ㇒ 米 田
蹰	 厂 1 口 丷 1 寸
蹲	 丷 西 1 寸
蹴	 亠 口 小 尤
蹶	 厂 丷 1 6 2 3 ⺈ 人
蹼	 2 ⺌ 1 丷 1 夫
蹽	 大 丷 日 小
蹾	 亠 口 子 攵
蹿	 宀 八 口 口 2
躁	 口 口 口 木
躅	 罒 3 5 虫
躇	 艹 十 𠂇 日
躏	 艹 门 亻 亠 龶
躐	 巛 囗 乂 6 4 4 6 4 4 6
躔	 广 日  八 土
躜	  儿  儿 贝
躞	 言 火 火 又
身	3  1 ㇒
躬	3  1 ㇒ 5 丂
躯	3  1 ㇒ 匚 乂
躲	3  1 ㇒ 几 木
躺	3  1 ㇒ 尚
车	车
轧	 6
轨	 3 ㇈
轩	 干
轪	 大
轫	 刀 ㇏
转	 专
轭	 厂 ⺋
轮	 𠆢 匕
软	 ⺈ 人
轰	车 又 又
轱	 古
轲	 可
轳	 2 1 尸
轴	 日 2
轵	 口 八
轶	 3 夫
轷	 ㇒ 丷 1 2
轸	 𠆢 彡
轹	 ㇒ 6 小
轺	 刀 口
轻	 5 ㇏ 工
轼	 弋 工
载	十 戈 
轾	 至
轿	 ㇒ 大 3 2
辀	 舟
辁	 𠆢 王
辂	 各
较	 亠 八 乂
辄	 耳 6
辅	 甫
辆	 1 冂 人 人
辇	夫 夫 车
辈	 1 2 三 车
辉	⺌ 1 儿 冖 车
辊	 日 比
辋	 冂 丷 1 亠 6
辌	 亠 口 小
辍	 又 又 又 又
辎	 巛 田
辏	 三 人 1 大
辐	 1 口 田
辑	 口 耳
辒	 日 皿
输	 𠆢 1  刂
辔	纟 车 纟 口
辕	 土 口 3 6 ㇒ ㇏
辖	 宀 丰 口
辗	 尸 艹 1 戈
辘	 广 5 2 2 1 比
辙	 亠 厶  攵
辚	 米 夕 1 6 2
辛	辛
辜	古 辛
辞	千 口 辛
辟	尸 口 辛
辣	 束
辨	刂 八 ㇏ 3
辩	刂 八 讠
辫	刂 八 纟
辰	厂 二 6 ㇒ ㇏
辱	厂 二 戈 寸
边	力 辶
辽	了 辶
达	大 辶
辿	山 辶
迁	千 辶
迂	于 辶
迄	𠂉 ㇈ 辶
迅	6 十 辶
过	寸 辶
迈	1 5 3 辶
迎	㇒ 6 卩 辶
运	二 厶 辶
近	斤 辶
迓	1 6 2 3 辶
返	㇒ 3 又 辶
迕	𠂉 十 辶
还	不 辶
这	文 辶
进	二 3 2 辶
远	二 儿 辶
违	韦 辶
连	车 辶
迟	尸 ㇏ 辶
迢	刀 口 辶
迤	𠂉 也 辶
迥	冂 口 辶
迦	力 口 辶
迨	厶 口 辶
迩	⺈ 小 辶
迪	日 2 辶
迫	白 辶
迭	3 夫 辶
迮	𠂉 2 二 辶
述	木 ㇏ 辶
迳	5 ㇏ 工 辶
迷	米 辶
迸	丷 1 𠂇 2 辶
迹	亠 3 小 辶
迺	西 辶
追	3  辶
退	彐 6 ㇒ ㇏ 辶
送	丷 1 大 辶
适	千 口 辶
逃	3 冫 6 ㇒ 4 辶
逄	夂 1 6 2 辶
逅	㇒ 𠂉 口 辶
逆	丷 1 6 2 3 辶
选	 儿 辶
逊	子 小 辶
逋	甫 辶
逍	⺌  辶
透	禾 5 3 辶
逐	豕 辶
逑	1 2 冫 ㇒ 4 ㇏ 辶
递	弟 辶
途	𠆢 于 八 辶
逖	犭 火 辶
逗	1 口 丷 1 辶
通	龴  辶
逛	犭 王 辶
逝	扌 斤 辶
逞	口 王 辶
速	束 辶
造	 口 辶
逡	厶 八 夂 辶
逢	夂 丰 辶
逦	1   辶
逭	宀  辶
逮	5 二 2 冫 ㇒ 4 辶
逯	 2 冫 ㇒ 4 辶
逴	2 1 日 十 辶
逵	土 八 土 辶
逶	禾 女 辶
逸	⺈ 口 儿 ㇏ 辶
逻	罒 夕 辶
逼	1 口 田 辶
逾	𠆢 1  刂 辶
遁	㇒ 3 十 目 辶
遂	丷 豕 辶
遄	山 而 辶
遆	亠 丷 冖 巾 辶
遇	日  辶
遍	户  辶
遏	日 3 5 人 6 辶
遐	5 1 2 二 5 1 又 辶
遑	白 王 辶
遒	丷 西 1 辶
道	丷 1 自 辶
遗	口 2 1 贝 辶
遘	1 艹 1 冂  辶
遛	㇒ 6 ㇏ 刀 田 辶
遢	日 习 习 辶
遣	口 2 1  辶
遥	爫 𠂉 1 山 辶
遨	龶 5 3 攵 辶
遭	1 囗 艹 日 辶
遮	广 廿 灬 辶
遴	米 夕 1 6 2 辶
遵	丷 西 1 寸 辶
遹	予 3 冂 八 口 辶
遽	2 1 5 3 七 豕 辶
避	尸 口 辛 辶
邀	白 方 攵 辶
邂	⺈ 用 刀 牛 辶
邃	宀 八 丷 豕 辶
邈	㇒ ㇏ ㇏ ㇒ 5 ㇒ ㇒ 白 儿 辶
邋	巛 囗 乂 6 4 4 6 4 4 6 辶
邑	口 巴
邓	又 阝
邕	巛 口 巴
邗	干 阝
邘	于 阝
邙	亠 6 阝
邛	工 阝
邝	广 阝
邠	八 刀 阝
邡	方 阝
邢	1 𠂇 2 阝
那	5 二 3 阝
邦	三 3 阝
邨	1 6 2 6 阝
邪	1 6 2 3 阝
邬	乌 阝
邮	日 2 阝
邯	甘 阝
邰	厶 口 阝
邱	㇒ 2 工 阝
邲	㇏ 6 ㇏ 八 阝
邳	不 1 阝
邴	1 冂 人 阝
邵	刀 口 阝
邶	 1 6 阝
邸	氏 ㇏ 阝
邹	⺈ 彐 阝
邺	2 ⺌ 1 阝
邻	𠆢 ㇏ 龴 阝
邽	土 土 阝
邾	牛 𠆢 阝
邿	土 寸 阝
郁	𠂇  阝
郃	𠆢 1 口 阝
郄	乂 𠂇 厶 阝
郅	至 阝
郇	勹 日 阝
郈	㇒ 𠂉 口 阝
郊	亠 八 乂 阝
郎	㇏ 彐 6 ㇏ 阝
郏	1 丷 大 阝
郐	𠆢 二 厶 阝
郑	丷 1 大 阝
郓	冖  阝
郗	乂 𠂇 巾 阝
郚	五 口 阝
郛	爫 子 阝
郜	 口 阝
郝	土 3 小 阝
郡	5 二 3 口 阝
郢	口 王 阝
郤	谷 阝
郦	1   阝
郧	口 贝 阝
部	立 口 阝
郪	1 5 二 2 女 阝
郫	白 3 十 阝
郭	亠 口 子 阝
郯	火 火 阝
郴	木 木 阝
郸	丷 日 十 阝
都	耂 日 阝
郾	匚 日 女 阝
郿	尸 2 目 阝
鄀	艹 𠂇 口 阝
鄂	口 口 二 5 阝
鄃	𠆢 1  刂 阝
鄄	覀 土 阝
鄅	㇒ 口  阝
鄌	广 5 𰀁 口 阝
鄑	1 2 ⺌ 1 日 阝
鄗	高 阝
鄘	广 5 二  2 阝
鄙	口 十 囗 口 阝
鄚	艹 日 大 阝
鄜	广 5 2 2 1 1 6 1 6 阝
鄞	廿 口 龶 阝
鄠	 二 5 阝
鄢	1  1 5 灬 阝
鄣	立 日 十 阝
鄫	丷 囗 ⺌ 日 阝
鄯	羊 丷 1 口 阝
鄱	㇒ 米 田 阝
鄹	耳 又 ㇒ 2 ㇒ ㇒ ㇒ ㇏ 阝
酂	 儿  儿 贝 阝
酃	 口 口 口 阝
酅	山 亻 亠 龶 冂 八 口 阝
酆	山 丰 丰 1 口 丷 1 阝
酉	西 1
酊	西 1 丁
酋	丷 西 1
酌	西 1 勺
配	西 1 己
酎	西 1 寸
酏	西 1 也
酐	西 1 干
酒	氵 西 1
酗	西 1 乂 凵
酚	西 1 八 刀
酝	西 1 二 厶
酞	西 1 大 ㇏
酡	西 1 宀 匕
酢	西 1 𠂉 2 二
酣	西 1 甘
酤	西 1 古
酥	西 1 千 𠆢
酦	西 1 6 八 又
酩	西 1 夕 口
酪	西 1 各
酬	西 1 ㇏ 八 2 ㇏ 2
酮	西 1 冂 1 口
酯	西 1 匕 日
酰	西 1  儿
酱	丬 夕 西 1
酲	西 1 口 王
酴	西 1 𠆢 于 八
酵	西 1 十 𠂇 子
酶	西 1 𠂉 母
酷	西 1  口
酸	西 1 厶 八 夂
酹	西 1 爫 寸
酺	西 1 甫
酽	西 1 1 2 ⺌ 厂
酾	西 1 1  
酿	西 1 ㇏ 彐 6 ㇒ ㇏
醅	西 1 立 口
醇	西 1 亠 口 子
醉	西 1 亠 人 人 十
醋	西 1 艹 1 日
醌	西 1 日 比
醍	西 1 日 1 龰
醐	西 1 古 月
醑	西 1 5 2 1 3 4 
醒	西 1 日 3 龶
醚	西 1 米 辶
醛	西 1 艹 𠆢 王
醢	西 1 𠂇 口 皿
醨	西 1 亠 乂 6 2 冂 厶
醪	西 1 习 习 𠆢 彡
醭	西 1 2 ⺌ 1 丷 1 夫
醮	西 1 亻 亠 龶 灬
醯	西 1 亠 厶  皿
醴	西 1 囗 艹 1 口 丷 1
醵	西 1 2 1 5 3 七 豕
醺	西 1 ㇒ 1 黑
醾	西 1 麻 米
采	爫 木
釉	㇒ 米 日 2
释	㇒ 米 又 𰀁
里	日 
重	千 日 
野	日  予
量	日 1 日 
釐	未 攵 厂 日 
金	𠆢 干 丷 1
釜	八 乂 干 丷 1
鉴	2 2 𠂉 ㇏ 𠆢 干 丷 1
銎	工 几 ㇏ 𠆢 干 丷 1
銮	亠 2 2 八 𠆢 干 丷 1
鋆	土 3 5 冫 𠆢 干 丷 1
鋈	氵 ㇒ 大 𠆢 干 丷 1
錾	 斤 𠆢 干 丷 1
鍪	予 3 攵 𠆢 干 丷 1
鎏	氵 亠 厶  𠆢 干 丷 1
鏊	龶 5 3 攵 𠆢 干 丷 1
鏖	广 5 2 2 1 1 6 匕 𠆢 干 丷 1
鐾	尸 口 辛 𠆢 干 丷 1
鑫	𠆢 干 丷 1 𠆢 干 丷 1 𠆢 干 丷 1
钆	钅 6
钇	钅 ㇈
针	钅 十
钉	钅 丁
钊	钅 刂
钋	钅 卜
钌	钅 5 2
钍	钅 土
钎	钅 千
钏	钅 3 2 2
钐	钅 彡
钒	钅 几 ㇏
钓	钅 勺
钔	钅 门
钕	钅 女
钖	钅 𠃓
钗	钅 又 ㇏
钘	钅 1 𠂇 2
钙	钅 1 2 丂
钚	钅 不
钛	钅 大 ㇏
钜	钅 匚 5 1
钝	钅 1 6 2 6
钞	钅 2 八 3
钟	钅 口 2
钠	钅 冂 人
钡	钅 贝
钢	钅 冂 乂
钣	钅 ㇒ 3 又
钤	钅 𠆢 ㇏ 5
钥	钅 月
钦	钅 ⺈ 人
钧	钅 3 5 冫
钨	钅 乌
钩	钅 3 5 厶
钪	钅 亠 几
钫	钅 方
钬	钅 火
钭	钅 氵 2
钮	钅 5 
钯	钅 巴
钰	钅 玉
钱	钅 戋
钲	钅 1 
钳	钅 甘
钴	钅 古
钵	钅 木 1
钷	钅 匚 口
钹	钅 𠂇 又 ㇏
钺	钅 1 6 戈
钻	钅 2 1 口
钼	钅 目
钽	钅 日 1
钾	钅 日 2
钿	钅 田
铀	钅 日 2
铁	钅 3 夫
铂	钅 白
铃	钅 𠆢 ㇏ 龴
铄	钅 ㇒ 6 小
铅	钅 几 口
铆	钅 ㇒ 6 3 卩
铈	钅 亠 巾
铉	钅 亠 6 厶
铊	钅 宀 匕
铋	钅 ㇏ 6 ㇏ 八
铌	钅 尸 匕
铍	钅 5 3 2 又
铎	钅 又 𰀁
铏	钅 1 𠂇 2 刂
铐	钅 十 𠂇 丂
铑	钅 十 𠂇 匕
铒	钅 耳
铕	钅 𠂇 
铖	钅 成
铗	钅 1 丷 大
铘	钅 1 6 2 3 阝
铙	钅 1 6 ㇒ 1 儿
铚	钅 至
铛	钅 ⺌ 彐
铜	钅 冂 1 口
铝	钅 口 口
铞	钅 口 巾
铟	钅 囗 大
铠	钅 山 己
铡	钅 贝 刂
铢	钅 牛 𠆢
铣	钅  儿
铤	钅 千 1 廴
铥	钅 ㇒ 土 厶
铧	钅 亻  十
铨	钅 𠆢 王
铩	钅 乂 1 小
铪	钅 𠆢 1 口
铫	钅 3 冫 6 ㇒ 4
铬	钅 各
铭	钅 夕 口
铮	钅 ⺈ 5 二 2
铯	钅 ⺈ 巴
铰	钅 亠 八 乂
铱	钅 衣
铲	钅 立 3
铳	钅 亠 厶 儿
铴	钅 氵 𠃓
铵	钅 宀 女
银	钅 彐 6 ㇒ ㇏
铷	钅 女 口
铸	钅 三 3 寸
铹	钅 艹 冖 力
铺	钅 甫
铻	钅 五 口
铼	钅 1 米
铽	钅 弋 心
链	钅 车 辶
铿	钅 2 2 又 土
销	钅 ⺌ 
锁	钅 ⺌ 贝
锂	钅 日 
锃	钅 口 王
锄	钅 且 力
锅	钅 口 冂 人
锆	钅  口
锇	钅 ㇒ 扌 戈
锈	钅 千 𠆢 5 3
锉	钅 人 人 土
锊	钅 爫 寸
锋	钅 夂 丰
锌	钅 辛
锍	钅 亠 厶 
锎	钅 门 1 𠂇 2
锏	钅 门 日
锐	钅 丷 兄
锑	钅 弟
锒	钅 ㇏ 彐 6 ㇒ ㇏
锓	钅 彐 冖 又
锔	钅 尸 5 口
锕	钅 阝 可
锖	钅 龶 
锗	钅 十 𠂇 日
锘	钅 艹 𠂇 口
错	钅 艹 1 日
锚	钅 艹 田
锛	钅 大 十 𠂇 2
锜	钅 大 可
锝	钅 日 1 寸
锞	钅 日 木
锟	钅 日 比
锡	钅 日 勿
锢	钅 固
锣	钅 罒 夕
锤	钅 千 艹 二
锥	钅 亻 亠 龶
锦	钅 白 巾
锧	钅 ㇒ 3 十 贝
锨	钅 斤 ⺈ 人
锩	钅 丷 夫 ⺋
锪	钅 勿 心
锫	钅 立 口
锬	钅 火 火
锭	钅 宀 1 龰
键	钅 5 三 十 廴
锯	钅 尸 古
锰	钅 子 皿
锱	钅 巛 田
锲	钅 丰 刀 大
锳	钅 艹 2 5 大
锴	钅 1 6 匕 白
锵	钅 丬 夕 寸
锶	钅 田 心
锷	钅 口 口 二 5
锸	钅 千 臼
锹	钅 千 𠆢 火
锺	钅 ㇒ 1 日 
锻	钅 ㇒ 2 三 殳
锼	钅 臼 2 又
锽	钅 白 王
锾	钅 爫 1 𠂇 又
锿	钅 亠 口 3 6 ㇒ ㇏
镀	钅 广 廿 又
镁	钅 丷 王 大
镂	钅 米 女
镃	钅 丷 1 6 厶 6 厶
镄	钅 5 1 5 3 2 贝
镅	钅 尸 2 目
镆	钅 艹 日 大
镇	钅 真
镈	钅 甫 寸
镉	钅 1 口 冂 丷 1 2
镊	钅 耳 又 又
镋	钅  口 儿
镌	钅 亻 亠 龶 5 3
镍	钅 自 木
镎	钅 𠆢 1 口 手
镏	钅 ㇒ 6 ㇏ 刀 田
镐	钅 高
镑	钅 亠 丷 冖 方
镒	钅 丷 1 八 皿
镓	钅 宀 豕
镔	钅 宀 ㇒ 2 1 2 1 八
镕	钅 宀 谷
镖	钅 覀 二 小
镗	钅  口 土
镘	钅 日 罒 又
镚	钅 山 月 月
镛	钅 广 5 二  2
镜	钅 立 日 儿
镝	钅 亠 丷 冂 古
镞	钅 方 𠂉 𠂉 大
镠	钅 习 习 𠆢 彡
镡	钅 覀 日 十
镢	钅 厂 丷 1 6 2 3 ⺈ 人
镣	钅 大 丷 日 小
镤	钅 2 ⺌ 1 丷 1 夫
镥	钅 鱼 日
镦	钅 亠 口 子 攵
镧	钅 门 束 丷
镨	钅 丷 1 2 ⺌ 1 日
镩	钅 宀 八 口 口 2
镪	钅 5 1 5 口 虫
镫	钅 5 ㇏ 3 3 ㇏ 1 口 丷 1
镬	钅 艹 亻 亠 龶 又
镭	钅  田
镮	钅 罒 1 口 3 6 ㇒ ㇏
镯	钅 罒 3 5 虫
镰	钅 广 丷 1 5 1 艹 八
镱	钅 立 日 心
镲	钅 宀 夕 4 5 ㇏ 二 小
镳	钅 广 5 2 2 1 1 6 匕 灬
镴	钅 巛 囗 乂 6 4 4 6 4 4 6
镵	钅 ⺈ 口 1 6 匕 ⺈ 口 儿 ㇏
镶	钅 亠 口 口 1 艹 1 3 6 ㇒ ㇏
长	长
门	门
闩	门 1
闪	门 人
闫	门 三
闭	门 1 2 3
问	门 口
闯	门 马
闰	门 王
闱	门 韦
闲	门 木
闳	门 𠂇 厶
间	门 日
闵	门 文
闶	门 亠 几
闷	门 心
闸	门 日 2
闹	门 亠 巾
闺	门 土 土
闻	门 耳
闼	门 大 辶
闽	门 虫
闾	门 口 口
闿	门 山 己
阀	门 亻 戈
阁	门 各
阂	门 亠 6 3 人
阃	门 囗 木
阄	门 ⺈ 日 6
阅	门 丷 兄
阆	门 ㇏ 彐 6 ㇒ ㇏
阇	门 十 𠂇 日
阈	门 戈 口 1
阉	门 大 电
阊	门 日 日
阋	门 臼 儿
阌	门 爫 冖 又
阍	门 氏 日
阎	门 ⺈ 臼
阏	门 方 𠆢 4 4
阐	门 丷 日 十
阑	门 束 丷
阒	门 目 犬
阔	门 氵 千 口
阕	门 5 ㇏ 3 3 ㇏ 1 大
阖	门 土 厶 皿
阗	门 真
阘	门 日 习 习
阙	门 丷 1 6 2 3 ⺈ 人
阚	门 5 耳 攵
阜	3  十
队	阝 人
阡	阝 千
阪	阝 ㇒ 3 又
阮	阝 二 儿
阱	阝 二 3 2
防	阝 方
阳	阝 日
阴	阝 月
阵	阝 车
阶	阝 介
阻	阝 且
阼	阝 𠂉 2 二
阽	阝 2 1 口
阿	阝 可
陀	阝 宀 匕
陂	阝 5 3 2 又
附	阝 付
际	阝 二 小
陆	阝 二 山
陇	阝 𠂇  ㇏
陈	阝 1 6 小
陉	阝 5 ㇏ 工
陋	阝 1 冂 人 6
陌	阝 1 白
降	阝 夂 1 6 2
陎	阝 牛 𠆢
限	阝 彐 6 ㇒ ㇏
陑	阝 而
陔	阝 亠 6 3 人
陕	阝 1 丷 大
陛	阝 1 6 匕 土
陞	阝 ㇒ 𠂇 2 土
陟	阝  2 3 3
陡	阝 土 龰
院	阝 宀 二 儿
除	阝 𠆢 于 八
陧	阝 日 土
陨	阝 口 贝
险	阝 𠆢 1 ㇏ 丷 1
陪	阝 立 口
陬	阝 耳 又
陲	阝 千 艹 二
陴	阝 白 3 十
陵	阝 土 八 夂
陶	阝 3 5 𠂉 1 山
陷	阝 ⺈ 臼
隃	阝 𠆢 1  刂
隅	阝 日 
隆	阝 夂 1 3 龶
隈	阝 田 1 戈
隋	阝 𠂇 工 
隍	阝 白 王
随	阝 𠂇  辶
隐	阝 ⺈ 彐 心
隔	阝 1 口 冂 丷 1 2
隗	阝 鬼
隘	阝 丷 1 八 皿
隙	阝 2 八 日 小
障	阝 立 日 十
隧	阝 丷 豕 辶
隩	阝 3 冂 米 大
隰	阝 日 6 厶 6 厶 灬
隳	阝 𠂇 工  𠆢 2 ㇏ ㇏ ㇏
隶	5 二 氺
隹	亻 亠 龶
隺	冖 亻 亠 龶
隼	亻 亠 龶 十
隽	亻 亠 龶 5 3
难	又 亻 亠 龶
雀	小 亻 亠 龶
雁	厂 亻 亻 亠 龶
雄	𠂇 厶 亻 亠 龶
雅	1 6 2 3 亻 亠 龶
集	亻 亠 龶 木
雇	户 亻 亠 龶
雉	𠂉 大 亻 亠 龶
雊	句 亻 亠 龶
雌	 1 6 亻 亠 龶
雍	亠 6 6 3 亻 亠 龶
雎	且 亻 亠 龶
雏	⺈ 彐 亻 亠 龶
雒	各 亻 亠 龶
雕	 土 口 亻 亠 龶
雠	亻 亠 龶 讠 亻 亠 龶
雨	1 巾 4 4 4 4
雩	 二 5
雪	 彐
雯	 文
雱	 方
雳	 厂 力
零	 𠆢 ㇏ 龴
雷	 田
雹	 3 5 巳
雾	 夂 力
需	 而
霁	 文 3 2
霄	 ⺌ 
霅	 言
霆	 千 1 廴
震	 厂 二 6 ㇒ ㇏
霈	 氵 1 巾
霉	 𠂉 母
霍	 亻 亠 龶
霎	 立 女
霏	  1 2 三
霓	 臼 儿
霖	 木 木
霜	 木 目
霞	 5 1 2 二 5 1 又
霨	 尸 二 小 寸
霪	 氵 爫 千 1
霭	 讠 日 3 5 人 6
霰	 艹 1  攵
露	  各
霸	 廿 口 十 月
霹	 尸 口 辛
霾	 ㇒ ㇏ ㇏ ㇒ 5 ㇒ ㇒ 日 
青	龶 
靓	龶  见
靖	立 龶 
静	龶  ⺈ 5 二 2
靛	龶  宀 1 龰
非	 1 2 三
靠	 口  1 2 三
靡	麻  1 2 三
面	1 3 罒 二
靥	厂 犬 1 3 罒 二
革	廿 口 十
靬	廿 口 十 干
靰	廿 口 十 1 儿
靳	廿 口 十 斤
靴	廿 口 十 亻 
靶	廿 口 十 巴
靸	廿 口 十 及
靺	廿 口 十 末
靼	廿 口 十 日 1
靽	廿 口 十 丷 𰀁
靿	廿 口 十 6 厶 力
鞁	廿 口 十 5 3 2 又
鞅	廿 口 十 2 5 大
鞋	廿 口 十 土 土
鞍	廿 口 十 宀 女
鞑	廿 口 十 大 辶
鞒	廿 口 十 ㇒ 大 3 2
鞔	廿 口 十 ⺈ 口 儿
鞘	廿 口 十 ⺌ 
鞠	廿 口 十 3 5 米
鞡	廿 口 十 扌 立
鞣	廿 口 十 予 3 木
鞧	廿 口 十 丷 西 1
鞨	廿 口 十 日 3 5 人 6
鞫	廿 口 十 3 5 言
鞬	廿 口 十 5 三 十 廴
鞭	廿 口 十 亻 1 日 乂
鞮	廿 口 十 日 1 龰
鞯	廿 口 十 艹 𠂇 2 子
鞲	廿 口 十 1 艹 1 冂 
鞳	廿 口 十 艹 𠆢 1 口
鞴	廿 口 十 艹 1 3 
韂	廿 口 十 ⺈ 厂 八 言
韦	韦
韧	韦 刀 ㇏
韨	韦 𠂇 又 ㇏
韩	十 日 十 韦
韪	日 1 2 1 3 4 韦
韫	韦 日 皿
韬	韦 爫 臼
韭	 1 2 三 1
音	立 日
韵	立 日 3 5 冫
韶	立 日 刀 口
页	1 3 贝
顶	丁 1 3 贝
顷	1 6 1 3 贝
顸	干 1 3 贝
项	工 1 3 贝
顺	3 2 2 1 3 贝
须	㇒ ㇒ ㇒ 1 3 贝
顼	王 1 3 贝
顽	二 儿 1 3 贝
顾	厂 ⺋ 1 3 贝
顿	1 6 2 6 1 3 贝
颀	斤 1 3 贝
颁	八 刀 1 3 贝
颂	八 厶 1 3 贝
颃	亠 几 1 3 贝
预	予 1 3 贝
颅	卜 尸 1 3 贝
领	𠆢 ㇏ 龴 1 3 贝
颇	5 3 2 又 1 3 贝
颈	5 ㇏ 工 1 3 贝
颉	士 口 1 3 贝
颊	1 丷 大 1 3 贝
颋	千 1 廴 1 3 贝
颌	𠆢 1 口 1 3 贝
颍	匕 水 1 3 贝
颎	匕 火 1 3 贝
颏	亠 6 3 人 1 3 贝
颐	匚 2 口 2 1 3 贝
频	 2 3 3 1 3 贝
颓	禾 几 1 3 贝
颔	𠆢 ㇏ 5 口 1 3 贝
颖	匕 千 𠆢 1 3 贝
颗	日 木 1 3 贝
题	日 1 2 1 3 4 1 3 贝
颙	日  1 3 贝
颚	口 口 二 5 1 3 贝
颛	山 而 1 3 贝
颜	立 3 ㇒ ㇒ ㇒ 1 3 贝
额	宀 各 1 3 贝
颞	耳 又 又 1 3 贝
颟	艹 1 冂 人 人 1 3 贝
颠	真 1 3 贝
颡	又 又 又 木 1 3 贝
颢	日 亠 口 小 1 3 贝
颤	亠 囗 口 日 1 1 3 贝
颥	 而 1 3 贝
颦	 2 3 3 1 3 贝 白 3 十
颧	艹 口 口 亻 亠 龶 1 3 贝
风	 乂
飏	 乂 𠃓
飐	 乂 2 1 口
飑	 乂 3 5 巳
飒	立  乂
飓	 乂 且 1 八
飔	 乂 田 心
飕	 乂 臼 2 又
飗	 乂 ㇒ 6 ㇏ 刀 田
飘	覀 二 小  乂
飙	犬 犬 犬  乂
飞	6 ㇒ 4
食	𠆢 ㇏ 彐 6 ㇒ ㇏
飧	夕 𠆢 ㇏ 彐 6 ㇒ ㇏
飨	6 6 3 𠆢 ㇏ 彐 6 ㇒ ㇏
餍	厂 犬 𠆢 ㇏ 彐 6 ㇒ ㇏
餐	卜 夕 又 𠆢 ㇏ 彐 6 ㇒ ㇏
餮	歹 𠆢 ㇒ ㇒ ㇒ 𠆢 ㇏ 彐 6 ㇒ ㇏
饔	亠 6 6 3 亻 亠 龶 𠆢 ㇏ 彐 6 ㇒ ㇏
饕	口 1 5 2 1 5 3 七 几 𠆢 ㇏ 彐 6 ㇒ ㇏
饥	⺈ 6 几
饧	⺈ 6 𠃓
饨	⺈ 6 1 6 2 6
饩	⺈ 6 气
饪	⺈ 6 千 1
饫	⺈ 6 ㇒ 大
饬	⺈ 6 𠂉 力
饭	⺈ 6 ㇒ 3 又
饮	⺈ 6 ⺈ 人
饯	⺈ 6 戋
饰	⺈ 6 𠂉 巾
饱	⺈ 6 3 5 巳
饲	⺈ 6 5 1 口
饳	⺈ 6 出
饴	⺈ 6 厶 口
饵	⺈ 6 耳
饶	⺈ 6 1 6 ㇒ 1 儿
饷	⺈ 6 3 冂 口
饸	⺈ 6 𠆢 1 口
饹	⺈ 6 各
饺	⺈ 6 亠 八 乂
饻	⺈ 6 衣
饼	⺈ 6 丷 1 𠂇 2
饽	⺈ 6 十 冖 子
饿	⺈ 6 ㇒ 扌 戈
馁	⺈ 6 爫 女
馃	⺈ 6 日 木
馄	⺈ 6 日 比
馅	⺈ 6 ⺈ 臼
馆	⺈ 6 宀 
馇	⺈ 6 木 日 1
馈	⺈ 6 口 2 1 贝
馉	⺈ 6 骨
馊	⺈ 6 臼 2 又
馋	⺈ 6 ⺈ 口 儿 4 4
馌	⺈ 6 土 厶 皿
馍	⺈ 6 艹 日 大
馏	⺈ 6 ㇒ 6 ㇏ 刀 田
馐	⺈ 6 丷 三 3 5 
馑	⺈ 6 廿 口 龶
馒	⺈ 6 日 罒 又
馓	⺈ 6 艹 1  攵
馔	⺈ 6 巳 巳 艹 1 八
馕	⺈ 6 1 口 2 冖 口 口 1 艹 1 3 6 ㇒ ㇏
首	丷 1 自
馗	3 ㇈ 丷 1 自
馘	丷 1 自 戈 口 1
香	禾 日
馝	禾 日 ㇏ 6 ㇏ 八
馞	禾 日 十 冖 子
馥	禾 日 𠂉 日 夂
馧	禾 日 日 皿
馨	士 尸 2 殳 千 𠆢 日
马	马
驭	马 又
驮	马 大
驯	马 3 2 2
驰	马 也
驱	马 匚 乂
驲	马 日
驳	马 乂 乂
驴	马 户
驵	马 且
驶	马 口 乂
驷	马 囗 儿
驸	马 付
驹	马 句
驺	马 ⺈ 彐
驻	马 亠 土
驼	马 宀 匕
驽	女 又 马
驾	力 口 马
驿	马 又 𰀁
骀	马 厶 口
骁	马 1 6 ㇒ 1 儿
骂	口 口 马
骃	马 囗 大
骄	马 ㇒ 大 3 2
骅	马 亻  十
骆	马 各
骇	马 亠 6 3 人
骈	马 丷 1 𠂇 2
骉	马 马 马
骊	马 1  
骋	马 日 2 丂
验	马 𠆢 1 ㇏ 丷 1
骍	马 辛
骎	马 彐 冖 又
骏	马 厶 八 夂
骐	马  八
骑	马 大 可
骒	马 日 木
骓	马 亻 亠 龶
骕	马 5 𰀁 3 2 八
骖	马 厶 大 彡
骗	马 户 
骘	阝  2 3 3 马
骙	马 5 ㇏ 3 3 ㇏ 1 大
骚	马 又 ㇏ 虫
骛	予 3 攵 马
骜	龶 5 3 攵 马
骝	马 ㇒ 6 ㇏ 刀 田
骞	宀 1 艹 1 八 马
骟	马 户 习 习
骠	马 覀 二 小
骡	马 田 糸
骢	马 3 囗 夂 心
骣	马 尸 子 子 子
骤	马 耳 又 ㇒ 2 ㇒ ㇒ ㇒ ㇏
骥	马  匕 田 艹 1 八
骦	马  木 目
骧	马 亠 口 口 1 艹 1 3 6 ㇒ ㇏
骨	骨
骰	骨 殳
骱	骨 介
骶	骨 氏 ㇏
骷	骨 古
骸	骨 亠 6 3 人
骺	骨 ㇒ 𠂉 口
骼	骨 各
髀	骨 白 3 十
髁	骨 日 木
髂	骨 宀 各
髃	骨 日 
髅	骨 米 女
髋	骨 宀 艹 见
髌	骨 宀 ㇒ 2 1 2 1 八
髎	骨 习 习 𠆢 彡
髑	骨 罒 3 5 虫
髓	骨 𠂇 工  辶
高	高
髡	1 2 三 厶 ㇒ ㇒ ㇒ 1 儿
髢	1 2 三 厶 ㇒ ㇒ ㇒ 也
髦	1 2 三 厶 ㇒ ㇒ ㇒ 毛
髫	1 2 三 厶 ㇒ ㇒ ㇒ 刀 口
髭	1 2 三 厶 ㇒ ㇒ ㇒  匕
髯	1 2 三 厶 ㇒ ㇒ ㇒ 冂 
髹	1 2 三 厶 ㇒ ㇒ ㇒ 亻 木
髻	1 2 三 厶 ㇒ ㇒ ㇒ 士 口
髽	1 2 三 厶 ㇒ ㇒ ㇒ 人 人 土
鬃	1 2 三 厶 ㇒ ㇒ ㇒ 宀 二 小
鬈	1 2 三 厶 ㇒ ㇒ ㇒ 丷 夫 ⺋
鬏	1 2 三 厶 ㇒ ㇒ ㇒ 千 𠆢 火
鬒	1 2 三 厶 ㇒ ㇒ ㇒ 真
鬓	1 2 三 厶 ㇒ ㇒ ㇒ 宀 ㇒ 2 1 2 1 八
鬘	1 2 三 厶 ㇒ ㇒ ㇒ 日 罒 又
鬟	1 2 三 厶 ㇒ ㇒ ㇒ 罒 1 口 3 6 ㇒ ㇏
鬣	1 2 三 厶 ㇒ ㇒ ㇒ 巛 囗 乂 6 4 4 6 4 4 6
鬯	乂 ㇏ ㇏ ㇏ ㇏ 6 2 匕
鬲	1 口 冂 丷 1 2
鬶	夫 见 1 口 冂 丷 1 2
鬷	1 口 冂 丷 1 2 乂 6 2 八 夂
鬻	弓 米 5 1 5 1 口 冂 丷 1 2
鬼	鬼
魁	鬼 氵 2
魂	二 厶 鬼
魃	鬼 𠂇 又 ㇏
魄	白 鬼
魅	鬼 未
魆	鬼 1 6 戈
魇	厂 犬 鬼
魈	鬼 ⺌ 
魉	鬼 1 冂 人 人
魋	鬼 亻 亠 龶
魍	鬼 冂 丷 1 亠 6
魏	禾 女 鬼
魑	鬼 亠 乂 6 2 冂 厶
魔	麻 鬼
鱼	鱼
鱽	鱼 刀
鱾	鱼 己
鱿	鱼 尤
鲀	鱼 1 6 2 6
鲁	鱼 日
鲂	鱼 方
鲃	鱼 巴
鲅	鱼 𠂇 又 ㇏
鲆	鱼 1 丷 十
鲇	鱼 2 1 口
鲈	鱼 2 1 尸
鲉	鱼 日 2
鲊	鱼 𠂉 2 二
鲋	鱼 付
鲌	鱼 白
鲍	鱼 3 5 巳
鲎	 鱼
鲏	鱼 5 3 2 又
鲐	鱼 厶 口
鲑	鱼 土 土
鲒	鱼 士 口
鲔	鱼 𠂇 
鲕	鱼 而
鲖	鱼 冂 1 口
鲗	鱼 贝 刂
鲘	鱼 ㇒ 𠂉 口
鲙	鱼 𠆢 二 厶
鲚	鱼 文 3 2
鲛	鱼 亠 八 乂
鲜	鱼 羊
鲝	丷 三 3 鱼
鲞	丷 夫 鱼
鲟	鱼 彐 寸
鲠	鱼 1 日 乂
鲡	鱼 1  
鲢	鱼 车 辶
鲣	鱼 2 2 又 土
鲤	鱼 日 
鲥	鱼 日 寸
鲦	鱼 夂 1 小
鲧	鱼 ㇒ 糸
鲨	氵 2 八 3 鱼
鲩	鱼 宀 二 儿
鲪	鱼 5 二 3 口
鲫	鱼 彐 6 ㇏ 卩
鲬	鱼 龴 
鲭	鱼 龶 
鲮	鱼 土 八 夂
鲯	鱼  八
鲰	鱼 耳 又
鲱	鱼  1 2 三
鲲	鱼 日 比
鲳	鱼 日 日
鲴	鱼 固
鲵	鱼 臼 儿
鲷	鱼  土 口
鲸	鱼 亠 口 小
鲹	鱼 厶 大 彡
鲺	鱼 6 ㇒ 虫
鲻	鱼 巛 田
鲼	鱼 十 艹 贝
鲽	鱼 廿 6 木
鲾	鱼 1 口 田
鲿	鱼  二 厶
鳀	鱼 日 1 龰
鳁	鱼 日 皿
鳂	鱼 田 1 戈
鳃	鱼 田 心
鳄	鱼 口 口 二 5
鳅	鱼 千 𠆢 火
鳇	鱼 白 王
鳈	鱼 白 水
鳉	鱼 丬 夕 寸
鳊	鱼 户 
鳌	龶 5 3 攵 鱼
鳍	鱼 十 𠂇 匕 日
鳎	鱼 日 习 习
鳏	鱼 罒 2 3 3 ㇏ ㇏
鳐	鱼 爫 𠂉 1 山
鳑	鱼 亠 丷 冖 方
鳒	鱼 丷 1 5 1 艹 八
鳓	鱼 廿 口 十 力
鳔	鱼 覀 二 小
鳕	鱼  彐
鳖	丷 巾 八 攵 鱼
鳗	鱼 日 罒 又
鳘	𠂉 6 5 亠 ㇏ 攵 鱼
鳙	鱼 广 5 二  2
鳚	鱼 尸 二 小 寸
鳛	鱼 习 习 白
鳜	鱼 厂 丷 1 6 2 3 ⺈ 人
鳝	鱼 羊 丷 1 口
鳞	鱼 米 夕 1 6 2
鳟	鱼 丷 西 1 寸
鳠	鱼 艹 亻 亠 龶 又
鳡	鱼 厂 1 口 戈 心
鳢	鱼 囗 艹 1 口 丷 1
鳣	鱼 亠 囗 口 日 1
鳤	鱼 𠂉 ㇏ 𠂉 ㇏ 宀 
鸟	鸟
鸠	3 ㇈ 鸟
鸡	又 鸟
鸢	弋 鸟
鸣	口 鸟
鸤	尸 鸟
鸥	匚 乂 鸟
鸦	1 6 2 3 鸟
鸧	𠆢 ⺋ 鸟
鸨	匕 十 鸟
鸩	冖 儿 鸟
鸪	古 鸟
鸫	1 6 小 鸟
鸬	卜 尸 鸟
鸭	日 2 鸟
鸮	口 1 5 鸟
鸯	冂 大 鸟
鸰	𠆢 ㇏ 龴 鸟
鸱	氏 ㇏ 鸟
鸲	句 鸟
鸳	夕 ⺋ 鸟
鸵	鸟 宀 匕
鸶	纟 纟 鸟
鸷	扌 3 ㇈ ㇏ 鸟
鸸	而 鸟
鸹	千 口 鸟
鸺	亻 木 鸟
鸻	彳 1 丁 鸟
鸼	舟 鸟
鸽	𠆢 1 口 鸟
鸾	亠 2 2 八 鸟
鸿	氵 工 鸟
鹀	工 人 人 鸟
鹁	十 冖 子 鸟
鹂	1   鸟
鹃	口  鸟
鹄	 口 鸟
鹅	㇒ 扌 戈 鸟
鹆	谷 鸟
鹇	门 木 鸟
鹈	弟 鸟
鹉	1 弋  鸟
鹊	艹 1 日 鸟
鹋	艹 田 鸟
鹌	大 电 鸟
鹍	日 1 6 1 6 鸟
鹎	白 3 十 鸟
鹏	月 月 鸟
鹐	⺈ 臼 鸟
鹑	亠 口 子 鸟
鹒	广 5 夫 鸟
鹔	5 𰀁 3 2 八 鸟
鹕	古 月 鸟
鹖	日 3 5 人 6 鸟
鹗	口 口 二 5 鸟
鹘	骨 鸟
鹙	禾 火 鸟
鹚	丷 1 6 厶 6 厶 鸟
鹛	尸 2 目 鸟
鹜	予 3 攵 鸟
鹝	1 口 冂 丷 1 2 鸟
鹞	爫 𠂉 1 山 鸟
鹟	八 厶 习 习 鸟
鹠	㇒ 6 ㇏ 刀 田 鸟
鹡	冫 ㇒ 4 人  鸟
鹢	丷 1 八 皿 鸟
鹣	丷 1 5 1 艹 八 鸟
鹤	冖 亻 亠 龶 鸟
鹦	贝 贝 女 鸟
鹧	广 廿 灬 鸟
鹨	习 习 𠆢 ㇒ ㇒ ㇒ 鸟
鹩	大 丷 日 小 鸟
鹪	亻 亠 龶 灬 鸟
鹫	亠 口 小 尤 鸟
鹬	予 3 冂 八 口 鸟
鹭	 各 鸟
鹮	罒 1 口 3 戈 鸟
鹯	亠 囗 口 日 1 鸟
鹰	广 亻 亻 亠 龶 鸟
鹱	鸟 艹 亻 亠 龶 又
鹲	艹 冖 1 豕 鸟
鹳	艹 口 口 亻 亠 龶 鸟
鹴	 木 目 鸟
鹾	2 1 囗 乂 丷 三 3 工
鹿	广 5 2 2 1 比
麀	广 5 2 2 1 1 6 匕 匕
麂	广 5 2 2 1 1 6 匕 几
麇	广 5 2 2 1 1 6 匕 千 𠆢
麈	广 5 2 2 1 1 6 匕 亠 土
麋	广 5 2 2 1 1 6 匕 米
麑	广 5 2 2 1 1 6 匕 臼 儿
麒	广 5 2 2 1 1 6 1 6  八
麓	木 木 广 5 2 2 1 比
麖	广 5 2 2 1 1 6 匕 亠 口 小
麝	广 5 2 2 1 1 6 匕 3  1 ㇒ 寸
麟	广 5 2 2 1 1 6 1 6 米 夕 1 6 2
麦	龶 夂
麸	龶 夂 夫
麹	龶 夂 3 5 米
麻	麻
麽	麻 3 厶
麾	麻 毛
黄	艹 1 1 日 乂
黇	艹 1 1 日 乂 2 1 口
黉	 艹 1 1 日 乂
黍	禾 𠆢 氺
黎	禾 3 刀 𠆢 氺
黏	禾 𠆢 2 冫 ㇒ 4 2 1 口
黑	黑
黔	黑 𠆢 ㇏ 5
默	黑 犬
黛	亻 弋 黑
黜	黑 出
黝	黑 6 厶 力
黟	黑 夕 夕
黠	黑 士 口
黡	厂 犬 黑
黢	黑 厶 八 夂
黥	黑 亠 口 小
黧	禾 3 刀 黑
黩	黑 十 5 氵 人
黪	黑 厶 大 彡
黯	黑 立 日
黹	2 ⺌ 1 丷 巾 八
黻	2 ⺌ 1 丷 巾 八 𠂇 又 ㇏
黼	2 ⺌ 1 丷 巾 八 甫
黾	口 电
鼋	二 儿 口 电
鼍	口 口 田 1 口 电
鼎	目 5 1 3 2 1 2 5
鼐	5 3 目 5 1 3 2 1 2 5
鼒	1 2 3 目 5 1 3 2 1 2 5
鼓	士 口 丷 1 十 又
鼗	3 冫 6 ㇒ 4 士 口 丷 1 十 又
鼙	士 口 丷 1 十 又 白 3 十
鼠	臼 6 4 4 6 4 4 6
鼢	臼 6 4 4 6 4 4 6 八 刀
鼩	臼 6 4 4 6 4 4 6 句
鼫	臼 6 4 4 6 4 4 6 石
鼬	臼 6 4 4 6 4 4 6 日 2
鼯	臼 6 4 4 6 4 4 6 五 口
鼱	臼 6 4 4 6 4 4 6 龶 
鼷	臼 6 4 4 6 4 4 6 爫 6 厶 大
鼹	臼 6 4 4 6 4 4 6 日 宀 女
鼻	自 田 1 3 2
鼽	自 田 1 3 2 3 ㇈
鼾	自 田 1 3 2 干
齁	自 田 1 3 2 句
齇	自 田 1 3 2 2 1 5 3 七 且
齉	自 田 1 3 2 1 口 2 冖 口 口 1 艹 1 3 6 ㇒ ㇏
齐	文 3 2
齑	文 3 2  1 2 三 1
齿	 人 凵
龀	 人 6 2 
龁	 人 6 2 𠂉 ㇈
龂	 人 6 2 斤
龃	 人 6 2 且
龄	 人 6 2 𠆢 ㇏ 龴
龅	 人 6 2 3 5 巳
龆	 人 6 2 刀 口
龇	 人 6 2  匕
龈	 人 6 2 彐 6 ㇒ ㇏
龉	 人 6 2 五 口
龊	 人 6 2 足
龋	 人 6 2 ㇒ 口 
龌	 人 6 2 尸 至
龙	𠂇  ㇏
龚	𠂇  ㇏ 艹 1 八
龛	𠆢 1 口 𠂇  ㇏
龟	⺈ 日 6
龠	𠆢 1 口 口 口 
龢	𠆢 1 口 口 口  千 𠆢
鿍	土 夂 1 6 2
鿎	石 大 辶
鿏	钅 龶 夂
𠅤	亠 田 心
𠙶	5 2 6 2
𠳐	口 三 3 阝
𡎚	土 户 
𡐓	土 广 5 二 氺
𣗋	木  口 儿
𣲗	氵 韦
𣲘	氵 二 儿
𣸣	氵 十 艹 贝
𤧛	王 亠 丷 冖 巾
𤩽	王 十 冂 丷 干 犬
𤫉	王 言 火 火 又
𥔲	石 口 口 二 5
𥕢	石 1 囗 艹 日
𥖨	石 口 口 口 木
𥻗	米 木 日 1
𦈡	纟  而
𦒍	立 日  习 习
𦙶	月 古
𦝼	月 米 女
𦭜	艹 口 八
𦰡	艹 5 二 3 阝
𧿹	 母
𨐈	 ⺌ 1 儿
𨙸	十 又 阝
𨚕	厶 𠂇 2 阝
𨟠	目 目 亻 亠 龶 阝
𨭉	文 1 弋  𠆢 干 丷 1
𨱇	钅 1 2 冫 ㇒ 4 ㇏
𨱏	钅 艹 𠆢 1 口
𨱑	钅 艹 1 1 日 乂
𨱔	钅 丷 西 1 寸
𨺙	阝 臼 儿
𩽾	鱼 宀 女
𩾃	鱼 ⺈ 口 儿
𩾌	鱼 广 5 二 氺
𪟝	龶 贝 力
𪣻	土 米 女
𪤗	土 习 习 𠆢 彡
𪨰	山 囗 艹
𪨶	山 大 车
𪩘	山 十 冂 丷 干 犬
𪾢	目 见
𫄧	纟 ㇒ 2 1 6 廴
𫄨	纟 乂 𠂇 巾
𫄷	纟 立 日 心
𫄸	纟 ㇒ 1 黑
𫇭	艹 为
𫌀	衤 龶 贝
𫍣	讠 冂 1 口
𫍯	讠 厂 1 口 戈
𫍲	讠 臼 2 又
𫍽	讠 罒 1 口 3 6 ㇒ ㇏
𫐄	 1 儿
𫐐	 臼 儿
𫐓	 予 3 木
𫑡	口 电 阝
𫓧	钅 夫
𫓯	钅 土 土
𫓶	钅 口 
𫓹	钅  八
𫔍	钅 ㇒ 米 田
𫔎	钅 予 3 冂 八 口
𫔶	门 自 木
𫖮	山 己 1 3 贝
𫖯	3 冫 6 ㇒ 4 1 3 贝
𫖳	5 二 3 口 1 3 贝
𫗧	⺈ 6 束
𫗴	⺈ 6 亠 囗 口 日 1
𫘜	马 文
𫘝	马 5 大
𫘦	马 3 5 𠂉 1 山
𫘧	马  氺
𫘨	马 日 1 龰
𫘪	马 厂 白 小
𫘬	马 爫 6 厶 大
𫚕	鱼 2 3 1 巾
𫚖	 匕 鱼
𫚭	鱼 巛 囗 乂 6 4 4 6 4 4 6
𫛭	犭 王 鸟
𫞩	王 艹 1 冂 人 人
𫟅	纟 亠 口 小
𫟦	 丷 豕 辶
𫟹	钅 艹 1 八
𫟼	钅 大 辶
𫠆	十 又 1 3 贝
𫠊	马 亠 6 厶
𫠜	 人 6 2 臼 儿
𫢸	亻 丷 日 十
𫫇	口 1 2 ⺌ 1 心
𫭟	土 匚 乂
𫭢	土 𠆢 匕
𫭼	土 艹 冖 力
𫮃	土 丷 日 十
𫰛	女 5 ㇏ 工
𫵷	山 厂 力
𫶇	山  冖 巾
𫷷	广 钅 ⺈ 人
𫸩	弓 匚 乂
𬀩	日 韦
𬀪	日 见
𬂩	木 1 丷 大
𬃊	木 ㇒ 3 十 贝
𬇕	氵 1 5 3
𬇙	氵 贝
𬇹	氵 囗 玉
𬉼	火 匚 乂
𬊈	火 彐 寸
𬊤	火 丷 日 十
𬌗	1 6 2 3 𠆢 1 口
𬍛	王 ㇒ 6 小
𬍡	氵 𠃓 玉
𬍤	王 彐 寸
𬒈	 石
𬒔	石  
𬒗	石 2 2 𠂉 ㇏ 见
𬕂	⺮ 工 贝
𬘓	纟 3 2 2
𬘘	纟 冖 儿
𬘡	纟 囗 大
𬘩	纟 千 1 廴
𬘫	纟 宀 二 儿
𬘬	纟 龶 
𬘭	纟 木 木
𬘯	纟 亠 口 子
𬙂	纟 宀 1 日 2 八
𬙊	纟 黑 土
𬙋	纟 亠 口 口 1 艹 1 3 6 ㇒ ㇏
𬜬	艹 门 口
𬜯	艹 1 冂 人 人
𬞟	艹  2 3 3 1 3 贝
𬟁	艹 1 口 冂 丷 1 2 鸟
𬟽	虫 1 6 小
𬣙	讠 于
𬣞	讠 宀 1
𬣡	讠 二 戈
𬣳	讠 彐 6 ㇒ ㇏
𬤇	讠 覀 土
𬤊	讠 日 1 龰
𬤝	讠 1 日 2 1 ㇏ 心
𬨂	 氏
𬨎	 丷 西 1
𬩽	彐 寸 阝
𬪩	西 1 冖 3 6 ㇒ ㇏
𬬩	钅 弋
𬬭	钅 𠆢 匕
𬬮	钅 长
𬬱	钅 斤
𬬸	钅 木 ㇏
𬬹	钅 日 2
𬬻	钅 2 1 尸
𬬿	钅 刀 口
𬭁	钅 母
𬭊	钅 木 土
𬭎	钅 宀 𠂇 厶
𬭚	钅 亠 口 子
𬭛	钅 氵 5 3 2 又
𬭤	钅 亻 5 1 𠂉 大
𬭩	钅 八 厶 习 习
𬭬	钅 丰 丰 彐
𬭯	钅 丷 巾 八 攵
𬭳	钅 士 口 丷 1 口
𬭶	钅 黑
𬭸	钅 米 夕 1 6 2
𬭼	钅 丷 豕 辶
𬮱	门 覀 土
𬮿	阝 山 己
𬯀	阝 文 3 2
𬯎	阝 口 2 1 贝
𬱖	日 2 1 3 贝
𬱟	⺈ 厂 ⺋ 1 3 贝
𬳵	马 1 亻 4 1
𬳶	马 冂 口
𬳽	马  儿
𬳿	马 𠆢 于 八
𬴂	马  1 2 三
𬴃	马 丰 石
𬴊	马 米 夕 1 6 2
𬶋	鱼 句
𬶍	鱼 宀 匕
𬶏	鱼 ⺈ 厂 ⺋
𬶐	鱼 3 冫 6 ㇒ 4
𬶟	鱼 束 刂
𬶠	鱼 束 丷
𬶨	彐 6 ㇏ 1 6 儿 鱼
𬶭	鱼 夕 4 5 ㇏ 二 小
𬶮	鱼 士 口 丷 1 口
𬷕	甫 鸟
𬸘	匚 日 女 鸟
𬸚	犭 讠 犬 鸟
𬸣	宀 1 艹 1 八 鸟
𬸦	方 𠂉 𠂉 大 鸟
𬸪	㇒ 米 田 鸟
𬹼	 人 6 2 介
𬺈	 人 6 2 大 可
𬺓	 人 6 2 木 木 5 龰
亻	亻
	5 耳
攵	攵
覀	覀
	𠆢
	于 八
龴	龴
	
㇆	5
亠	亠
艹	艹
冖	冖
	1 豕
忄	忄
夂	夂
扌	扌
氵	氵
匚	匚
爫	爫
	1 𠂇
灬	灬
	亠 厶
	
冂	冂
	㇏ 彐 6 ㇏
	3 刀
氺	氺
屰	丷 1 6 2 3
	⺈
	
	 1
	2 三
	
犭	犭
亼	𠆢 1
刂	刂
厶	厶
彡	彡
纟	纟
冫	冫
	丷 囗 ⺌
囗	囗
	2 1
	
丨	2
	𠂉 ㇏
廴	廴
讠	讠
阝	阝
龷	艹 1
	⺌
钅	钅
	6 八
耂	十 𠂇
	㇒ 6 1
卩	卩
	三 人
龹	丷 夫
帀	1 巾
龶	龶
	㇒ 3
虍	2 1 5 3 七
氶	5 水
	2 2
	囗 2
丶	㇏
	㇏ 丷 1
	𰀁
㇒	㇒
丿	3
	3 2
	
	禾
	𠂉
乚	6
乛	5
龺	十 日 十
朩	1 小
乇	㇒ 七
	3 戈
	㇒ 2 二 5 二
㔾	⺋
	6 ㇏
	㇒ 6
	1 6
	丷 十
宀	宀
	𠂇
勹	3 5
	4 4
	
	
	1 厶
	1 6 ㇒
	5 1
彐	彐
丂	丂
	三 3
	且 1
㠯	
㇑	2
	
廾	𠂇 2
	5 1 2 二
	5 1
㇗	6
	1 戈
	
	
	
糸	糸
	二 戈
	亠 丷 冖
	㇒ 2 1 2
	1 八
	龶 5 3
	夕 4
	5 ㇏
	3 囗
䒑	丷 1
	大 丷
旡	1 6 儿
朿	1 巾 𠆢
罒	罒
厃	⺈ 厂
	广 5 2 2 1
	⺈ 口
	1 艹 1
	2 5 艹 1
	丷 1 夫
丷	丷
	艹 1 戈
	2 5
豖	1 ㇒ 5 ㇒ ㇒ ㇏ ㇒ ㇏
	1 5 二 2
疋	5 龰
	
	5 ㇏
	3 3 ㇏
凵	6 2
	5 氺
	丷 干
衤	衤
	丷 二 3
	5 ㇏
	3 二 巾
	
巛	巛
丌	1 3 2
	十 冖
	
	1 龰
	
	口 2 1
	十 5
	十 冂
	㇒ 𠂉
	㇒ 6 3
	彐 6 ㇏
	㇒ 6 ㇏ 3
	𠂉 1 
圡	土 ㇏
	1 自
㇤	6
辶	辶
	亠 2 2 八
	臼 2
丩	6 2
	3 冂
	十 戈
	㇒ 戈
	5 二 3
肀	5 𰀁
	亠 丷
	干 口
	十 丷 1
	㇏ 丷
	丷 1 2
	丷 三 3
㞢	6 2 2 1
	1 囗 艹
	囗 丷 
禸	冂 厶
	1 
	1 艹 1 八
	1 口 2 冖
	𠂇 2
	𠃓
	㇒ 2 1 6
	2 3 3
	3 
	㇒ 2 三
	氺
	5 二  2
	丂
刅	刀 ㇏ ㇏
釆	㇒ 米
	1 日 1 山
	2 1 冖
丬	丬
	尸 2
	⺈
	夕 ㇏
	1 日 2
镸	1 2 三 厶
	𠂇 ㇏
	𠂇 ㇏
	㇒ 5 2 3
	丷 王
	匚 2 口 2
疌	1 5 𰀁 1 3 4
疒	疒
攴	2 1 又
	1 3 且
	尸 5
龰	龰
	2 3
	干 丷 1
	冫 ㇒ 4 人
㐄	1 6 2
	2 6 冂
	5 夫
㡀	丷 巾 八
屮	6 2 2
彑	6 5 1
	3 3
	十 罒
	2 ㇏ ㇏ ㇏
冘	冖 儿
	1 日 2 1 ㇏
	耳 戈
戶	㇒ 3 5 1
	卩 又
龵	龵
	1 丰
	1 6 5 八
	㇒ 4
	1 弋
巿	1 巾
㒸	丷 豕
並	丷 1 2 ⺌ 1
	廿 口 夫
	㇒ 1 囗 丷 
	禾 戈
	
	口 1
	㇒ 6 ㇏
戉	1 6 戈
㐆	㇒ 3 彐 5
豙	立 ㇒ 5 ㇒ ㇒ ㇒ ㇏
	2 5 5 冖
	
牜	牜
	㇏ 3
	
	5 
	匚 1
	3 罒
礻	礻
	𠂉 2
	𠂉 2
	弟
巜	6 6
	3 
	且 丁 八
	1 3 2 5 二 冖
乑	㇒ 2 ㇒ ㇒ ㇒ ㇏
	厂 6 1 3 6 ㇒ ㇏
	𠂉  2 1
	3 2 ㇒ ㇏
䖝	㇒ 虫
饣	⺈ 6
	6 4 4 6 4 4 6
	刂 八
	2 八
亽	𠆢 ㇏
	乂 ㇏ ㇏ ㇏ ㇏
	2 3 3 ㇏ ㇏
	5 1 3
	2 1 2 5
