部件	codepoint	票数	jd1	jd93首末	moqi首末	hu首末	首末合计
木	U+6728	4.0	主	465	462	478	1405
土	U+571F	4.0	主	362	333	331	1026
亻	U+4EBB	4.0	主	277	286	274	837
日	U+65E5	4.0	主	285	261	236	782
钅	U+9485	4.0	主	231	268	262	761
一	U+4E00	4.0	主	409	94	233	736
女	U+5973	4.0	主	230	248	245	723
月	U+6708	4.0	主	185	176	295	656
丨	U+4E28	4.0	主	525	44	38	607
又	U+53C8	4.0	主	237	189	164	590
丿	U+4E3F	4.0	主	397	96	89	582
虫	U+866B	4.0	主	190	197	192	579
十	U+5341	4.0	主	208	175	164	547
八	U+516B	4.0	主	370	100	77	547
乙	U+4E59	4.0	主	433	52	49	534
火	U+706B	4.0	主	167	174	169	510
王	U+738B	4.0	主	209	66	232	507
山	U+5C71	4.0	主	185	157	156	498
贝	U+8D1D	4.0	主	192	142	140	474
讠	U+8BA0	4.0	主	146	159	157	462
大	U+5927	4.0	主	202	97	157	456
忄	U+5FC4	4.0	主	148	150	147	445
石	U+77F3	4.0	主	136	145	142	423
辶	U+8FB6	4.0	主	157	97	158	412
寸	U+5BF8	4.0	主	111	128	127	366
人	U+4EBA	4.0	主	152	105	107	364
儿	U+513F	4.0	主	174	56	113	343
目	U+76EE	4.0	主	108	117	111	336
鱼	U+9C7C	4.0	主	102	119	113	334
宀	U+5B80	4.0	主	114	115	80	309
疒	U+7592	4.0	主	102	102	100	304
田	U+7530	4.0	主	95	104	100	299
力	U+529B	4.0	主	91	99	98	288
匕	U+5315	4.0	主	104	95	89	288
鸟	U+9E1F	4.0	主	85	98	103	286
巾	U+5DFE	4.0	主	84	93	90	267
马	U+9A6C	4.0	主	73	87	87	247
厶	U+53B6	4.0	主	120	36	67	223
子	U+5B50	4.0	主	70	71	72	213
广	U+5E7F	4.0	主	75	74	64	213
米	U+7C73	4.0	主	74	67	65	206
工	U+5DE5	4.0	主	71	58	70	199
尸	U+5C38	4.0	主	64	62	66	192
灬	U+706C	4.0	主	64	69	53	186
冫	U+51AB	4.0	主	45	65	70	180
方	U+65B9	4.0	主	57	58	54	169
干	U+5E72	4.0	主	66	46	30	142
车	U+8F66	4.0	主	23	89	30	142
几	U+51E0	4.0	主	47	50	36	133
足	U+8DB3	4.0	主	10	9	109	128
立	U+7ACB	4.0	主	44	47	35	126
止	U+6B62	4.0	主	51	46	28	125
夕	U+5915	4.0	主	40	39	38	117
戈	U+6208	4.0	主	25	36	55	116
彳	U+5F73	4.0	主	45	44	27	116
舟	U+821F	4.0	主	38	37	37	112
巴	U+5DF4	4.0	主	37	37	34	108
而	U+800C	4.0	主	34	35	34	103
刀	U+5200	4.0	主	38	19	38	95
丁	U+4E01	4.0	主	30	36	27	93
西	U+897F	4.0	主	67	12	12	91
臼	U+81FC	4.0	主	34	32	24	90
二	U+4E8C	4.0	主	68	9	11	88
牛	U+725B	4.0	主	28	29	29	86
丰	U+4E30	4.0	主	38	27	21	86
衣	U+8863	4.0	主	20	31	32	83
文	U+6587	4.0	主	28	27	24	79
鬼	U+9B3C	4.0	主	24	23	23	70
卩	U+5369	4.0	主	25	26	19	70
气	U+6C14	4.0	主	23	22	23	68
句	U+53E5	4.0	主	20	21	21	62
彐	U+5F50	4.0	主	3	30	27	60
廿	U+5EFF	4.0	主	42	8	8	58
水	U+6C34	4.0	主	19	20	16	55
未	U+672A	4.0	主	11	20	24	55
冂	U+5182	4.0	主	10	13	14	37
册	U+518C	4.0	主	6	5	6	17
五	U+4E94	4.0	主	5	4	5	14
心	U+5FC3	3.5	附	141	144	145	430
攵	U+6535	3.5	附	82	84	82	248
亠	U+4EA0	3.5	附	103	83	40	226
丷	U+4E37	3.5	附	96	46	83	225
皿	U+76BF	3.5	附	70	70	70	210
白	U+767D	3.5	附	65	51	67	183
龶	U+9FB6	3.5	附	106	25	34	165
门	U+95E8	3.5	附	54	55	55	164
乂	U+4E42	3.5	附	79	11	50	140
夂	U+5902	3.5	附	62	59	17	138
可	U+53EF	3.5	附	45	47	46	138
厂	U+5382	3.5	附	49	38	38	125
士	U+58EB	3.5	附	36	45	40	121
三	U+4E09	3.5	附	99	6	9	114
龴	U+9FB4	3.5	附	42	28	27	97
犬	U+72AC	3.5	附	30	31	32	93
牜	U+725C	3.5	附	29	27	29	85
歹	U+6B79	3.5	附	25	26	27	78
千	U+5343	3.5	附	34	21	16	71
罒	U+7F52	3.5	附	23	22	22	67
己	U+5DF1	3.5	附	22	22	22	66
巳	U+5DF3	3.5	附	29	10	27	66
廴	U+5EF4	3.5	附	29	4	32	65
自	U+81EA	3.5	附	18	18	17	53
冖	U+5196	3.5	附	15	14	15	44
甘	U+7518	3.5	附	13	13	14	40
覀	U+8980	3.5	附	13	13	13	39
弋	U+5F0B	3.5	附	7	11	10	28
口	U+53E3	3.0	主		750	679	1429
氵	U+6C35	3.0	主		489	485	974
艹	U+8279	3.0	主		434	426	860
扌	U+624C	3.0	主		294	293	587
纟	U+7E9F	3.0	主		165	167	332
丶	U+4E36	3.0	主		60	152	212
犭	U+72AD	3.0	主		81	81	162
⺈	U+2E88	3.0		82	37	29	148
小	U+5C0F	3.0	主		67	76	143
衤	U+8864	3.0	主		64	62	126
习	U+4E60	3.0	主	56	60	(1)	117
古	U+53E4	3.0	主		54	49	103
夫	U+592B	3.0		25	33	28	86
户	U+6237	3.0		29	27	29	85
豕	U+8C55	3.0	主		41	30	71
殳	U+6BB3	3.0	主		34	29	63
囗	U+56D7	3.0	主		34	28	62
⺌	U+2E8C	3.0		28	14	15	57
㐅	U+3405	3.0	主		21	33	54
七	U+4E03	3.0		16	15	16	47
用	U+7528	3.0	主		33	14	47
骨	U+9AA8	3.0	主	23		22	45
辛	U+8F9B	3.0	主		22	17	39
电	U+7535	3.0	主	18	19		37
手	U+624B	3.0	主		19	17	36
勿	U+52FF	3.0	主	16	16		32
也	U+4E5F	3.0	主		15	15	30
束	U+675F	3.0	主		11	13	24
长	U+957F	3.0	主		10	11	21
麻	U+9EBB	3.0	主	10		10	20
丬	U+4E2C	3.0	主		9	9	18
⺆	U+2E86	3.0		4	5	4	13
片	U+7247	3.0	主		5	6	11
巛	U+5DDB	3.0	主		5	6	11
为	U+4E3A	3.0	主	4	5		9
阝	U+961D	2.5	附	175	(1)	183	359
刂	U+5202	2.5	附		125	127	252
礻	U+793B	2.5	附		48	46	94
曰	U+66F0	2.5	附	(2)	31	44	77
	U+E43A	2.5	附	56		16	72
言	U+8A00	2.5	附	30		31	61
氺	U+6C3A	2.5	附		14	31	45
走	U+8D70	2.5	附	19		18	37
耒	U+8012	2.5	附		19	17	36
爫	U+722B	2.5	附		17	19	36
音	U+97F3	2.5	附	17		17	34
戋	U+620B	2.5	附	14	14		28
朩	U+6729	2.5	附		16	5	21
末	U+672B	2.5	附	7	6		13
禾	U+79BE	2.0			90	95	185
页	U+9875	2.0			65	65	130
	U+E09E	2.0	主	128			128
示	U+793A	2.0			62	61	123
酉	U+9149	2.0			62	60	122
彡	U+5F61	2.0			58	61	119
⺋	U+2E8B	2.0		56		57	113
欠	U+6B20	2.0			55	56	111
饣	U+9963	2.0			47	46	93
斤	U+65A4	2.0			46	45	91
廾	U+5EFE	2.0			31	50	81
耳	U+8033	2.0			41	39	80
艮	U+826E	2.0			33	43	76
糸	U+7CF8	2.0			37	36	73
矢	U+77E2	2.0			35	36	71
见	U+89C1	2.0			35	35	70
革	U+9769	2.0			34	35	69
里	U+91CC	2.0			32	37	69
且	U+4E14	2.0			33	31	64
非	U+975E	2.0			32	30	62
弓	U+5F13	2.0			28	32	60
云	U+4E91	2.0			28	29	57
毛	U+6BDB	2.0			28	26	54
羊	U+7F8A	2.0			32	20	52
卜	U+535C	2.0			24	24	48
缶	U+7F36	2.0			24	23	47
䒑	U+4491	2.0			22	25	47
皮	U+76AE	2.0			23	23	46
生	U+751F	2.0			22	23	45
龙	U+9F99	2.0			22	22	44
乍	U+4E4D	2.0			23	21	44
凵	U+51F5	2.0			8	36	44
禸	U+79B8	2.0			14	30	44
疋	U+758B	2.0			17	26	43
业	U+4E1A	2.0			21	22	43
韦	U+97E6	2.0			21	21	42
龰	U+9FB0	2.0			35	7	42
舌	U+820C	2.0			20	21	41
由	U+7531	2.0			21	20	41
雨	U+96E8	2.0	主	(2)	37	(2)	41
㐄	U+3404	2.0			22	19	41
乃	U+4E43	2.0			21	20	41
⺢	U+2EA2	2.0		28	12		40
支	U+652F	2.0			20	20	40
甫	U+752B	2.0			20	20	40
母	U+6BCD	2.0			19	20	39
亡	U+4EA1	2.0			22	17	39
九	U+4E5D	2.0			19	19	38
幺	U+5E7A	2.0			12	26	38
谷	U+8C37	2.0			18	19	37
予	U+4E88	2.0			11	24	35
匚	U+531A	2.0			24	11	35
瓜	U+74DC	2.0			17	17	34
⺊	U+2E8A	2.0			14	20	34
斗	U+6597	2.0			16	17	33
不	U+4E0D	2.0			16	16	32
金	U+91D1	2.0			16	16	32
玉	U+7389	2.0		15	16		31
㠯	U+382F	2.0			19	12	31
勹	U+52F9	2.0			14	16	30
𠂇	U+20087	2.0			13	17	30
鹿	U+9E7F	2.0			16	14	30
光	U+5149	2.0			15	15	30
牙	U+7259	2.0			15	15	30
各	U+5404	2.0	主			29	29
豆	U+8C46	2.0			4	25	29
瓦	U+74E6	2.0			14	15	29
	U+E414	2.0		11		17	28
𠂉	U+20089	2.0			14	13	27
聿	U+807F	2.0			17	9	26
于	U+4E8E	2.0		13	13		26
尤	U+5C24	2.0			12	13	25
豸	U+8C78	2.0			11	13	24
齐	U+9F50	2.0			12	12	24
及	U+53CA	2.0			11	12	23
鬲	U+9B32	2.0			12	11	23
甲	U+7532	2.0			12	11	23
了	U+4E86	2.0			14	9	23
仑	U+4ED1	2.0			11	11	22
𢎨	U+223A8	2.0			11	10	21
川	U+5DDD	2.0			9	12	21
虍	U+864D	2.0			11	9	20
⺶	U+2EB6	2.0			6	14	20
弗	U+5F17	2.0			10	10	20
戊	U+620A	2.0			10	10	20
六	U+516D	2.0			7	12	19
辰	U+8FB0	2.0			9	10	19
两	U+4E24	2.0			9	10	19
コ	U+30B3	2.0			6	12	18
氏	U+6C0F	2.0			8	10	18
民	U+6C11	2.0			8	9	17
耂	U+8002	2.0			9	8	17
老	U+8001	2.0			8	8	16
面	U+9762	2.0			8	8	16
无	U+65E0	2.0			7	8	15
丌	U+4E0C	2.0			8	7	15
高	U+9AD8	2.0	主			15	15
井	U+4E95	2.0			7	7	14
兔	U+5154	2.0			7	7	14
⺗	U+2E97	2.0			7	7	14
	U+E446	2.0		4		9	13
釆	U+91C6	2.0		6	6		12
尚	U+5C1A	2.0	主			12	12
付	U+4ED8	2.0	主	12			12
身	U+8EAB	2.0			5	6	11
百	U+767E	2.0	主		11		11
彑	U+5F51	2.0			5	5	10
旡	U+65E1	2.0			5	5	10
尢	U+5C22	2.0			6	4	10
失	U+5931	2.0	主	10			10
爿	U+723F	2.0			5	4	9
臣	U+81E3	2.0			4	5	9
癶	U+7676	2.0			4	4	8
乌	U+4E4C	2.0			4	4	8
丩	U+4E29	2.0			4	4	8
爪	U+722A	2.0			3	4	7
⺄	U+2E84	2.0			3	3	6
𠂔	U+20094	2.0			3	3	6
与	U+4E0E	2.0	主		5		5
四	U+56DB	2.0	主		(2)	3	5
厉	U+5389	2.0	主	5			5
	U+E0D2	1.5	附	108			108
	U+E0C6	1.5	附	97			97
	U+E43D	1.5	附	64			64
㔾	U+353E	1.5	附		57		57
	U+E0C8	1.5	附	52			52
	U+E078	1.5	附	37			37
	U+E0D0	1.5	附	36			36
	U+E068	1.5	附	33			33
少	U+5C11	1.5	附		19		19
镸	U+9578	1.5	附			19	19
	U+E055	1.5	附	18			18
朱	U+6731	1.5	附	13			13
	U+E0D6	1.5	附	11			11
	U+E011	1.5	附	6			6
	U+E0B2	1.5	附	5			5
	U+E012	1.5	附	4			4
死	U+6B7B	1.5	附	3			3
ㇿ	U+31FF	1.0		765			765
捺	U+637A	1.0		592			592
⺡	U+2EA1	1.0		475			475
⺾	U+2EBE	1.0		424			424
⺘	U+2E98	1.0		291			291
}	U+007D	1.0			176		176
𤣩	U+248E9	1.0			173		173
⺰	U+2EB0	1.0		148	(1)		149
⺼	U+2EBC	1.0			140	(1)	141
竹	U+7AF9	1.0		(1)	129	(1)	131
⺮	U+2EAE	1.0				127	127
⻏	U+2ECF	1.0			118		118
⺉	U+2E89	1.0		113			113
𧾷	U+27FB7	1.0			99		99
⺨	U+2EA8	1.0		80			80
隹	U+96B9	1.0				77	77
⻖	U+2ED6	1.0			70		70
⻂	U+2EC2	1.0		63			63
𠆢	U+201A2	1.0			59		59
旦	U+65E6	1.0			58		58
羽	U+7FBD	1.0				58	58
	U+E40E	1.0				53	53
{	U+007B	1.0			52		52
	U+E46E	1.0				50	50
⺭	U+2EAD	1.0		48			48
丂	U+4E02	1.0			47		47
ㄅ	U+3105	1.0				46	46
夊	U+590A	1.0			(1)	43	44
框	U+6846	1.0		42			42
	U+F000	1.0		41			41
卄	U+5344	1.0			38		38
穴	U+7A74	1.0				37	37
⻗	U+2ED7	1.0				35	35
	U+E4C4	1.0				33	33
⺕	U+2E95	1.0		32	(1)		33
𧘇	U+27607	1.0			32		32
	U+E42F	1.0				31	31
	U+E4C5	1.0				30	30
内	U+5185	1.0			28		28
天	U+5929	1.0			28		28
占	U+5360	1.0			27		27
	U+E449	1.0				27	27
共	U+5171	1.0			27		27
开	U+5F00	1.0			26		26
父	U+7236	1.0			26		26
兀	U+5140	1.0			25		25
𰀁	U+30001	1.0			25		25
分	U+5206	1.0			24		24
至	U+81F3	1.0				24	24
良	U+826F	1.0			24		24
兄	U+5144	1.0			23		23
区	U+533A	1.0			21		21
正	U+6B63	1.0			21		21
	U+E4B6	1.0				21	21
亼	U+4EBC	1.0				21	21
	U+E47C	1.0				20	20
包	U+5305	1.0			20		20
元	U+5143	1.0			20		20
	U+E431	1.0				20	20
⺤	U+2EA4	1.0		19			19
冎	U+518E	1.0			19		19
果	U+679C	1.0			19		19
齿	U+9F7F	1.0				19	19
兆	U+5146	1.0			18		18
出	U+51FA	1.0			18		18
E	U+0045	1.0			18		18
𢀖	U+22016	1.0			18		18
屯	U+5C6F	1.0			18		18
亾	U+4EBE	1.0				17	17
乀	U+4E40	1.0			17		17
去	U+53BB	1.0			17		17
㇗	U+31D7	1.0				17	17
	U+E48F	1.0				16	16
风	U+98CE	1.0			16		16
行	U+884C	1.0				16	16
𠀎	U+2000E	1.0			16		16
亥	U+4EA5	1.0				16	16
勺	U+52FA	1.0			16		16
佥	U+4F65	1.0			15		15
匸	U+5338	1.0				15	15
兼	U+517C	1.0			15		15
公	U+516C	1.0			15		15
㇏	U+31CF	1.0				15	15
氐	U+6C10	1.0			15		15
夹	U+5939	1.0			15		15
𧰨	U+27C28	1.0			14		14
	U+E490	1.0				14	14
𠃌	U+200CC	1.0			14		14
必	U+5FC5	1.0			14		14
㇇	U+31C7	1.0			14		14
㇆	U+31C6	1.0				14	14
	U+E4AA	1.0				14	14
	U+E489	1.0				14	14
𡈼	U+2123C	1.0			14		14
𫶧	U+2BDA7	1.0			14		14
中	U+4E2D	1.0			14		14
黑	U+9ED1	1.0				14	14
更	U+66F4	1.0			14		14
	U+E440	1.0				14	14
	U+E4C8	1.0				14	14
	U+E46A	1.0				14	14
平	U+5E73	1.0			13		13
	U+E4CC	1.0				13	13
夬	U+592C	1.0			13		13
	U+E748	1.0				13	13
矛	U+77DB	1.0			13		13
申	U+7533	1.0			13		13
央	U+592E	1.0			13		13
玄	U+7384	1.0			13		13
	U+E5AC	1.0				13	13
亽	U+4EBD	1.0				13	13
冉	U+5189	1.0			12		12
	U+E4C0	1.0				12	12
𠂆	U+20086	1.0			12		12
⻌	U+2ECC	1.0			12		12
半	U+534A	1.0			12		12
⺁	U+2E81	1.0				12	12
因	U+56E0	1.0			11		11
龸	U+9FB8	1.0			10	(1)	11
主	U+4E3B	1.0			11		11
虎	U+864E	1.0				11	11
	U+E415	1.0				11	11
我	U+6211	1.0			11		11
柬	U+67EC	1.0			11		11
⺇	U+2E87	1.0			(2)	9	11
	U+E499	1.0				11	11
介	U+4ECB	1.0			11		11
只	U+53EA	1.0			10		10
来	U+6765	1.0			10		10
巨	U+5DE8	1.0			10		10
万	U+4E07	1.0			10		10
𦍌	U+2634C	1.0			10		10
丑	U+4E11	1.0			10		10
允	U+5141	1.0			10		10
	U+E8C3	1.0				10	10
乛	U+4E5B	1.0			(2)	8	10
黄	U+9EC4	1.0				10	10
隶	U+96B6	1.0			9		9
	U+E870	1.0				9	9
⺷	U+2EB7	1.0				9	9
	U+E460	1.0				9	9
冬	U+51AC	1.0			9		9
	U+E4A6	1.0				9	9
⺦	U+2EA6	1.0		9			9
之	U+4E4B	1.0			(2)	7	9
壬	U+58EC	1.0			8		8
食	U+98DF	1.0				8	8
夭	U+592D	1.0			8		8
龹	U+9FB9	1.0			8		8
卯	U+536F	1.0				8	8
乐	U+4E50	1.0			8		8
尹	U+5C39	1.0			8		8
鼠	U+9F20	1.0				8	8
午	U+5348	1.0			8		8
赤	U+8D64	1.0			8		8
凶	U+51F6	1.0			8		8
东	U+4E1C	1.0			7		7
豖	U+8C56	1.0			7		7
入	U+5165	1.0		3	(2)	(2)	7
	U+E079	1.0		7			7
凡	U+51E1	1.0			7		7
㡀	U+3840	1.0				7	7
	U+E497	1.0				7	7
永	U+6C38	1.0			7		7
𰃮	U+300EE	1.0			7		7
	U+E44D	1.0				7	7
才	U+624D	1.0			7		7
	U+E4BD	1.0				7	7
𡗗	U+215D7	1.0			7		7
	U+E48B	1.0				7	7
禹	U+79B9	1.0			7		7
龷	U+9FB7	1.0				7	7
成	U+6210	1.0			7		7
求	U+6C42	1.0			7		7
𠫔	U+20AD4	1.0			7		7
丕	U+4E15	1.0			7		7
𠃊	U+200CA	1.0			6		6
丘	U+4E18	1.0			6		6
	U+E498	1.0				6	6
屮	U+5C6E	1.0			(1)	5	6
肀	U+8080	1.0			4	(2)	6
丆	U+4E06	1.0			6		6
专	U+4E13	1.0			6		6
匀	U+5300	1.0			6		6
乎	U+4E4E	1.0			6		6
𦣞	U+268DE	1.0			6		6
太	U+592A	1.0			6		6
	U+E472	1.0				6	6
	U+E455	1.0				6	6
朿	U+673F	1.0			6		6
刃	U+5203	1.0			6		6
𠄌	U+2010C	1.0			5		5
采	U+91C7	1.0			5		5
亚	U+4E9A	1.0			5		5
	U+E41C	1.0				5	5
𦥑	U+26951	1.0			5		5
串	U+4E32	1.0			5		5
尺	U+5C3A	1.0			5		5
壴	U+58F4	1.0				5	5
黾	U+9EFE	1.0				5	5
丸	U+4E38	1.0			5		5
夷	U+5937	1.0			5		5
	U+E441	1.0				5	5
𠤎	U+2090E	1.0			5		5
亅	U+4E85	1.0			5		5
ス	U+30B9	1.0				5	5
㝉	U+3749	1.0			5		5
世	U+4E16	1.0			5		5
𰆊	U+3018A	1.0			5		5
上	U+4E0A	1.0			5		5
𠃍	U+200CD	1.0			5		5
𰀉	U+30009	1.0			5		5
	U+E82D	1.0				5	5
曲	U+66F2	1.0			(2)	3	5
叉	U+53C9	1.0			5		5
本	U+672C	1.0			5		5
术	U+672F	1.0			5		5
韭	U+97ED	1.0			5		5
久	U+4E45	1.0			5		5
	U+E4D0	1.0				5	5
	U+E4A9	1.0				5	5
𡭔	U+21B54	1.0				4	4
	U+E422	1.0				4	4
	U+E462	1.0				4	4
	U+E495	1.0				4	4
北	U+5317	1.0			4		4
	U+E46F	1.0				4	4
丝	U+4E1D	1.0		3	(1)		4
𢎥	U+223A5	1.0			4		4
丹	U+4E39	1.0			4		4
	U+E42C	1.0				4	4
	U+E580	1.0				4	4
	U+E4C2	1.0				4	4
勾	U+52FE	1.0			4		4
屰	U+5C70	1.0			4		4
畺	U+757A	1.0			4		4
𠃜	U+200DC	1.0			4		4
乏	U+4E4F	1.0			4		4
𣥂	U+23942	1.0			4		4
重	U+91CD	1.0			4		4
象	U+8C61	1.0				4	4
义	U+4E49	1.0			4		4
斥	U+65A5	1.0			4		4
肉	U+8089	1.0			4		4
	U+E4C7	1.0				4	4
	U+E00C	1.0		4			4
𠂎	U+2008E	1.0			3		3
	U+E408	1.0				3	3
么	U+4E48	1.0			3		3
𫠣	U+2B823	1.0			3		3
攴	U+6534	1.0				3	3
	U+E4B5	1.0				3	3
	U+E459	1.0				3	3
	U+E452	1.0				3	3
戉	U+6209	1.0				3	3
	U+E4BC	1.0				3	3
	U+E03F	1.0		3			3
	U+E429	1.0				3	3
	U+E56B	1.0				3	3
	U+E4B4	1.0				3	3
𰀂	U+30002	1.0			3		3
兰	U+5170	1.0			3		3
	U+E4E4	1.0				3	3
𦣻	U+268FB	1.0			3		3
	U+E0C1	1.0		3			3
㇒	U+31D2	1.0				3	3
㇈	U+31C8	1.0			3		3
	U+E48A	1.0				3	3
㇉	U+31C9	1.0			3		3
办	U+529E	1.0			3		3
𫠠	U+2B820	1.0			3		3
	U+E417	1.0				3	3
	U+E402	1.0				3	3
下	U+4E0B	1.0			3		3
𱼀	U+31F00	1.0			3		3
𭕄	U+2D544	1.0			3		3
	U+E479	1.0				3	3
	U+E42D	1.0	主				0
	U+E820	1.0	主				0
	U+E0BC	1.0	主				0
肖	U+8096	1.0	主				0
固	U+56FA	1.0	主				0
龵	U+9FB5	0.5	附		(2)	(2)	4
已	U+5DF2	0.5	附	(1)		(1)	2
	U+E050	0.5	附	(1)			1
	U+E432	0.5	附			(1)	1
	U+E988	0.5	附				0
	U+E0C9	0.5	附				0
	U+E437	0.5	附				0
	U+E029	0.5	附				0
	U+E0ED	0.5	附				0
	U+E02A	0.5	附				0
	U+E08C	0.5	附				0
	U+E03E	0.5	附				0
	U+E43F	0.5	附				0
	U+E07F	0.5	附				0
	U+E020	0.5	附				0
