音节	字数	常用字数(前3500)	总频	前12字
yi	135	57	53132887	一以已易意亿伊医亦义依益
ji	127	52	37396148	给及期机基系集即级记几计
yu	113	51	27674384	与于鱼语预玉余育雨遇宇域
xi	103	38	9708957	西系希洗细息喜吸戏习溪席
fu	96	41	9918651	副服夫福富复府付负佛弗幅
vi	96	41	28969360	之只至值指制知直支治质志
qi	88	41	17925897	其起期气器七企奇齐汽启骑
li	86	30	19498494	里李利力理立离例丽礼历莉
yj	84	38	6438803	眼盐研演言严验岩延炎燕颜
ui	82	49	99283347	是时市事使式十实师石试食
ww	77	36	28924448	为位未微维味威委卫伟围尾
jm	72	37	10702038	间建见件减健简监剑检键兼
bi	69	22	8329398	比必笔币逼毕避鼻碧壁秘闭
ju	67	25	11689317	车据局句具举剧居聚巨距菊
wu	65	27	10325118	无五物务吴武乌屋舞误午恶
xm	61	28	15600452	先县线现见洗显限鲜险咸仙
jn	57	25	8677580	叫较交教校角觉脚焦胶缴浇
jp	54	27	9937606	价接节解街结界届杰借介皆
qm	54	20	9267797	前钱千签潜浅欠迁牵谦倩铅
di	53	21	110972889	的地第低提迪底蒂滴帝抵弟
vu	53	25	9869297	主住注著术煮朱助猪祝驻竹
hu	53	16	51429146	和户湖核胡互护虎乎沪呼糊
lu	53	22	5939964	路鲁绿卢露陆录鹿炉禄卤芦
yb	50	18	6186027	因银引音印饮阴隐尹殷寅吟
uu	50	29	11190873	书数属树术输舒署述叔束鼠
yz	50	24	48402498	有又由油游优友右尤幼邮忧
gu	50	18	5460258	股古故谷骨顾贾固鼓估菇姑
xp	49	21	7763581	写些解叶血谢鞋协蟹斜携邪
jk	49	27	8394963	经京精景净警静境井镜竞竟
pi	49	13	1989575	皮批否披匹脾屁辟啤疲劈毗
hv	48	20	21614987	会回惠汇辉慧灰毁绘挥徽晖
bo	48	18	3569273	波博伯薄播柏拨卜勃玻搏泊
qu	47	13	17191289	去区取曲趣趋驱娶渠屈祛瞿
xu	47	18	4334255	需许徐续须虚序旭绪恤叙蓄
ii	44	15	10074662	吃持池赤齿迟翅驰尺匙痴斥
yk	43	18	6391078	应英影营硬赢迎盈映樱颖鹰
jb	43	21	11438177	金进近仅今尽紧斤津晋锦禁
zi	43	14	10037593	自子资字兹仔紫滋姿咨籽梓
yr	42	19	12241142	元原员远源院园圆愿袁缘苑
yc	41	18	17712307	要约药咬腰邀耀姚摇遥妖瑶
he	41	16	53445163	和合喝河何核赫盒吓贺荷鹤
xr	41	12	2917564	选券宣轩玄悬旋炫萱璇癣铉
xn	41	18	13454842	小校笑消效销晓肖孝萧削硝
hj	40	15	2936534	含汉韩喊汗寒涵函罕翰瀚焊
ij	40	9	3047263	单产禅缠馋铲蝉掺颤蟾阐婵
jx	40	17	14743134	家加价假佳嘉甲架贾夹驾嫁
vf	40	20	4837675	真镇针震振珍阵贞圳诊枕侦
uj	40	16	4457825	山单善删闪扇杉珊衫禅陕鳝
uf	39	15	6176507	深神身什参申沈审甚肾伸慎
xy	39	16	1945078	讯训寻询逊巡迅勋循熏旬汛
si	38	16	9074551	斯四死司思丝寺似私撕嗣祀
hr	38	10	15650759	还换环患欢缓幻焕桓唤寰宦
mo	38	22	16209132	没无万模莫末魔摩默摸膜磨
ig	38	16	10788612	成称城程盛承呈乘撑诚橙澄
ee	38	13	4165070	阿哦额俄饿恶鹅厄鄂呃鳄娥
iu	37	12	10351105	出处除初储楚触础厨褚雏橱
lk	36	17	4028978	另领令灵零岭凌玲龄陵铃菱
va	36	12	2013399	查炸扎渣咋乍诈闸札榨轧栅
jt	35	10	2146933	角觉决绝嚼爵掘蕨诀崛厥撅
ge	35	18	17504926	个各合格歌哥盖隔戈革阁葛
yy	35	13	3821018	员云运孕晕韵允匀陨芸蕴筠
ke	35	17	13984437	可科克客课颗刻柯壳棵咳渴
ts	34	15	6394387	同通统痛桶童洞铜桐筒彤酮
dj	33	13	14257019	但单石蛋淡弹丹担胆旦氮诞
tj	33	18	2287514	谈弹碳探坦谭摊坛潭滩贪痰
gv	33	14	3636185	贵规归鬼轨桂柜龟跪硅圭诡
fw	33	14	5049504	非费飞菲肥肺废妃斐腓沸啡
ys	32	11	9608099	用永勇拥涌泳咏雍庸佣甬蛹
hl	32	8	1937697	黄皇荒晃煌慌凰谎簧幌璜蝗
ti	32	10	5372628	提体题替踢梯蹄剃剔缇惕涕
wj	32	17	8804795	万完玩晚碗湾丸弯婉腕莞蔓
xl	32	21	20097484	想向像项相香降乡象响享箱
kv	32	7	465337	亏奎葵魁溃馈窥盔愧逵揆喹
yh	32	12	4632227	样杨养阳羊洋扬央氧痒仰漾
bw	32	14	15267044	被北杯背贝备倍碑呗臂悲辈
mi	32	12	2836846	米密迷蜜秘弥谜咪觅泌幂眯
qq	31	9	2993065	球求秋邱丘龟仇裘囚鳅酋萩
ya	31	15	3759152	亚呀压雅牙鸭芽娅押丫崖涯
lb	31	13	2714845	林临琳淋麟邻霖磷拎鳞赁吝
pu	31	17	2205199	普堡铺浦朴谱曝扑葡蒲埔瀑
ba	31	15	13046188	把吧巴八爸拔霸扒坝芭罢靶
th	30	9	3332719	汤唐糖堂烫塘躺趟棠膛淌倘
qn	30	13	1549837	桥乔壳巧敲雀翘侨俏瞧悄撬
ln	30	8	61150911	了料聊疗廖辽撩寮憭僚寥燎
lq	30	14	4905503	刘流六留陆柳瘤溜硫琉遛浏
xk	30	14	13919267	性行型省星形兴姓醒幸刑腥
mc	30	12	1730510	猫毛茂冒贸帽茅貌矛卯懋锚
mw	30	18	14723564	没美每梅枚媒妹煤酶眉霉镁
vz	29	12	3546492	周州粥洲轴舟皱咒骤肘宙昼
vo	29	9	8325639	着著桌卓捉浊灼拙琢酌擢啄
ia	29	9	3749603	差茶查插察叉刹岔茬喳搽槎
su	29	12	2840775	苏素速酥诉缩宿塑俗肃粟溯
bc	29	23	7910103	报包保宝爆抱薄堡饱暴煲炮
lo	29	12	3179393	罗洛落络螺咯裸萝烙骆逻锣
lm	29	13	4563930	连联脸练链恋莲炼廉帘镰怜
jq	28	13	30048631	就久酒九旧救究纠灸玖揪韭
gj	28	13	4253831	感干敢甘赶肝杆赣擀竿苷柑
ih	28	12	9105473	长场常唱厂尝昌肠畅偿倡敞
to	28	9	1343160	托脱拖拓陀妥坨驼沱唾驮椭
bm	28	12	4314868	变便边编遍扁辩辨贬鞭辫卞
ao	28	7	1283768	奥澳熬傲凹敖鳌嗷坳螯袄岙
fj	28	17	4295117	饭反翻范犯凡烦番返泛繁帆
ho	27	10	56929097	和或活火获货霍伙祸惑豁镬
qk	27	13	9076527	请清情青轻亲庆晴卿倾氢擎
dm	27	13	12203069	点店电典殿垫碘甸滇颠淀巅
qr	27	9	5683445	全权圈券泉犬拳劝醛荃铨诠
gr	27	13	5746664	关管观官馆冠惯罐灌贯莞棺
jl	27	15	16871649	将强讲奖江降酱姜蒋虹浆疆
du	27	14	24194293	都度读杜独毒渡堵督肚赌镀
tk	26	11	5836141	挺听停厅庭廷亭婷艇汀霆烃
ff	26	13	6330102	分份粉芬纷奋坟酚氛粪愤汾
ni	26	10	25564428	你呢尼拟腻泥妮逆倪匿溺霓
bj	26	16	6141956	版办半班板般搬伴拌斑坂颁
ci	26	14	8330671	此次差词兹茨刺慈瓷辞磁赐
vj	26	14	5723937	站展占战粘沾蘸斩詹盏栈湛
hs	26	10	2539433	红洪宏鸿弘虹轰哄烘泓纮薨
if	26	11	4119274	称陈晨沉臣辰尘趁衬琛宸嗔
vh	25	16	8531799	长张涨章掌账障帐胀彰丈仗
ye	25	13	27475843	也业叶野夜页耶液爷咽椰冶
fg	25	13	4023572	风峰封丰冯凤锋奉逢疯缝枫
qb	25	12	1480081	亲秦琴勤钦侵芹沁寝禽擒覃
gz	25	10	3986117	句购够狗构沟勾钩苟垢枸诟
lv	25	14	3587580	率旅绿吕律铝虑驴滤氯履屡
sv	25	11	3450481	岁随虽碎尿遂穗隋髓绥隧睢
do	24	9	16139266	多度夺朵躲铎剁堕舵驮哆垛
mg	24	9	1934091	梦蒙萌孟猛盟懵锰檬勐艋朦
jy	24	12	3661945	均军君郡俊菌龟骏钧峻浚筠
xq	24	11	1851116	修秀休宿臭袖绣嗅羞锈溴貅
ve	24	9	28623020	这着者折哲浙遮褶喆辙蔗蛰
yt	24	12	8854169	月越约乐悦阅岳曰跃粤钥玥
mu	24	16	4477991	目木模母姆穆幕墓牧慕亩募
dd	24	11	20268655	大带代戴待贷袋呆黛岱逮傣
lw	24	10	4556182	类雷勒累泪蕾磊垒肋嘞镭擂
lj	24	14	2353971	兰蓝烂栏懒篮览拦岚揽澜滥
ai	24	10	4566805	爱埃艾癌哎唉矮哀挨碍隘蔼
da	24	7	20593829	大打达答搭哒嗒妲沓耷怛瘩
lh	23	6	1002406	朗浪郎狼廊琅榔螂啷阆莨塱
xx	23	12	9309615	下夏虾吓辖霞侠厦瞎峡狭匣
ll	23	12	6997606	两量亮辆良梁俩凉粮靓晾谅
ue	23	12	3770700	设社摄折射舍涉蛇舌拾奢佘
bn	23	5	2363217	表标彪飙婊裱镖膘杓骠镳俵
wf	23	10	6241688	问文温稳闻纹蚊吻雯汶玟瘟
tc	23	10	1671881	套陶逃涛桃淘讨掏萄韬叨滔
hc	23	13	19447116	好号豪浩耗毫昊郝皓蒿蚝壕
pg	23	11	1204884	朋彭鹏碰捧蓬棚烹膨澎硼篷
tu	22	11	4284051	图土突涂吐途兔徒凸屠秃荼
bu	22	13	38562529	不部布步补堡卜捕埔簿埠怖
ta	22	7	25544524	他她它塔踏拓塌挞榻遢沓鳎
lc	22	10	3631969	老落劳络捞牢烙佬酪唠涝姥
vc	22	15	11912626	着找照赵招朝召昭兆爪罩肇
uc	22	10	3798233	少烧稍绍召勺邵韶哨梢鞘劭
ql	22	8	3129725	强抢墙枪腔呛羌羟炝蔷锵樯
ls	22	9	2068717	龙弄隆笼泷陇拢垄聋珑胧咙
lz	21	6	1349543	楼露漏喽娄搂陋镂瘘篓蒌髅
gs	21	14	7678124	公工共供宫功攻贡弓恭龚拱
po	21	11	1457952	破朴坡颇婆繁珀迫泼泊魄粕
mm	21	8	3317330	面免棉眠绵缅勉冕娩沔腼呒
iz	21	10	901132	抽丑臭筹愁稠仇酬绸瞅畴俦
ru	21	7	7455738	如入乳汝儒茹辱濡孺蠕褥铷
an	21	11	4689843	安按案暗岸俺胺氨庵鞍铵黯
go	21	7	14435386	过国果锅郭裹涡粿虢腘椁帼
mj	21	9	3488013	满蛮慢曼漫埋蔓瞒鳗螨馒缦
xb	20	12	12098852	新心信辛欣鑫芯馨锌薪昕歆
ds	20	8	5802547	动东懂冬董洞栋冻咚侗鸫峒
pk	20	9	3267852	平评瓶凭屏萍坪苹乒鲆娉枰
vg	20	13	6589888	正证整政郑症争蒸征挣睁拯
zo	20	10	13064019	做作坐座左佐昨唑撮琢祚嘬
dc	20	10	20058658	到道岛倒导刀盗稻捣蹈悼叨
gc	20	8	8523923	高搞告稿膏糕皋郜镐羔诰锆
tm	20	7	5032867	天田甜添填舔恬湉腆阗畋忝
is	19	8	4147149	种重冲充虫崇涌宠铳憧翀舂
dk	19	9	3462451	定丁顶订町鼎盯钉叮锭碇啶
rf	19	8	24838501	人任认仁忍刃韧壬妊饪稔纫
fh	19	11	7466256	方放房防芳坊访仿纺肪妨枋
hz	19	7	11978682	后厚候侯猴喉吼齁逅骺鲎垕
wo	19	7	41868998	我沃握窝卧喔涡倭渥蜗斡挝
ua	19	12	2567328	沙啥杀莎傻砂厦杉纱刹煞鲨
zc	19	13	2373297	早造遭燥枣糟噪灶藻澡皂躁
dp	19	7	861193	跌碟蝶爹叠迭谍鲽喋牒堞耋
so	19	7	5877610	所索锁莎缩梭琐嗦娑羧唆蓑
ss	18	8	2605337	送松宋颂嵩怂诵讼耸崧淞悚
gh	18	10	3172136	刚港钢岗冈纲缸扛杠肛罡戆
vs	18	12	27046186	中种重众钟终忠仲肿冢盅衷
np	18	4	340409	涅捏聂镍乜孽颞啮臬镊蘖蹑
kj	18	8	9904273	看砍坎刊堪侃勘槛龛崁阚瞰
bh	18	11	2608676	帮棒榜邦绑磅镑傍蚌膀浜谤
kl	18	7	861179	况狂框矿匡筐旷邝眶哐诳圹
pj	18	10	1983017	盘胖潘判番盼攀畔叛磐泮蟠
dy	18	9	1385427	顿吨炖敦盾蹲墩钝囤遁沌惇
mb	18	6	1553551	民敏闽闵珉旻皿抿泯岷愍悯
lp	17	6	1072345	列烈裂猎劣咧冽鬣洌埒捩趔
tn	17	4	2867201	条调跳挑眺迢窕蜩髫粜佻祧
jr	17	7	1469865	圈卷捐娟眷倦隽绢鹃涓镌狷
bb	17	5	602678	斌宾滨彬缤濒殡槟鬓髌玢镔
dh	17	5	4457916	当党档挡荡铛裆宕砀珰凼谠
la	17	9	4379980	拉啦辣落腊蜡喇垃剌邋砬旯
co	17	6	997662	错措搓厝挫撮磋锉痤蹉矬嵯
td	17	10	8884915	太台泰态胎抬苔钛肽汰邰跆
ky	17	5	494215	困昆坤捆琨鲲堃锟醌焜髡鹍
bk	16	10	10289744	并病冰兵饼屏丙炳秉柄禀槟
er	16	7	15150836	而二尔儿耳饵贰洱迩珥铒鸸
wh	16	10	7316446	王网往望忘旺汪亡妄枉罔惘
pw	16	9	2246371	配佩陪培赔裴沛胚霈呸醅辔
cv	16	7	824853	脆崔催翠摧萃粹璀淬悴啐瘁
rs	16	10	1761185	容融荣蓉溶绒榕戎熔茸镕嵘
ug	16	11	8510905	生省升声圣胜盛剩绳笙牲昇
sz	16	3	449344	搜艘嗖嗽馊叟薮溲廋擞飕瞍
gg	16	7	10502802	更颈梗耕耿羹庚埂赓哽鲠绠
mn	16	9	926827	秒庙苗妙描喵瞄淼缪渺邈藐
pm	15	6	4080094	片便篇偏骗扁翩骈谝胼楩蹁
gd	15	6	6864158	该改盖钙概芥丐溉垓赅陔荄
ou	15	6	4046603	区欧偶藕鸥呕殴瓯耦讴沤怄
dn	15	8	1687697	掉调吊钓雕鲷刁叼貂凋碉铫
kd	15	5	4188587	开凯楷恺铠慨锴揩闿忾锎剀
hx	15	8	9238243	化花话华画划滑桦骅哗猾铧
pn	15	5	1018012	票朴飘漂瓢嫖瞟骠缥嘌剽殍
mh	15	5	548160	忙芒盲茫莽蟒氓邙牻牤杧硭
ma	15	10	8643589	吗马妈嘛码玛麻骂摩抹蚂蟆
ic	15	10	3428388	超炒朝潮吵抄巢焯钞嘲绰晁
nc	15	5	611427	脑闹挠恼瑙淖孬垴铙蛲呶硇
vr	14	6	3570050	转传专赚砖撰篆沌馔僎颛啭
iy	14	7	1341851	春纯唇醇淳蠢椿蝽莼鹑䲠𬭚
qp	14	6	2143770	且切茄伽窃妾怯惬锲挈郄箧
cs	14	5	7785547	从葱聪丛匆琮枞骢璁淙囱熜
na	14	8	10706954	那拿南哪纳娜呐钠捺衲镎乸
hd	14	7	15404795	还海孩害嗨咳亥氦骸骇醢嗐
ze	14	5	3439911	则泽责择咋仄啧赜昃笮迮帻
ld	14	5	12848122	来莱赖濑睐籁赉徕涞癞铼崃
zs	14	7	3172508	总宗综纵棕踪粽鬃枞倧腙偬
dz	14	10	21137632	都读斗豆抖逗痘兜窦陡蚪篼
uz	14	11	7958866	手受收首售瘦守授寿兽狩绶
dg	14	8	15309462	等登灯邓澄蹬瞪凳噔嶝镫磴
qt	14	5	3388054	却确缺雀阙鹊瘸阕炔悫榷碏
uh	13	7	20059878	上商伤尚赏熵裳殇觞晌墒垧
ph	13	5	588866	胖旁庞磅膀乓螃彷滂逄鳑耪
wa	13	7	1211782	瓦挖娃哇蛙袜洼佤娲坬窊腽
zu	13	7	3246485	组足族租祖阻卒诅俎镞菹崒
mk	13	7	5449948	名明命鸣铭冥茗螟酩溟洺暝
gx	13	5	811328	挂瓜刮卦寡呱褂剐胍栝鸹诖
ku	13	7	1880243	库哭苦酷裤枯窟骷喾矻绔刳
xt	13	7	5189212	学血雪薛穴削靴鳕噱谑踅峃
zj	13	4	1189314	赞暂咱攒瓒簪昝錾拶酂糌趱
pa	13	6	1374326	怕帕爬扒趴啪葩琶耙杷筢舥
nm	13	6	12980980	年念粘黏碾廿捻蔫拈撵鲇辇
hy	13	6	781972	混婚魂昏荤浑馄珲诨溷阍惛
kk	12	4	20504039	会快块筷蒯脍侩哙郐鲙狯㧟
cj	12	6	1371709	参餐残惨灿蚕璨粲惭骖黪䅟
zg	12	4	2794114	曾增综赠憎甑锃缯罾鄫矰䎖
nd	12	4	956188	奶奈乃耐迺萘鼐氖柰艿佴耏
kh	12	4	1046565	康抗扛糠亢炕慷钪伉𩾌闶𡐓
hg	12	6	3935430	行恒横衡亨哼珩桁蘅鸻姮堼
cd	12	10	9140263	才菜采财彩材蔡猜踩裁睬偲
pc	12	6	1617988	跑泡抛炮袍刨疱咆庖匏狍脬
ty	12	6	240104	吞屯臀褪囤豚鲀饨暾焞忳坉
bg	12	5	190440	泵崩蹦蚌绷甭迸嘣甏琫镚祊
dr	12	5	2799815	段短端断锻缎椴煅塅簖耑瑖
js	11	1	30482	炯迥炅窘冏颎泂扃坰䌹𬳶
ir	11	6	3452060	穿传川船串喘钏椽氚舛遄
md	11	7	7019832	买卖麦迈埋脉霾唛劢荬鿏
lr	11	3	563815	乱卵銮栾鸾峦滦挛孪娈脔
bd	11	9	3451961	白百伯摆柏败拜佰掰稗捭
ga	11	6	461124	夹噶咖嘎伽尬尕戛旮钆尜
nk	11	4	567554	宁凝拧柠甯狞泞佞咛聍苧
cu	11	5	671330	促粗醋簇卒猝蹴蹙殂徂蔟
pd	11	5	3293945	拍排派牌迫湃徘哌俳簰蒎
bf	11	4	6070172	本奔笨苯贲犇锛坌畚栟倴
vd	11	9	1241604	债择宅摘祭窄寨斋翟豸瘵
xs	11	5	971669	熊雄胸兄凶匈汹芎夐诇讻
gl	11	3	2430603	光广逛咣胱洸犷桄珖垙𨐈
nj	11	4	4099913	南男难楠喃腩囡蝻赧婻萳
pb	11	6	2112124	品拼频聘贫嫔颦牝玭姘𬞟
ie	10	6	4001292	车扯彻撤尺澈掣砗坼㬚
kc	10	3	3008032	考靠烤拷尻铐犒栲洘㸆
fa	10	6	6376334	发法罚伐乏阀筏珐垡砝
ly	10	6	1728580	论轮伦仑沦纶抡囵𬬭𫭢
zd	10	8	62969435	在再载仔灾宰哉栽崽甾
sa	10	4	814901	萨撒洒仨飒卅挲潵靸脎
iv	10	3	465587	吹垂锤槌捶炊棰陲圌倕
nu	10	4	426934	努怒奴弩驽傉胬砮孥笯
no	10	4	1038085	诺娜糯挪喏懦傩锘搦𦰡
rh	10	2	7908988	让壤嚷瓤攘穰禳瀼儴蘘
kz	10	4	1644947	口扣寇抠蔻叩芤筘眍𫸩
cc	10	5	1046293	草曹操槽糙漕嘈艚螬𥕢
vv	10	5	614945	追坠椎锥缀赘隹惴骓缒
vl	10	8	2435084	装状庄撞妆壮桩幢奘戆
uo	10	4	14247845	说数硕朔烁蒴铄槊搠妁
tv	10	5	1793911	推退腿忒褪颓蜕煺魋𬯎
qs	9	2	300714	穷琼穹邛蛩筇茕銎䓖
tg	9	4	594973	疼腾藤滕誊熥縢螣䲢
le	9	3	61046358	了乐勒叻簕饹泐仂鳓
mf	9	4	5968702	们门闷焖扪懑钔呇𫞩
mz	9	4	1932696	某谋牟缪眸哞侔鍪蛑
id	9	4	1740095	差拆柴钗豺瘥侪虿茝
ks	9	4	1801545	空控孔恐崆箜倥硿埪
zy	9	2	241041	尊遵樽鳟撙噂僔嶟𨱔
ul	9	4	1717509	双爽霜泷孀礵漴鹴骦
hh	9	4	3832896	行航杭巷夯吭沆绗颃
sc	9	3	250477	扫骚嫂臊搔瘙缫埽溞
zz	9	4	2673940	走邹奏揍诹陬驺鄹鲰
nq	9	5	1145230	牛纽扭妞钮拗狃忸杻
rv	9	5	825769	瑞锐睿蕊芮蕤蚋汭枘
rj	8	4	1473903	然染燃冉髯苒蚺䎃
ns	8	5	1142526	农弄浓脓侬哝秾𬪩
ro	8	2	1067937	若弱偌箬婼蒻鄀爇
il	8	6	1752406	创床窗闯幢疮怆噇
za	8	4	751288	扎杂砸咋匝咂拶臜
qx	8	4	2119353	卡恰掐洽髂葜袷拤
io	8	1	117736	戳绰辍啜龊踔惙逴
se	8	4	1581058	色塞瑟涩铯啬穑璱
wg	8	1	111622	翁嗡瓮鹟蕹蓊滃𬭩
zh	8	4	691160	藏脏葬臧赃奘牂驵
sy	8	4	978024	孙损笋隼荪榫飧狲
cr	8	2	113402	攒窜蹿篡汆爨撺镩
sj	7	3	4214794	三散伞叁糁馓毵
ch	7	5	864396	藏仓舱苍沧伧鸧
kx	7	3	427151	跨夸垮胯挎侉姱
dv	7	5	16673284	对队堆兑怼碓祋
lg	7	4	668842	冷棱愣楞崚堎塄
zv	7	5	8959283	最嘴罪醉咀蕞槜
tr	7	1	866059	团湍疃抟彖猯煓
rz	7	3	1418798	肉柔揉鞣蹂糅𫐓
gy	7	2	174151	滚棍衮辊鲧绲磙
sh	6	2	252180	桑丧嗓搡颡磉
gf	6	3	3764170	跟根艮亘哏茛
ce	6	5	1266887	测策侧册厕恻
vy	6	1	740399	准肫谆窀衠𬘯
bp	6	2	1666060	别憋瘪鳖蹩癿
ka	6	4	2184934	卡咯咖喀咔胩
de	6	4	106541569	的地得德嘚锝
nh	6	1	95310	囊馕囔曩攮齉
hk	6	5	833227	坏怀淮槐踝徊
rc	6	3	293621	绕扰饶桡娆荛
cy	6	4	2252162	村存寸邨皴忖
uk	6	5	2121115	率帅摔衰甩蟀
uv	6	5	17734349	说水谁睡税帨
lt	5	2	504871	略掠锊圙䂮
gk	5	3	440602	怪拐乖掴夬
mp	5	2	200057	灭咩乜蔑篾
tz	5	4	3098169	头投透偷骰
aa	5	4	6210582	啊阿腌吖锕
uy	5	3	450340	顺瞬舜吮楯
kf	5	2	317041	肯啃垦恳裉
cg	5	3	2577121	曾层蹭噌嶒
sd	5	3	1689143	赛塞鳃腮噻
qy	5	2	952153	群裙逡囷麇
rr	5	2	512716	软阮堧瓀媆
nn	5	2	459082	鸟尿脲袅茑
tp	5	3	1257636	铁贴帖萜餮
ko	5	4	381075	括扩阔廓蛞
hf	5	4	22107806	很恨狠痕𬣳
ur	5	3	119925	涮栓拴闩腨
pp	5	1	30142	撇瞥苤氕𬭯
zr	5	1	125355	钻纂攥缵躜
pz	4	1	25837	剖抔裒掊
ah	4	1	168656	昂盎肮卬
kg	4	1	357956	坑铿吭硁
ik	4	2	37799	踹揣啜搋
en	4	3	783552	恩嗯摁蒽
nv	4	1	2010860	女钕衄恧
te	4	1	1996863	特忑铽慝
sr	4	3	2265192	算酸蒜狻
cz	3	1	108032	凑腠辏
ux	3	2	541073	刷耍唰
cf	3	2	636497	参岑涔
ne	3	3	4586515	呢哪讷
ha	3	2	867934	哈蛤铪
pf	3	2	453615	喷盆湓
hw	3	2	1330757	黑嘿𬭶
wd	3	2	2163407	外歪崴
kr	3	3	2012984	款宽髋
vx	3	2	471685	抓爪髽
ud	3	3	1217432	色晒筛
dq	2	1	199757	丢铥
rg	2	2	958390	仍扔
nw	2	1	4148861	内馁
fz	2	1	245629	否缶
yo	2	1	124142	哟唷
oo	2	2	1332211	哦噢
ng	2	2	11251108	能嗯
dw	2	1	5658453	得嘚
ca	2	1	230902	擦嚓
nl	2	2	209001	娘酿
nf	2	1	313821	嫩恁
zf	2	1	251723	怎谮
re	2	2	1269873	热惹
ri	2	1	7707478	日驲
ry	2	2	292312	润闰
nt	2	1	68796	虐疟
mq	2	1	20196	缪谬
zw	2	1	88163	贼鲗
me	1	1	1511629	么
fo	1	1	402098	佛
lx	1	1	322639	俩
sg	1	1	68232	僧
kw	1	0	293	剋
dx	1	1	33307	嗲
nb	1	1	3161764	您
df	1	0	155	扽
vk	1	1	42768	拽
nr	1	1	247796	暖
sf	1	1	738119	森
ei	1	0	2093	欸
gw	1	1	6985613	给
nz	1	0	2297	耨
uw	1	1	1508124	谁
