字	内部名次	外部名次	来源
的	1	1	内部+外部
是	2	3	内部+外部
一	9	2	内部+外部
了	3	4	内部+外部
在	4	6	内部+外部
和	5	22	内部+外部
不	8	5	内部+外部
我	6	16	内部+外部
有	7	7	内部+外部
个	46	8	内部+外部
人	12	9	内部+外部
就	10	32	内部+外部
中	11	12	内部+外部
这	20	10	内部+外部
上	17	11	内部+外部
也	13	30	内部+外部
很	14	146	内部+外部
大	24	13	内部+外部
你	15	182	内部+外部
为	19	14	内部+外部
都	16	69	内部+外部
来	33	15	内部+外部
会	18	36	内部+外部
到	22	17	内部+外部
出	69	18	内部+外部
要	27	19	内部+外部
好	21	55	内部+外部
以	39	20	内部+外部
对	23	28	内部+外部
时	38	21	内部+外部
他	25	35	内部+外部
地	67	23	内部+外部
等	26	105	内部+外部
们	93	24	内部+外部
得	75	25	内部+外部
多	28	37	内部+外部
可	54	26	内部+外部
还	29	73	内部+外部
下	55	27	内部+外部
年	30	45	内部+外部
说	31	39	内部+外部
生	114	29	内部+外部
去	32	88	内部+外部
与	34	71	内部+外部
子	146	31	内部+外部
能	35	34	内部+外部
后	36	49	内部+外部
过	48	33	内部+外部
被	37	154	内部+外部
更	40	195	内部+外部
将	41	93	内部+外部
发	108	38	内部+外部
但	42	127	内部+外部
小	43	56	内部+外部
而	44	40	内部+外部
看	45	102	内部+外部
于	57	41	内部+外部
自	121	42	内部+外部
用	47	44	内部+外部
之	72	43	内部+外部
最	49	169	内部+外部
吃	50	457	内部+外部
行	120	46	内部+外部
让	51	302	内部+外部
家	65	47	内部+外部
并	52	138	内部+外部
方	155	48	内部+外部
日	53	100	内部+外部
作	173	50	内部+外部
做	56	188	内部+外部
成	90	51	内部+外部
开	105	52	内部+外部
从	58	81	内部+外部
面	148	53	内部+外部
没	59	115	内部+外部
事	144	54	内部+外部
新	60	162	内部+外部
里	61	83	内部+外部
给	62	155	内部+外部
心	175	57	内部+外部
着	63	64	内部+外部
前	82	58	内部+外部
高	64	87	内部+外部
所	91	59	内部+外部
想	66	110	内部+外部
道	186	60	内部+外部
法	171	61	内部+外部
点	68	80	内部+外部
如	85	62	内部+外部
进	162	63	内部+外部
或	70	257	内部+外部
她	71	322	内部+外部
同	158	65	内部+外部
经	156	66	内部+外部
太	73	237	内部+外部
分	112	67	内部+外部
本	74	72	内部+外部
定	249	68	内部+外部
其	76	74	内部+外部
把	77	112	内部+外部
然	383	70	内部+外部
第	78	152	内部+外部
又	79	125	内部+外部
比	80	197	内部+外部
再	81	147	内部+外部
当	116	75	内部+外部
买	83	659	内部+外部
起	134	76	内部+外部
那	84	118	内部+外部
动	217	77	内部+外部
已	118	78	内部+外部
该	86	250	内部+外部
两	168	79	内部+外部
啊	87	978	内部+外部
吧	88	773	内部+外部
书	89	220	内部+外部
问	180	82	内部+外部
元	92	319	内部+外部
主	193	84	内部+外部
实	283	85	内部+外部
才	94	176	内部+外部
天	128	86	内部+外部
及	95	210	内部+外部
内	96	151	内部+外部
请	97	320	内部+外部
现	184	89	内部+外部
者	98	114	内部+外部
只	99	103	内部+外部
长	111	90	内部+外部
月	100	159	内部+外部
此	152	91	内部+外部
三	101	92	内部+外部
性	102	180	内部+外部
它	103	281	内部+外部
无	138	94	内部+外部
吗	104	608	内部+外部
国	107	95	内部+外部
全	126	96	内部+外部
由	106	148	内部+外部
文	188	97	内部+外部
理	264	98	内部+外部
明	257	99	内部+外部
学	109	123	内部+外部
车	110	283	内部+外部
些	318	101	内部+外部
市	113	482	内部+外部
公	170	104	内部+外部
呢	115	437	内部+外部
十	252	106	内部+外部
店	117	768	内部+外部
意	424	107	内部+外部
正	202	108	内部+外部
至	119	214	内部+外部
外	201	109	内部+外部
您	122	875	内部+外部
间	230	111	内部+外部
加	123	186	内部+外部
区	124	579	内部+外部
情	388	113	内部+外部
水	125	167	内部+外部
爱	127	355	内部+外部
重	430	116	内部+外部
相	319	117	内部+外部
张	129	227	内部+外部
美	130	209	内部+外部
向	131	119	内部+外部
名	132	134	内部+外部
知	353	120	内部+外部
打	133	166	内部+外部
因	142	121	内部+外部
样	400	122	内部+外部
跟	135	471	内部+外部
金	136	199	内部+外部
应	185	124	内部+外部
部	137	170	内部+外部
手	198	126	内部+外部
万	139	238	内部+外部
带	140	267	内部+外部
信	248	128	内部+外部
路	141	194	内部+外部
关	267	129	内部+外部
王	143	242	内部+外部
使	179	130	内部+外部
种	245	131	内部+外部
二	145	135	内部+外部
见	328	132	内部+外部
力	231	133	内部+外部
像	147	284	内部+外部
化	149	233	内部+外部
处	221	136	内部+外部
位	150	142	内部+外部
门	302	137	内部+外部
先	151	141	内部+外部
口	344	139	内部+外部
每	153	308	内部+外部
图	154	460	内部+外部
么	295	140	内部+外部
走	157	196	内部+外部
头	320	143	内部+外部
回	224	144	内部+外部
却	159	288	内部+外部
话	254	145	内部+外部
老	160	190	内部+外部
业	161	310	内部+外部
挺	163	1436	内部+外部
身	458	149	内部+外部
放	164	183	内部+外部
则	165	255	内部+外部
入	190	150	内部+外部
菜	166	943	内部+外部
网	167	935	内部+外部
平	236	153	内部+外部
少	169	164	内部+外部
次	191	156	内部+外部
总	172	198	内部+外部
别	277	157	内部+外部
几	444	158	内部+外部
类	174	493	内部+外部
场	176	224	内部+外部
真	177	160	内部+外部
立	440	161	内部+外部
县	178	1071	内部+外部
通	251	163	内部+外部
号	181	507	内部+外部
机	197	165	内部+外部
线	182	522	内部+外部
科	183	647	内部+外部
果	406	168	内部+外部
期	187	328	内部+外部
何	483	171	内部+外部
站	189	389	内部+外部
安	239	172	内部+外部
接	389	173	内部+外部
报	279	174	内部+外部
找	192	391	内部+外部
声	612	175	内部+外部
度	194	236	内部+外部
体	260	177	内部+外部
斯	195	504	内部+外部
今	412	178	内部+外部
快	196	244	内部+外部
合	276	179	内部+外部
写	199	423	内部+外部
西	210	181	内部+外部
型	200	1159	内部+外部
表	305	184	内部+外部
李	203	360	内部+外部
目	394	185	内部+外部
式	204	410	内部+外部
各	205	239	内部+外部
常	338	187	内部+外部
女	206	256	内部+外部
量	207	298	内部+外部
己	598	189	内部+外部
特	208	263	内部+外部
德	209	356	内部+外部
四	213	191	内部+外部
卡	211	1248	内部+外部
件	449	192	内部+外部
强	212	260	内部+外部
解	484	193	内部+外部
低	214	450	内部+外部
钱	215	424	内部+外部
利	216	219	内部+外部
马	218	259	内部+外部
完	219	258	内部+外部
原	220	207	内部+外部
管	269	200	内部+外部
光	362	201	内部+外部
东	222	206	内部+外部
工	244	202	内部+外部
非	223	231	内部+外部
结	563	203	内部+外部
提	232	204	内部+外部
数	225	218	内部+外部
任	365	205	内部+外部
股	226	884	内部+外部
达	227	382	内部+外部
花	228	305	内部+外部
便	428	208	内部+外部
受	229	229	内部+外部
教	374	211	内部+外部
某	233	689	内部+外部
难	396	212	内部+外部
基	234	652	内部+外部
世	532	213	内部+外部
山	235	217	内部+外部
气	427	215	内部+外部
拉	237	398	内部+外部
神	392	216	内部+外部
玩	238	958	内部+外部
称	240	443	内部+外部
拿	241	509	内部+外部
值	242	615	内部+外部
未	243	304	内部+外部
代	421	221	内部+外部
直	450	222	内部+外部
色	478	223	内部+外部
越	246	429	内部+外部
省	247	691	内部+外部
变	288	225	内部+外部
记	348	226	内部+外部
海	250	252	内部+外部
必	528	228	内部+外部
尔	253	456	内部+外部
交	359	230	内部+外部
据	255	407	内部+外部
服	524	232	内部+外部
米	256	891	内部+外部
求	413	234	内部+外部
超	258	822	内部+外部
风	352	235	内部+外部
算	259	240	内部+外部
听	261	316	内部+外部
克	262	510	内部+外部
林	263	330	内部+外部
岁	265	662	内部+外部
边	506	241	内部+外部
款	266	1075	内部+外部
什	686	243	内部+外部
指	268	253	内部+外部
许	660	245	内部+外部
电	270	313	内部+外部
连	315	246	内部+外部
选	271	560	内部+外部
五	273	247	内部+外部
条	272	262	内部+外部
活	366	248	内部+外部
思	637	249	内部+外部
南	274	311	内部+外部
系	275	297	内部+外部
步	566	251	内部+外部
按	278	617	内部+外部
物	405	254	内部+外部
近	280	293	内部+外部
台	281	341	内部+外部
刚	282	478	内部+外部
城	284	337	内部+外部
版	285	1224	内部+外部
读	286	705	内部+外部
曾	287	462	内部+外部
言	816	261	内部+外部
集	289	435	内部+外部
叫	290	368	内部+外部
命	844	264	内部+外部
周	291	409	内部+外部
感	299	265	内部+外部
率	292	936	内部+外部
清	358	266	内部+外部
约	293	433	内部+外部
陈	294	618	内部+外部
认	634	268	内部+外部
保	363	269	内部+外部
谁	296	520	内部+外部
油	297	956	内部+外部
望	814	270	内部+外部
资	298	567	内部+外部
转	331	271	内部+外部
传	463	272	内部+外部
华	300	309	内部+外部
儿	471	273	内部+外部
村	301	725	内部+外部
制	310	274	内部+外部
干	323	275	内部+外部
份	303	844	内部+外部
计	447	276	内部+外部
贵	304	673	内部+外部
民	410	277	内部+外部
白	313	278	内部+外部
组	306	842	内部+外部
住	350	279	内部+外部
即	307	291	内部+外部
价	308	667	内部+外部
字	336	280	内部+外部
建	309	419	内部+外部
义	745	282	内部+外部
需	311	650	内部+外部
差	312	556	内部+外部
反	466	285	内部+外部
罗	314	472	内部+外部
象	810	286	内部+外部
题	335	287	内部+外部
项	316	697	内部+外部
单	317	339	内部+外部
流	435	289	内部+外部
且	373	290	内部+外部
送	321	373	内部+外部
深	378	292	内部+外部
红	322	381	内部+外部
形	642	294	内部+外部
级	324	761	内部+外部
取	529	295	内部+外部
帮	325	581	内部+外部
往	521	296	内部+外部
黄	326	494	内部+外部
品	327	444	内部+外部
论	657	299	内部+外部
鱼	329	1059	内部+外部
北	330	329	内部+外部
告	787	300	内部+外部
息	764	301	内部+外部
考	332	588	内部+外部
布	333	400	内部+外部
决	861	303	内部+外部
喝	334	989	内部+外部
收	339	306	内部+外部
产	337	453	内部+外部
满	416	307	内部+外部
队	340	548	内部+外部
阿	341	547	内部+外部
双	342	350	内部+外部
刘	343	753	内部+外部
觉	768	312	内部+外部
格	345	396	内部+外部
空	460	314	内部+外部
包	346	378	内部+外部
眼	542	315	内部+外部
黑	347	446	内部+外部
远	409	317	内部+外部
啦	349	1490	内部+外部
师	382	318	内部+外部
较	351	571	内部+外部
容	693	321	内部+外部
哦	354	1667	内部+外部
穿	355	685	内部+外部
军	425	323	内部+外部
男	356	555	内部+外部
士	611	324	内部+外部
卖	357	796	内部+外部
百	596	325	内部+外部
办	445	326	内部+外部
语	565	327	内部+外部
讲	360	552	内部+外部
肉	361	967	内部+外部
改	364	352	内部+外部
识	928	331	内部+外部
半	496	332	内部+外部
夫	527	333	内部+外部
香	367	518	内部+外部
客	578	334	内部+外部
房	368	386	内部+外部
战	482	335	内部+外部
死	369	342	内部+外部
院	559	336	内部+外部
投	370	573	内部+外部
司	371	346	内部+外部
候	1022	338	内部+外部
费	372	498	内部+外部
音	801	340	内部+外部
亚	375	847	内部+外部
热	376	475	内部+外部
换	377	559	内部+外部
视	540	343	内部+外部
领	576	344	内部+外部
汤	379	1497	内部+外部
失	922	345	内部+外部
球	380	962	内部+外部
赛	381	1118	内部+外部
亲	760	347	内部+外部
始	830	348	内部+外部
极	469	349	内部+外部
局	384	554	内部+外部
坐	385	439	内部+外部
哪	386	542	内部+外部
令	695	351	内部+外部
龙	387	533	内部+外部
功	799	353	内部+外部
程	553	354	内部+外部
首	390	377	内部+外部
员	391	361	内部+外部
复	749	357	内部+外部
商	393	425	内部+外部
切	539	358	内部+外部
随	558	359	内部+外部
易	395	415	内部+外部
段	397	490	内部+外部
句	398	526	内部+外部
离	508	362	内部+外部
云	399	418	内部+外部
轻	678	363	内部+外部
观	593	364	内部+外部
仅	401	754	内部+外部
青	592	365	内部+外部
均	402	1106	内部+外部
足	535	366	内部+外部
共	403	461	内部+外部
落	857	367	内部+外部
片	404	413	内部+外部
根	500	369	内部+外部
创	407	939	内部+外部
怎	1243	370	内部+外部
宝	408	575	内部+外部
持	516	371	内部+外部
精	595	372	内部+外部
设	411	395	内部+外部
众	633	374	内部+外部
影	601	375	内部+外部
八	526	376	内部+外部
微	414	431	内部+外部
副	415	701	内部+外部
准	573	379	内部+外部
配	417	784	内部+外部
展	418	405	内部+外部
兴	794	380	内部+外部
拍	419	949	内部+外部
岛	420	1342	内部+外部
早	438	383	内部+外部
装	422	465	内部+外部
尽	853	384	内部+外部
古	423	524	内部+外部
故	884	385	内部+外部
引	761	387	内部+外部
游	426	532	内部+外部
火	477	388	内部+外部
属	429	648	内部+外部
似	1216	390	内部+外部
维	431	694	内部+外部
备	851	392	内部+外部
器	432	537	内部+外部
调	824	393	内部+外部
层	433	702	内部+外部
断	913	394	内部+外部
增	434	851	内部+外部
石	436	404	内部+外部
消	732	397	内部+外部
镇	437	910	内部+外部
照	605	399	内部+外部
盘	439	758	内部+外部
推	441	427	内部+外部
友	579	401	内部+外部
蛮	442	1922	内部+外部
整	474	402	内部+外部
纳	443	914	内部+外部
术	594	403	内部+外部
座	446	715	内部+外部
紧	1044	406	内部+外部
证	448	477	内部+外部
终	1050	408	内部+外部
巴	451	620	内部+外部
另	452	536	内部+外部
举	647	411	内部+外部
试	453	545	内部+外部
飞	582	412	内部+外部
篇	454	1113	内部+外部
占	455	887	内部+外部
虽	918	414	内部+外部
联	456	590	内部+外部
亿	457	1517	内部+外部
运	515	416	内部+外部
笑	709	417	内部+外部
节	459	455	内部+外部
饭	461	769	内部+外部
味	462	779	内部+外部
谈	679	420	内部+外部
界	603	421	内部+外部
奖	464	1460	内部+外部
务	486	422	内部+外部
星	465	541	内部+外部
州	467	688	内部+外部
久	468	486	内部+外部
乐	476	426	内部+外部
排	470	666	内部+外部
注	481	428	内部+外部
河	472	619	内部+外部
食	473	727	内部+外部
千	718	430	内部+外部
银	475	605	内部+外部
若	556	432	内部+外部
英	497	434	内部+外部
杨	479	811	内部+外部
示	699	436	内部+外部
跑	480	825	内部+外部
待	858	438	内部+外部
议	924	440	内部+外部
病	485	476	内部+外部
乎	1496	441	内部+外部
留	517	442	内部+外部
靠	487	746	内部+外部
掉	488	817	内部+外部
晚	489	530	内部+外部
志	658	445	内部+外部
团	490	591	内部+外部
广	491	512	内部+外部
存	722	447	内部+外部
田	492	864	内部+外部
六	495	448	内部+外部
波	493	740	内部+外部
造	608	449	内部+外部
牛	494	946	内部+外部
江	538	451	内部+外部
念	1034	452	内部+外部
茶	498	981	内部+外部
哈	499	771	内部+外部
刻	1330	454	内部+外部
兰	501	641	内部+外部
史	502	570	内部+外部
歌	503	916	内部+外部
势	825	458	内部+外部
酒	504	614	内部+外部
依	845	459	内部+外部
皮	505	766	内部+外部
群	507	481	内部+外部
赞	509	1146	内部+外部
响	953	463	内部+外部
查	510	502	内部+外部
底	729	464	内部+外部
伊	511	1230	内部+外部
懂	512	1123	内部+外部
具	546	466	内部+外部
博	513	1050	内部+外部
喜	788	467	内部+外部
画	514	603	内部+外部
严	971	468	内部+外部
九	705	469	内部+外部
况	1062	470	内部+外部
支	518	497	内部+外部
社	519	558	内部+外部
粉	520	1417	内部+外部
须	1019	473	内部+外部
显	674	474	内部+外部
供	522	767	内部+外部
街	523	924	内部+外部
块	525	612	内部+外部
治	530	479	内部+外部
绝	1086	480	内部+外部
塔	531	1317	内部+外部
阳	723	483	内部+外部
确	791	484	内部+外部
仍	533	529	内部+外部
究	1157	485	内部+外部
奥	534	1395	内部+外部
除	636	487	内部+外部
源	536	909	内部+外部
闻	1061	488	内部+外部
购	537	1516	内部+外部
答	669	489	内部+外部
官	638	491	内部+外部
杯	541	1058	内部+外部
政	550	492	内部+外部
权	543	540	内部+外部
鸡	544	1391	内部+外部
武	762	495	内部+外部
标	545	678	内部+外部
七	610	496	内部+外部
班	547	829	内部+外部
尼	548	955	内部+外部
父	1118	499	内部+外部
词	549	819	内部+外部
统	765	500	内部+外部
木	551	539	内部+外部
府	823	501	内部+外部
树	552	508	内部+外部
般	1007	503	内部+外部
错	554	553	内部+外部
库	555	1154	内部+外部
倒	684	505	内部+外部
突	1156	506	内部+外部
搞	557	1472	内部+外部
升	560	913	内部+外部
养	561	704	内部+外部
烤	562	2553	内部+外部
初	739	511	内部+外部
楼	564	632	内部+外部
奇	672	513	内部+外部
愿	1144	514	内部+外部
欢	1151	515	内部+外部
优	567	874	内部+外部
希	586	516	内部+外部
普	568	906	内部+外部
母	939	517	内部+外部
讯	569	1211	内部+外部
福	570	646	内部+外部
破	661	519	内部+外部
索	571	613	内部+外部
森	572	1252	内部+外部
致	735	521	内部+外部
模	574	584	内部+外部
吴	575	1024	内部+外部
急	955	523	内部+外部
医	577	643	内部+外部
既	829	525	内部+外部
京	590	527	内部+外部
偏	580	1007	内部+外部
甚	1190	528	内部+外部
锅	581	2116	内部+外部
够	583	565	内部+外部
料	584	580	内部+外部
争	1072	531	内部+外部
脸	585	585	内部+外部
辣	587	2408	内部+外部
余	737	534	内部+外部
著	588	726	内部+外部
护	962	535	内部+外部
洗	589	1043	内部+外部
户	591	626	内部+外部
细	721	538	内部+外部
案	597	569	内部+外部
苦	1055	543	内部+外部
孩	808	544	内部+外部
洛	599	1188	内部+外部
专	600	576	内部+外部
朝	946	546	内部+外部
梦	602	840	内部+外部
居	755	549	内部+外部
药	604	656	内部+外部
害	1283	550	内部+外部
湖	606	815	内部+外部
独	1016	551	内部+外部
质	607	668	内部+外部
苏	609	720	内部+外部
参	690	557	内部+外部
季	613	1260	内部+外部
妈	614	968	内部+外部
港	615	1313	内部+外部
峰	616	1204	内部+外部
川	617	1155	内部+外部
止	832	561	内部+外部
短	618	786	内部+外部
际	1057	562	内部+外部
降	619	963	内部+外部
假	773	563	内部+外部
园	620	782	内部+外部
汉	677	564	内部+外部
营	621	763	内部+外部
列	622	671	内部+外部
诉	1427	566	内部+外部
沙	623	703	内部+外部
涨	624	1894	内部+外部
密	1116	568	内部+外部
叶	625	812	内部+外部
获	626	901	内部+外部
慢	627	734	内部+外部
富	628	714	内部+外部
派	629	595	内部+外部
环	652	572	内部+外部
呀	630	1254	内部+外部
血	631	680	内部+外部
静	1023	574	内部+外部
校	632	807	内部+外部
修	649	577	内部+外部
煮	635	2552	内部+外部
室	779	578	内部+外部
亦	639	986	内部+外部
炒	640	2609	内部+外部
衣	1001	582	内部+外部
圣	641	903	内部+外部
竟	1372	583	内部+外部
预	643	837	内部+外部
规	644	589	内部+外部
善	929	586	内部+外部
圈	645	1301	内部+外部
兵	1056	587	内部+外部
赵	646	1085	内部+外部
诺	648	1253	内部+外部
梅	650	905	内部+外部
盐	651	1887	内部+外部
冷	691	592	内部+外部
玉	701	593	内部+外部
课	653	1326	内部+外部
施	756	594	内部+外部
景	654	633	内部+外部
货	655	1026	内部+外部
纪	1043	596	内部+外部
吉	656	995	内部+外部
采	666	597	内部+外部
历	1032	598	内部+外部
顾	1214	599	内部+外部
铁	659	636	内部+外部
春	711	600	内部+外部
责	1179	601	内部+外部
含	662	856	内部+外部
夜	967	602	内部+外部
套	663	846	内部+外部
票	664	1162	内部+外部
惊	1603	604	内部+外部
防	665	801	内部+外部
负	895	606	内部+外部
牌	667	925	内部+外部
续	817	607	内部+外部
左	668	611	内部+外部
简	925	609	内部+外部
狗	670	1336	内部+外部
企	671	1261	内部+外部
章	909	610	内部+外部
雷	673	741	内部+外部
补	675	1015	内部+外部
瓦	676	1328	内部+外部
态	966	616	内部+外部
素	680	660	内部+外部
松	681	765	内部+外部
烧	682	1150	内部+外部
恩	683	858	内部+外部
冲	747	621	内部+外部
阵	1599	622	内部+外部
欧	685	972	内部+外部
境	1076	623	内部+外部
助	805	624	内部+外部
剧	687	1051	内部+外部
角	700	625	内部+外部
轮	688	997	内部+外部
卷	689	953	内部+外部
乱	886	627	内部+外部
呼	1557	628	内部+外部
灵	961	629	内部+外部
净	692	1244	内部+外部
脚	828	630	内部+外部
土	694	663	内部+外部
继	959	631	内部+外部
党	696	830	内部+外部
停	697	635	内部+外部
怕	720	634	内部+外部
氏	698	1137	内部+外部
异	1161	637	内部+外部
谢	820	638	内部+外部
托	702	735	内部+外部
否	1261	639	内部+外部
甜	703	2014	内部+外部
啥	704	1931	内部+外部
伤	750	640	内部+外部
旅	706	1131	内部+外部
置	890	642	内部+外部
嘛	707	1614	内部+外部
丝	708	878	内部+外部
良	894	644	内部+外部
承	1081	645	内部+外部
哥	710	676	内部+外部
技	712	833	内部+外部
康	713	850	内部+外部
围	988	649	内部+外部
勒	714	1250	内部+外部
板	715	695	内部+外部
秀	716	743	内部+外部
退	942	651	内部+外部
财	717	818	内部+外部
右	800	653	内部+外部
温	719	730	内部+外部
速	733	654	内部+外部
适	979	655	内部+外部
怀	1196	657	内部+外部
击	938	658	内部+外部
智	724	888	内部+外部
限	725	814	内部+外部
夏	726	921	内部+外部
迪	727	1638	内部+外部
背	742	661	内部+外部
翻	728	803	内部+外部
莱	730	1542	内部+外部
忙	1036	664	内部+外部
桥	731	1128	内部+外部
充	941	665	内部+外部
瑞	734	1178	内部+外部
遇	991	669	内部+外部
泰	736	1214	内部+外部
端	740	670	内部+外部
导	738	728	内部+外部
印	893	672	内部+外部
胜	741	736	内部+外部
疑	1559	674	内部+外部
露	1002	675	内部+外部
研	743	867	内部+外部
徐	744	1005	内部+外部
杀	771	677	内部+外部
朱	746	841	内部+外部
招	809	679	内部+外部
贴	748	1219	内部+外部
礼	1024	681	内部+外部
弟	1680	682	内部+外部
孙	751	789	内部+外部
亮	786	683	内部+外部
额	752	1100	内部+外部
齐	856	684	内部+外部
贝	753	1161	内部+外部
演	754	896	内部+外部
脑	1020	686	内部+外部
委	920	687	内部+外部
野	757	919	内部+外部
旧	758	798	内部+外部
猫	759	1746	内部+外部
顺	974	690	内部+外部
讨	1824	692	内部+外部
尚	813	693	内部+外部
鲜	763	1103	内部+外部
散	1135	696	内部+外部
蓝	766	1136	内部+外部
寺	767	1843	内部+外部
状	863	698	内部+外部
追	827	699	内部+外部
例	769	877	内部+外部
丽	770	751	内部+外部
笔	868	700	内部+外部
练	772	974	内部+外部
摄	774	1607	内部+外部
鲁	775	1021	内部+外部
睡	776	911	内部+外部
习	1031	706	内部+外部
碗	777	1830	内部+外部
永	840	707	内部+外部
压	778	820	内部+外部
草	917	708	内部+外部
胡	797	709	内部+外部
棒	780	2234	内部+外部
唐	781	759	内部+外部
济	848	710	内部+外部
顿	782	794	内部+外部
执	1345	711	内部+外部
君	783	860	内部+外部
察	1381	712	内部+外部
塞	784	1061	内部+外部
归	871	713	内部+外部
宫	785	917	内部+外部
雨	850	716	内部+外部
堂	836	717	内部+外部
韩	789	1275	内部+外部
威	815	718	内部+外部
糖	790	1895	内部+外部
忽	1873	719	内部+外部
莫	792	731	内部+外部
乡	793	810	内部+外部
船	1065	721	内部+外部
罪	1193	722	内部+外部
核	795	1505	内部+外部
敢	1096	723	内部+外部
佳	796	1064	内部+外部
妇	1818	724	内部+外部
辆	798	1335	内部+外部
免	956	729	内部+外部
融	802	1315	内部+外部
萨	803	1356	内部+外部
冰	804	1000	内部+外部
掌	1554	732	内部+外部
范	806	770	内部+外部
激	1309	733	内部+外部
略	807	748	内部+外部
险	821	737	内部+外部
丁	811	944	内部+外部
寻	1368	738	内部+外部
盖	812	879	内部+外部
守	1088	739	内部+外部
沉	1534	742	内部+外部
减	818	1171	内部+外部
职	865	744	内部+外部
宗	819	831	内部+外部
验	1114	745	内部+外部
楚	1418	747	内部+外部
嘉	822	1836	内部+外部
族	950	749	内部+外部
藏	931	750	内部+外部
雪	826	774	内部+外部
渐	1590	752	内部+外部
肯	1294	755	内部+外部
郑	831	1321	内部+外部
担	1293	756	内部+外部
扬	1380	757	内部+外部
届	833	1702	内部+外部
纯	834	1160	内部+外部
育	835	975	内部+外部
钟	982	760	内部+外部
刷	837	1927	内部+外部
硬	838	941	内部+外部
毛	839	762	内部+外部
坚	1218	764	内部+外部
绿	841	945	内部+外部
馆	842	827	内部+外部
酸	843	1616	内部+外部
累	846	1077	内部+外部
戴	847	1111	内部+外部
蒂	849	1654	内部+外部
赶	1255	772	内部+外部
坏	852	832	内部+外部
斗	1270	775	内部+外部
效	901	776	内部+外部
健	854	1101	内部+外部
临	1039	777	内部+外部
登	855	835	内部+外部
农	934	778	内部+外部
恶	1443	780	内部+外部
控	859	1060	内部+外部
烟	1364	781	内部+外部
蒙	860	1040	内部+外部
烈	1511	783	内部+外部
餐	862	1303	内部+外部
杂	1468	785	内部+外部
挂	864	1045	内部+外部
卫	927	787	内部+外部
雅	866	1073	内部+外部
跳	874	788	内部+外部
郭	867	1559	内部+外部
虾	869	2829	内部+外部
曲	960	790	内部+外部
付	870	863	内部+外部
封	930	791	内部+外部
抓	905	792	内部+外部
评	872	1044	内部+外部
移	1164	793	内部+外部
泽	873	1226	内部+外部
律	1268	795	内部+外部
宁	875	870	内部+外部
汽	876	1536	内部+外部
艺	986	797	内部+外部
赚	877	2129	内部+外部
炸	878	1507	内部+外部
朋	1263	799	内部+外部
积	879	923	内部+外部
跌	880	1663	内部+外部
救	1150	800	内部+外部
测	881	1065	内部+外部
益	882	848	内部+外部
脱	1192	802	内部+外部
杰	883	1121	内部+外部
划	933	804	内部+外部
诗	885	852	内部+外部
迎	1369	805	内部+外部
痛	963	806	内部+外部
互	887	922	内部+外部
曼	888	1550	内部+外部
窗	1285	808	内部+外部
帕	889	1668	内部+外部
宣	1175	809	内部+外部
谷	891	1097	内部+外部
杜	892	1086	内部+外部
警	1014	813	内部+外部
编	896	1016	内部+外部
酱	897	3019	内部
软	904	816	内部+外部
汁	898	2583	内部+外部
饰	899	1494	内部+外部
厅	900	977	内部+外部
顶	902	859	内部+外部
咸	903	2403	内部+外部
挥	1853	821	内部+外部
屋	1010	823	内部+外部
唱	906	1152	内部+外部
秋	1035	824	内部+外部
猪	907	1773	内部+外部
借	908	907	内部+外部
忘	989	826	内部+外部
伦	910	1167	内部+外部
暗	1350	828	内部+外部
伯	911	854	内部+外部
庄	912	861	内部+外部
梁	914	1180	内部+外部
厂	915	1151	内部+外部
宋	916	1193	内部+外部
困	1449	834	内部+外部
厚	919	1063	内部+外部
姐	1213	836	内部+外部
甲	921	1286	内部+外部
耳	1331	838	内部+外部
席	1298	839	内部+外部
埃	923	1525	内部+外部
惠	926	1386	内部+外部
旁	1495	843	内部+外部
禁	1519	845	内部+外部
爆	932	1520	内部+外部
探	1458	849	内部+外部
刀	935	934	内部+外部
吸	936	988	内部+外部
佛	937	889	内部+外部
戏	1025	853	内部+外部
熟	940	938	内部+外部
晓	994	855	内部+外部
劳	1299	857	内部+外部
售	943	1531	内部+外部
卢	944	1658	内部+外部
销	945	1195	内部+外部
弄	947	1019	内部+外部
艾	948	1551	内部+外部
谓	1892	862	内部+外部
券	949	1703	内部+外部
姆	951	1518	内部+外部
毕	1392	865	内部+外部
盛	952	1070	内部+外部
纸	965	866	内部+外部
哭	954	1210	内部+外部
虚	1389	868	内部+外部
怪	1102	869	内部+外部
伟	957	1175	内部+外部
输	958	1035	内部+外部
替	1396	871	内部+外部
犯	1220	872	内部+外部
灯	987	873	内部+外部
姓	1182	876	内部+外部
抢	964	1144	内部+外部
泡	968	2052	内部+外部
误	1307	880	内部+外部
麦	969	1466	内部+外部
架	978	881	内部+外部
墙	970	1025	内部+外部
幸	1453	882	内部+外部
隐	1553	883	内部+外部
稳	972	1036	内部+外部
骨	973	931	内部+外部
毒	1148	885	内部+外部
娘	1657	886	内部+外部
荣	975	965	内部+外部
乌	976	1251	内部+外部
抗	977	1092	内部+外部
床	1085	890	内部+外部
桌	980	1038	内部+外部
丰	981	1141	内部+外部
凡	1344	892	内部+外部
介	1104	893	内部+外部
宽	983	1030	内部+外部
征	1222	894	内部+外部
抱	984	985	内部+外部
彩	1017	895	内部+外部
蛋	985	1473	内部+外部
射	1318	897	内部+外部
祖	1385	898	内部+外部
欲	1286	899	内部+外部
零	990	1267	内部+外部
束	1660	900	内部+外部
腿	992	1305	内部+外部
舞	1152	902	内部+外部
申	993	1220	内部+外部
伙	1963	904	内部+外部
批	995	932	内部+外部
粥	996	2916	内部+外部
兹	997	1963	内部+外部
享	998	1133	内部+外部
私	1448	908	内部+外部
折	999	1034	内部+外部
债	1000	1557	内部+外部
薄	1003	1247	内部+外部
缓	1655	912	内部+外部
姜	1004	1968	内部+外部
页	1005	1172	内部+外部
税	1006	1502	内部+外部
织	1341	915	内部+外部
陆	1008	1008	内部+外部
赫	1009	1562	内部+外部
概	1834	918	内部+外部
倍	1011	1361	内部+外部
滴	1012	1844	内部+外部
醒	1337	920	内部+外部
损	1013	1189	内部+外部
码	1015	1293	内部+外部
湾	1018	1506	内部+外部
休	1413	926	内部+外部
摇	1825	927	内部+外部
洋	1143	928	内部+外部
坑	1021	2228	内部+外部
败	1438	929	内部+外部
监	1051	930	内部+外部
弗	1026	1554	内部+外部
兄	1969	933	内部+外部
颗	1027	1381	内部+外部
耶	1028		内部
录	1029	1023	内部+外部
淡	1030	1069	内部+外部
庭	1291	937	内部+外部
弹	1033	1054	内部+外部
访	1525	940	内部+外部
仁	1054	942	内部+外部
症	1037	1572	内部+外部
缺	1038	952	内部+外部
聊	1040	1930	内部+外部
羊	1041	1500	内部+外部
避	1498	947	内部+外部
航	1042	1501	内部+外部
阴	1254	948	内部+外部
挑	1045	1029	内部+外部
雄	1205	950	内部+外部
策	1046	966	内部+外部
秘	1786	951	内部+外部
庆	1047	1087	内部+外部
瘦	1048	1770	内部+外部
汇	1049	1532	内部+外部
姑	2099	954	内部+外部
菲	1052	1622	内部+外部
恐	1620	957	内部+外部
脆	1053	2054	内部+外部
释	1520	959	内部+外部
遍	1342	960	内部+外部
握	1613	961	内部+外部
丹	1058	1124	内部+外部
构	1059	1084	内部+外部
幅	1060	1375	内部+外部
虑	1973	964	内部+外部
朗	1063	1266	内部+外部
玛	1064	1552	内部+外部
迷	1162	969	内部+外部
堡	1066	1591	内部+外部
混	1067	1053	内部+外部
检	1105	970	内部+外部
烂	1068	1839	内部+外部
伸	1833	971	内部+外部
圆	1069	1095	内部+外部
饼	1070	2453	内部+外部
攻	1242	973	内部+外部
滑	1071	1323	内部+外部
摆	1073	980	内部+外部
危	1714	976	内部+外部
凯	1074	1627	内部+外部
俩	1075	1652	内部+外部
睛	2638	979	内部+外部
剑	1077	1062	内部+外部
尾	1078	1401	内部+外部
隆	1079	1470	内部+外部
帝	1080	1013	内部+外部
勇	1238	982	内部+外部
判	1428	983	内部+外部
搭	1082	1435	内部+外部
材	1171	984	内部+外部
敏	1083	1320	内部+外部
载	1084	1081	内部+外部
妻	1523	987	内部+外部
剂	1087	1759	内部+外部
签	1089	1449	内部+外部
趣	1571	990	内部+外部
逛	1090	2610	内部+外部
嘴	1109	991	内部+外部
井	1091	1415	内部+外部
逐	1638	992	内部+外部
沃	1092	1977	内部+外部
操	1269	993	内部+外部
宜	1093	1139	内部+外部
午	1424	994	内部+外部
贷	1094	1789	内部+外部
冬	1095	1302	内部+外部
浪	1326	996	内部+外部
宇	1097	1235	内部+外部
默	1336	998	内部+外部
嫩	1098	2515	内部+外部
毫	2197	999	内部+外部
霍	1099	1574	内部+外部
订	1100	1535	内部+外部
爸	1101	1511	内部+外部
珠	1361	1001	内部+外部
鼓	1588	1002	内部+外部
域	1103	1350	内部+外部
阶	1641	1003	内部+外部
孔	1174	1004	内部+外部
池	1106	1393	内部+外部
固	1459	1006	内部+外部
键	1107	1692	内部+外部
扎	1108	1340	内部+外部
诸	1472	1009	内部+外部
佩	1110	1308	内部+外部
陪	1111	1201	内部+外部
遗	1856	1010	内部+外部
堆	1112	1298	内部+外部
爷	1720	1011	内部+外部
帅	1113	1854	内部+外部
述	1570	1012	内部+外部
秒	1115	2087	内部+外部
闭	1804	1014	内部+外部
洪	1117	1285	内部+外部
巨	1221	1017	内部+外部
尝	1119	1237	内部+外部
透	1147	1018	内部+外部
牙	1120	1067	内部+外部
桶	1121	2483	内部+外部
吹	1122	1292	内部+外部
尤	1146	1020	内部+外部
奶	1123	1115	内部+外部
鞋	1124	1763	内部+外部
拥	1430	1022	内部+外部
浓	1125	1411	内部+外部
启	1126	1170	内部+外部
协	1127	1120	内部+外部
跨	1128	1499	内部+外部
熊	1129	1701	内部+外部
弱	1131	1027	内部+外部
麻	1130	1042	内部+外部
敌	1888	1028	内部+外部
链	1132	2226	内部+外部
典	1133	1147	内部+外部
韦	1134		内部
迹	2063	1031	内部+外部
抽	1265	1032	内部+外部
鸟	1136	1325	内部+外部
忍	1512	1033	内部+外部
饱	1137	2036	内部+外部
仓	1138	1859	内部+外部
旺	1139	2284	内部+外部
虎	1140	1090	内部+外部
皇	1374	1037	内部+外部
郡	1141		内部
患	1142	1555	内部+外部
献	1724	1039	内部+外部
蒸	1145	2388	内部+外部
纷	2022	1041	内部+外部
呈	1149	1664	内部+外部
童	1232	1046	内部+外部
尊	1565	1047	内部+外部
舍	1365	1048	内部+外部
侧	1153	1215	内部+外部
唯	1648	1049	内部+外部
沈	1154	1207	内部+外部
董	1155	1426	内部+外部
乃	1403	1052	内部+外部
辉	1158	1423	内部+外部
币	1159	1548	内部+外部
末	1160	1249	内部+外部
附	1195	1055	内部+外部
迟	1881	1056	内部+外部
敬	1528	1057	内部+外部
鬼	1163	1309	内部+外部
润	1165	1603	内部+外部
祝	1166	1362	内部+外部
拼	1167	1629	内部+外部
萌	1168	2824	内部+外部
秦	1169	1339	内部+外部
搜	1170	1611	内部+外部
皆	1172	1290	内部+外部
训	1367	1066	内部+外部
拟	1173	1711	内部+外部
洞	1251	1068	内部+外部
播	1176	1479	内部+外部
茨	1177		内部
魔	1178	1424	内部+外部
芳	1376	1072	内部+外部
兼	1180	1405	内部+外部
瓶	1181	1462	内部+外部
革	1483	1074	内部+外部
斤	1183	1840	内部+外部
横	1423	1076	内部+外部
赢	1184	1799	内部+外部
液	1185	1644	内部+外部
择	1301	1078	内部+外部
骂	1186	1547	内部+外部
乘	1211	1079	内部+外部
培	1187	1385	内部+外部
审	1188	1166	内部+外部
刺	1388	1080	内部+外部
晒	1189	2632	内部+外部
猛	1701	1082	内部+外部
租	1191	1609	内部+外部
逃	1611	1083	内部+外部
冯	1194	1631	内部+外部
途	1656	1088	内部+外部
凉	1197	1465	内部+外部
奔	1669	1089	内部+外部
溪	1198	2224	内部+外部
岩	1199	1590	内部+外部
喷	1200	1706	内部+外部
巧	1577	1091	内部+外部
洲	1201	1181	内部+外部
榜	1202	2500	内部+外部
针	1290	1093	内部+外部
驻	1203	1538	内部+外部
徒	2216	1094	内部+外部
泪	1204	1104	内部+外部
闪	1796	1096	内部+外部
娜	1206	1743	内部+外部
遭	1207	1245	内部+外部
绍	1375	1098	内部+外部
延	1208	1142	内部+外部
聚	1215	1099	内部+外部
骑	1209	1397	内部+外部
蟹	1210	3020	内部
昌	1212	1753	内部+外部
诚	1325	1102	内部+外部
闲	1580	1105	内部+外部
冠	1217	1351	内部+外部
序	1480	1107	内部+外部
震	1400	1108	内部+外部
旗	1219	1365	内部+外部
仿	1978	1109	内部+外部
缘	1488	1110	内部+外部
甘	1223	1370	内部+外部
婚	1303	1112	内部+外部
饮	1224	1380	内部+外部
潮	1225	1231	内部+外部
亡	1849	1114	内部+外部
宏	1226	1900	内部+外部
骗	1227	1314	内部+外部
忠	1277	1116	内部+外部
肥	1228	1705	内部+外部
烦	1651	1117	内部+外部
津	1229	1471	内部+外部
豪	1230	1354	内部+外部
闹	1432	1119	内部+外部
曹	1231	1515	内部+外部
佐	1233	2141	内部+外部
泉	1234	1414	内部+外部
残	1715	1122	内部+外部
乔	1235	1372	内部+外部
胃	1236	2075	内部+外部
仪	1237	1246	内部+外部
柳	1352	1125	内部+外部
妹	1533	1126	内部+外部
酷	1239	2009	内部+外部
映	1574	1127	内部+外部
魏	1240	1585	内部+外部
吨	1241	1858	内部+外部
叹	2500	1129	内部+外部
愈	2010	1130	内部+外部
肌	1244	1934	内部+外部
凭	1245	1229	内部+外部
授	1476	1132	内部+外部
胖	1246	1779	内部+外部
屏	1247	1913	内部+外部
暴	1425	1134	内部+外部
镜	1248	1206	内部+外部
偷	1439	1135	内部+外部
暖	1249	1818	内部+外部
贾	1250	1785	内部+外部
寒	1463	1138	内部+外部
涂	1252	1832	内部+外部
爽	1253	2298	内部+外部
弃	1742	1140	内部+外部
奈	1256	1474	内部+外部
竹	1257	1352	内部+外部
辈	2392	1143	内部+外部
辛	1258	1268	内部+外部
疼	1259	1710	内部+外部
颜	1357	1145	内部+外部
蔡	1260	1868	内部+外部
俊	1262	1400	内部+外部
冒	1732	1148	内部+外部
眉	1880	1149	内部+外部
箱	1264	1295	内部+外部
腻	1266	2797	内部+外部
吕	1267	1566	内部+外部
径	1959	1153	内部+外部
恒	1271	1898	内部+外部
辞	2170	1156	内部+外部
酥	1272	3131	内部
伴	1441	1157	内部+外部
邦	1273	1443	内部+外部
怒	1644	1158	内部+外部
豆	1274	1827	内部+外部
湿	1275	1811	内部+外部
仔	1276	1593	内部+外部
钢	1278	1467	内部+外部
隔	1279	1163	内部+外部
扣	1280	1700	内部+外部
穷	1355	1164	内部+外部
锁	1281	1198	内部+外部
拜	1625	1165	内部+外部
莉	1282	2029	内部+外部
档	1284	1921	内部+外部
悲	2184	1168	内部+外部
柔	1894	1169	内部+外部
潘	1287	1980	内部+外部
摩	1288	1348	内部+外部
袋	1289	1265	内部+外部
纵	2016	1173	内部+外部
扫	1526	1174	内部+外部
枪	1292	1182	内部+外部
迫	2480	1176	内部+外部
振	1408	1177	内部+外部
紫	1295	1318	内部+外部
撞	1296	1316	内部+外部
丈	2578	1179	内部+外部
咬	1297	1579	内部+外部
舰	1300	1504	内部+外部
央	1537	1183	内部+外部
戈	1302	1793	内部+外部
触	1615	1184	内部+外部
予	1535	1185	内部+外部
炎	1304	1580	内部+外部
孤	2122	1186	内部+外部
鸭	1305	2250	内部+外部
缩	1616	1187	内部+外部
擦	1306	1735	内部+外部
町	1308		内部
促	1360	1190	内部+外部
慧	1310	1442	内部+外部
番	1667	1191	内部+外部
彭	1311	1610	内部+外部
罢	2576	1192	内部+外部
肝	1312	1940	内部+外部
距	1313	1428	内部+外部
奋	2406	1194	内部+外部
撑	1314	2113	内部+外部
肾	1315	2512	内部+外部
幕	1371	1196	内部+外部
燕	1316	1239	内部+外部
犹	2264	1197	内部+外部
添	1317	1926	内部+外部
珍	1491	1199	内部+外部
柱	1319	1758	内部+外部
喊	1320	1358	内部+外部
抬	1889	1200	内部+外部
鹏	1321	1974	内部+外部
挖	1322	1831	内部+外部
妙	1773	1202	内部+外部
穆	1323	1731	内部+外部
摸	1402	1203	内部+外部
汗	1324	1588	内部+外部
劲	1621	1205	内部+外部
挤	1327	1487	内部+外部
侯	1328	1396	内部+外部
夺	1781	1208	内部+外部
胸	1329	1297	内部+外部
昨	1636	1209	内部+外部
枚	1332	1824	内部+外部
竞	1333	1384	内部+外部
貌	2416	1212	内部+外部
撒	1334	1594	内部+外部
谋	2011	1213	内部+外部
串	1335	1914	内部+外部
贫	1855	1216	内部+外部
逼	1338	1383	内部+外部
扶	1663	1217	内部+外部
俄	1339	1508	内部+外部
阻	2002	1218	内部+外部
搬	1340	1761	内部+外部
邓	1343	1645	内部+外部
岸	1707	1221	内部+外部
彼	2150	1222	内部+外部
赏	1440	1223	内部+外部
舒	1346	1271	内部+外部
稍	1347	1338	内部+外部
抵	1567	1225	内部+外部
仙	1348	1233	内部+外部
浩	1349	1857	内部+外部
插	1358	1227	内部+外部
迅	2111	1228	内部+外部
详	1351	1377	内部+外部
煎	1353	2839	内部+外部
碎	1354	1407	内部+外部
咱	1725	1232	内部+外部
腰	1356	1373	内部+外部
符	1563	1234	内部+外部
炖	1359		内部
肩	1710	1236	内部+外部
递	1912	1238	内部+外部
填	1362	2043	内部+外部
悦	1363	2105	内部+外部
洁	1410	1240	内部+外部
拒	2014	1241	内部+外部
沟	1366	1737	内部+外部
郎	1409	1242	内部+外部
凝	2255	1243	内部+外部
灰	1370	1277	内部+外部
铺	1373	1410	内部+外部
丑	1377	1838	内部+外部
袁	1378	1568	内部+外部
菌	1379	1950	内部+外部
壮	1934	1255	内部+外部
忧	2143	1256	内部+外部
疾	1382	1283	内部+外部
沿	1560	1257	内部+外部
轴	1383	2566	内部+外部
惯	1891	1258	内部+外部
欣	1384	1310	内部+外部
丢	1401	1259	内部+外部
频	1386	1683	内部+外部
凤	1387	1273	内部+外部
壁	1699	1262	内部+外部
惜	2390	1263	内部+外部
潜	1390	1469	内部+外部
婆	1975	1264	内部+外部
脏	1391	1787	内部+外部
恋	1393	1639	内部+外部
偶	1394	1481	内部+外部
仲	1395	1300	内部+外部
忆	2084	1269	内部+外部
饿	1397	1896	内部+外部
努	1422	1270	内部+外部
翼	1398	1569	内部+外部
葱	1399	2905	内部+外部
枝	1759	1272	内部+外部
灭	1623	1274	内部+外部
胆	1823	1276	内部+外部
焦	1404	1445	内部+外部
猜	1405	1581	内部+外部
旦	2105	1278	内部+外部
桑	1406	1634	内部+外部
孟	1555	1279	内部+外部
拖	1407	1399	内部+外部
陷	1832	1280	内部+外部
俗	2042	1281	内部+外部
绕	1445	1282	内部+外部
储	1411	1659	内部+外部
泥	1412	1463	内部+外部
瞧	2801	1284	内部+外部
盒	1414	2081	内部+外部
贤	1415	1804	内部+外部
帐	2318	1287	内部+外部
岭	1416	2162	内部+外部
糊	1675	1288	内部+外部
澳	1417	1803	内部+外部
泛	1727	1289	内部+外部
蒋	1419	1514	内部+外部
夹	1420	1708	内部+外部
碰	1431	1291	内部+外部
粗	1421	1333	内部+外部
奉	1737	1294	内部+外部
倾	2061	1296	内部+外部
碳	1426	2832	内部+外部
狂	1514	1299	内部+外部
纹	1429	1879	内部+外部
琴	1433	1345	内部+外部
琳	1434	2429	内部+外部
厉	2202	1304	内部+外部
黎	1435	1617	内部+外部
析	1436	1459	内部+外部
尖	1612	1306	内部+外部
柏	1437	1723	内部+外部
括	1637	1307	内部+外部
崔	1442	2136	内部+外部
垂	2179	1311	内部+外部
跃	1933	1312	内部+外部
晋	1444	1657	内部+外部
浅	1446	1776	内部+外部
耐	1447	1476	内部+外部
烫	1450	2840	内部+外部
荡	2155	1319	内部+外部
肖	1451	1976	内部+外部
乙	1452	1947	内部+外部
膜	1454	2128	内部+外部
赖	1524	1322	内部+外部
盆	1455	2122	内部+外部
驾	1456	1625	内部+外部
允	1939	1324	内部+外部
邀	1457	1848	内部+外部
暂	1627	1327	内部+外部
锦	1460	1478	内部+外部
署	1461	1606	内部+外部
祥	1485	1329	内部+外部
轨	1462	2021	内部+外部
染	1487	1330	内部+外部
庙	1464	1870	内部+外部
滚	1744	1331	内部+外部
瓜	1465	1949	内部+外部
浮	1752	1332	内部+外部
媒	1466	1682	内部+外部
涉	1467	1382	内部+外部
刑	1942	1334	内部+外部
孝	1469	1995	内部+外部
丸	1470	2424	内部+外部
扑	2138	1337	内部+外部
铜	1471	1732	内部+外部
拆	1473	2080	内部+外部
晨	1474	1408	内部+外部
陶	1475	1454	内部+外部
魂	1797	1341	内部+外部
疗	1477	1509	内部+外部
腾	1597	1343	内部+外部
岗	1478	1907	内部+外部
臣	1805	1344	内部+外部
嫁	1479	1945	内部+外部
悉	1906	1346	内部+外部
肺	1481	2148	内部+外部
络	1548	1347	内部+外部
剩	1482	1363	内部+外部
措	1948	1349	内部+外部
吵	1484	2053	内部+外部
译	1486	1546	内部+外部
殊	2301	1353	内部+外部
脂	1489	2325	内部+外部
胎	1490	2117	内部+外部
呆	1696	1355	内部+外部
拌	1492	3299	内部
旋	2078	1357	内部+外部
浦	1493	2322	内部+外部
虫	1494	1560	内部+外部
寄	1674	1359	内部+外部
悄	3126	1360	内部+外部
剪	1497	2248	内部+外部
册	1499	1689	内部+外部
芬	1500	2037	内部+外部
督	1905	1364	内部+外部
阅	1501	1647	内部+外部
沪	1502	2754	内部+外部
返	1708	1366	内部+外部
锡	1503	2203	内部+外部
召	1546	1367	内部+外部
吓	1504	1537	内部+外部
彻	2036	1368	内部+外部
柯	1505		内部
宾	1592	1369	内部+外部
莎	1506		内部
坦	1507	1434	内部+外部
冈	1508	2212	内部+外部
吐	1509	1371	内部+外部
肠	1510	2064	内部+外部
拔	1536	1374	内部+外部
坊	1513	2531	内部+外部
违	1645	1376	内部+外部
粒	1515	1792	内部+外部
臂	2137	1378	内部+外部
挡	1516	1720	内部+外部
尺	2260	1379	内部+外部
盈	1517	2115	内部+外部
寿	1518	1498	内部+外部
癌	1521	2010	内部+外部
磨	1522	1458	内部+外部
亏	1558	1387	内部+外部
叔	1650	1388	内部+外部
墨	1527	1480	内部+外部
伏	1784	1389	内部+外部
贺	1529	1697	内部+外部
唤	2865	1390	内部+外部
爬	1530	1573	内部+外部
妮	1531	2235	内部+外部
邻	2148	1392	内部+外部
杆	1532	2076	内部+外部
怨	2422	1394	内部+外部
漫	1668	1398	内部+外部
羽	1538	1750	内部+外部
醋	1539	2998	内部+外部
籍	1540	1730	内部+外部
蛇	1541	1635	内部+外部
赴	1542	1850	内部+外部
恨	1768	1402	内部+外部
斌	1543	2564	内部+外部
贯	2239	1403	内部+外部
阁	1544	1597	内部+外部
凌	1585	1404	内部+外部
桂	1545	1937	内部+外部
询	1691	1406	内部+外部
钙	1547	3015	内部
狼	1549	1575	内部+外部
罚	1771	1409	内部+外部
汪	1550	1874	内部+外部
抹	1551	2033	内部+外部
荷	1552	1605	内部+外部
伍	1647	1412	内部+外部
宿	1846	1413	内部+外部
哲	1556	1523	内部+外部
繁	2062	1416	内部+外部
绪	2090	1418	内部+外部
筑	1629	1419	内部+外部
鸿	1561	1925	内部+外部
湘	1562	2168	内部+外部
恢	2534	1420	内部+外部
匹	1976	1421	内部+外部
御	1564	1543	内部+外部
尘	2146	1422	内部+外部
扔	1566	1808	内部+外部
仰	2438	1425	内部+外部
纽	1568	1899	内部+外部
勤	1569	1431	内部+外部
描	2263	1427	内部+外部
盗	1662	1429	内部+外部
耀	1572	1886	内部+外部
截	1573	1439	内部+外部
渡	1717	1430	内部+外部
壳	1575	2069	内部+外部
劝	1694	1432	内部+外部
乳	1576	1956	内部+外部
莲	1606	1433	内部+外部
傻	1578	1782	内部+外部
葛	1579	1790	内部+外部
踪	2740	1437	内部+外部
捷	1581	1941	内部+外部
幽	2308	1438	内部+外部
迈	1582	1775	内部+外部
废	1583	1447	内部+外部
欠	1584	1924	内部+外部
荒	2085	1440	内部+外部
恰	2115	1441	内部+外部
茂	1586	2360	内部+外部
宅	1587	1880	内部+外部
颇	1741	1444	内部+外部
鑫	1589		内部
醉	1794	1446	内部+外部
嗯	1591		内部
掩	2581	1448	内部+外部
捞	1593	2473	内部+外部
崎	1594	2798	内部+外部
姚	1595	2089	内部+外部
丧	2574	1450	内部+外部
综	1596	1651	内部+外部
灾	1945	1451	内部+外部
鼻	1604	1452	内部+外部
煲	1598		内部
侵	2162	1453	内部+外部
抛	1600	1681	内部+外部
肃	2398	1455	内部+外部
朴	1601	2155	内部+外部
裁	1979	1456	内部+外部
胶	1602	2268	内部+外部
俱	2055	1457	内部+外部
鹿	1605	2061	内部+外部
昂	1607	2012	内部+外部
匆	3443	1461	外部
煤	1608	1872	内部+外部
粘	1609	2321	内部+外部
赔	1610	1794	内部+外部
拾	2529	1464	内部+外部
涛	1614	2118	内部+外部
涌	1953	1468	内部+外部
锋	1617	1495	内部+外部
卓	1618	1809	内部+外部
尿	1619	2025	内部+外部
赤	1622	1492	内部+外部
扰	2383	1475	内部+外部
萧	1624	1512	内部+外部
傅	1820	1477	内部+外部
唔	1626		内部
哎	1628	2090	内部+外部
孕	1630	2255	内部+外部
捕	2223	1482	内部+外部
植	1631	1529	内部+外部
惑	2684	1483	内部+外部
昆	1632	1751	内部+外部
飘	1914	1484	内部+外部
迁	1633	1713	内部+外部
屈	2127	1485	内部+外部
犬	1634	2577	内部+外部
鸣	1729	1486	内部+外部
砸	1635	2120	内部+外部
毁	1792	1488	内部+外部
斜	1898	1489	内部+外部
廷	1639	1786	内部+外部
翔	1640	2276	内部+外部
污	1780	1491	内部+外部
斑	1642	2137	内部+外部
慰	2765	1493	内部+外部
塘	1643	2522	内部+外部
覆	1830	1496	内部+外部
框	1646	2326	内部+外部
栏	1649	2223	内部+外部
颈	1652	2152	内部+外部
炮	1653	1503	内部+外部
弘	1654	2570	内部+外部
蜜	1658	2147	内部+外部
轩	1659	2124	内部+外部
绩	1661	1760	内部+外部
扩	1684	1510	内部+外部
踩	1664	2414	内部+外部
础	1811	1513	内部+外部
喂	1665	1942	内部+外部
亭	1666	2001	内部+外部
躺	1670	1621	内部+外部
贸	1958	1519	内部+外部
栋	1671	2676	内部+外部
肤	1672	1973	内部+外部
玲	1673	1884	内部+外部
轰	2248	1521	内部+外部
盟	1721	1522	内部+外部
娃	1676	1834	内部+外部
撤	2113	1524	内部+外部
兽	1677	1584	内部+外部
碧	1678	1902	内部+外部
侠	2031	1526	内部+外部
晶	1679	1756	内部+外部
袭	1918	1527	内部+外部
凶	2120	1528	内部+外部
拳	1681	1602	内部+外部
殿	1682	1553	内部+外部
涅	1683		内部
援	2266	1530	内部+外部
寸	1685	1860	内部+外部
梨	1686	2890	内部+外部
粮	1937	1533	内部+外部
彦	1687		内部
玄	1879	1534	内部+外部
账	1688	2267	内部+外部
岳	1689	1618	内部+外部
冻	1690	2179	内部+外部
辑	1692	1619	内部+外部
妖	2188	1539	内部+外部
嫌	1693	1829	内部+外部
箭	1994	1540	内部+外部
晕	1695	2127	内部+外部
奴	2212	1541	内部+外部
桃	1697	1812	内部+外部
删	1698	2833	内部+外部
估	1735	1544	内部+外部
尸	2372	1545	内部+外部
幼	1700	1670	内部+外部
蒜	1702	3255	内部
旭	1703	2838	内部+外部
惨	1944	1549	内部+外部
兑	1704	2506	内部+外部
矿	1705	1601	内部+外部
漏	1706	2091	内部+外部
腹	1709	1672	内部+外部
瑟	1711	1865	内部+外部
仇	2501	1556	内部+外部
踢	1712	2194	内部+外部
碟	1713	2816	内部+外部
障	1787	1558	内部+外部
龄	1716	1699	内部+外部
幻	1941	1561	内部+外部
坡	1718	1727	内部+外部
滨	1719	2601	内部+外部
裂	1965	1563	内部+外部
刊	2198	1564	内部+外部
慈	1845	1565	内部+外部
苑	1722	2835	内部+外部
鼠	1723	1813	内部+外部
役	2013	1567	内部+外部
涵	1726	2351	内部+外部
岂	3248	1570	内部+外部
锐	1728	1904	内部+外部
邪	2044	1571	内部+外部
叉	1730	2285	内部+外部
驶	1731	1675	内部+外部
稿	1733	1767	内部+外部
躲	1897	1576	内部+外部
催	1734	1952	内部+外部
疯	1790	1577	内部+外部
辩	2386	1578	内部+外部
墓	1736	1891	内部+外部
膏	1738	2735	内部+外部
沾	1739	2231	内部+外部
辅	1740	1978	内部+外部
艘	1746	1582	内部+外部
哼	2608	1583	内部+外部
趋	1743	1653	内部+外部
狠	2028	1586	内部+外部
氧	1745	2067	内部+外部
衡	1865	1587	内部+外部
淘	1747	2540	内部+外部
崇	1915	1589	内部+外部
艳	1748	2088	内部+外部
懒	1749	2139	内部+外部
苗	1750	1875	内部+外部
薇	1751	3005	内部
巡	1952	1592	内部+外部
吾	1753	1709	内部+外部
堵	1754	2171	内部+外部
偿	2313	1595	内部+外部
壶	1755	2384	内部+外部
愤	3082	1596	内部+外部
妆	1756	2704	内部+外部
熬	1757	2627	内部+外部
盾	1872	1598	内部+外部
曰	1758	1608	内部+外部
矛	2580	1599	内部+外部
笼	1760	1885	内部+外部
侍	2504	1600	内部+外部
弯	1761	1687	内部+外部
馅	1762	3369	内部
逸	1763	2293	内部+外部
鼎	1764	2217	内部+外部
胞	2319	1604	内部+外部
昭	1765	2186	内部+外部
逢	1766	2216	内部+外部
砍	1767	1923	内部+外部
铭	1769	2196	内部+外部
毅	1770	2057	内部+外部
霜	1772	2392	内部+外部
昏	2709	1612	内部+外部
雾	1774	1698	内部+外部
奏	2208	1613	内部+外部
杭	1775	2279	内部+外部
薛	1776	1724	内部+外部
艇	2347	1615	内部+外部
藤	1777	2169	内部+外部
樱	1778	2648	内部+外部
谭	1779	2006	内部+外部
蕾	1782	3182	内部
戒	1817	1620	内部+外部
兔	1783	2334	内部+外部
裕	1785	2163	内部+外部
炼	2006	1623	内部+外部
苍	2375	1624	内部+外部
姬	1788		内部
驱	1890	1626	内部+外部
哟	1789	2534	内部+外部
埋	1810	1628	内部+外部
霸	1791	1680	内部+外部
敦	1793	1876	内部+外部
乏	2385	1630	内部+外部
怡	1795	2538	内部+外部
诊	2093	1632	内部+外部
皱	2485	1633	内部+外部
稀	1798	1784	内部+外部
畅	1799	2189	内部+外部
漂	1919	1636	内部+外部
函	1800	2096	内部+外部
恭	2244	1637	内部+外部
芝	1801	2214	内部+外部
酶	1802		内部
柴	1803	1932	内部+外部
侦	2559	1640	内部+外部
燃	1861	1641	内部+外部
裙	1806	2391	内部+外部
贼	2048	1642	内部+外部
绘	1807	1971	内部+外部
碍	2691	1643	内部+外部
抄	1808	2184	内部+外部
辰	1809	2249	内部+外部
呵	2502	1646	内部+外部
渣	1812	3046	内部
欺	2624	1648	内部+外部
哇	1813	2302	内部+外部
牵	1899	1649	内部+外部
朵	1814	1677	内部+外部
陵	1815	1892	内部+外部
殖	2794	1650	内部+外部
菊	1816	2450	内部+外部
硕	1819	2367	内部+外部
慌	2491	1655	内部+外部
聘	1821	2338	内部+外部
慕	1997	1656	内部+外部
尹	1822		内部
捡	1826	2572	内部+外部
宪	2070	1660	内部+外部
熙	1827	2549	内部+外部
宙	3099	1661	内部+外部
伪	1828	1673	内部+外部
聪	1981	1662	内部+外部
撕	1829	2153	内部+外部
摘	1831	2071	内部+外部
脉	2009	1665	内部+外部
劫	2323	1666	内部+外部
摔	1835	2050	内部+外部
遵	2236	1669	内部+外部
坎	1836	2494	内部+外部
忌	1837	1882	内部+外部
砖	1838	2364	内部+外部
仗	2626	1671	内部+外部
颖	1839	2548	内部+外部
棋	1840	2072	内部+外部
鹰	1841	1764	内部+外部
牧	1917	1674	内部+外部
暨	1842		内部
纲	1843	2085	内部+外部
踏	1904	1676	内部+外部
扯	1844	1961	内部+外部
袖	2287	1678	内部+外部
胁	2969	1679	内部+外部
挣	1847	1777	内部+外部
铝	1848	3160	内部
窝	1850	1985	内部+外部
漆	1851	2253	内部+外部
厨	1852	2112	内部+外部
盯	2051	1684	内部+外部
勃	2023	1685	内部+外部
逊	1854	1856	内部+外部
扭	2157	1686	内部+外部
抚	2421	1688	内部+外部
刮	1857	2330	内部+外部
淋	1858	2264	内部+外部
晴	1859	1987	内部+外部
励	2008	1690	内部+外部
谱	1860	2365	内部+外部
颤	3337	1691	外部
韵	1862	2526	内部+外部
贡	1884	1693	内部+外部
辖	1863	1815	内部+外部
怜	2973	1694	内部+外部
垫	1864	2615	内部+外部
腊	2384	1695	内部+外部
椅	2083	1696	内部+外部
耗	1866	1791	内部+外部
邱	1867		内部
赠	1868	2172	内部+外部
齿	1869	1938	内部+外部
唉	1870	1936	内部+外部
缴	1871	1984	内部+外部
凑	1874	2038	内部+外部
爹	2053	1704	内部+外部
逆	1875	1877	内部+外部
廖	1876		内部
俺	1877	2327	内部+外部
娇	2193	1707	内部+外部
钻	1878	1714	内部+外部
狮	1882	2174	内部+外部
糕	1883	2542	内部+外部
肚	1923	1712	内部+外部
丘	1885	1951	内部+外部
柜	1886	2094	内部+外部
浑	2768	1715	内部+外部
弓	1887	1897	内部+外部
牢	2297	1716	内部+外部
艰	2426	1717	内部+外部
敲	1986	1718	内部+外部
惧	2812	1719	内部+外部
荐	1893	2497	内部+外部
叛	3115	1721	内部+外部
庞	2107	1722	内部+外部
拨	1895	1800	内部+外部
翠	1896	2005	内部+外部
叙	2490	1725	内部+外部
悟	2241	1726	内部+外部
罐	1900	2480	内部+外部
腐	1990	1728	内部+外部
摊	1901	2156	内部+外部
辽	1966	1729	内部+外部
祭	1902	1745	内部+外部
巷	1903	2399	内部+外部
割	1908	1733	内部+外部
臭	1907	2030	内部+外部
旨	2714	1734	内部+外部
娱	1909	2575	内部+外部
抖	2021	1736	内部+外部
披	1910	1954	内部+外部
炉	1911	2042	内部+外部
掠	3233	1738	内部+外部
狱	2766	1739	内部+外部
携	1913	2003	内部+外部
揭	2153	1740	内部+外部
晃	2317	1741	内部+外部
卜	1916	2020	内部+外部
怔	4666	1742	外部
猎	2291	1744	内部+外部
扒	1920	2937	内部+外部
瘤	1921	2345	内部+外部
诱	2366	1747	内部+外部
鹅	1922	2309	内部+外部
寂	2880	1748	内部+外部
遥	1996	1749	内部+外部
衰	1924	1807	内部+外部
兆	1925	2305	内部+外部
棉	1926	2015	内部+外部
禄	1927	2426	内部+外部
吞	2064	1752	内部+外部
咋	1928	2603	内部+外部
猴	1929	2097	内部+外部
哀	2505	1754	内部+外部
萍	1930	2209	内部+外部
牲	3375	1755	外部
卿	1931	1969	内部+外部
筹	1932	1762	内部+外部
厌	2695	1757	内部+外部
捧	1935	2201	内部+外部
吊	1936	2058	内部+外部
奎	1938		内部
鲍	1940	2083	内部+外部
瞪	3080	1765	内部+外部
恼	2983	1766	内部+外部
慎	1943	1888	内部+外部
僧	2231	1768	内部+外部
纠	2279	1769	内部+外部
缝	1946	1905	内部+外部
裤	1947	2098	内部+外部
睁	2633	1771	内部+外部
曝	1949	3247	内部
弥	2211	1772	内部+外部
塑	1950	2159	内部+外部
鹤	1951	2446	内部+外部
践	2517	1774	内部+外部
戳	1954	2783	内部+外部
坤	1955	2846	内部+外部
逻	2893	1778	内部+外部
噶	1956		内部
霞	1957	2007	内部+外部
疲	2726	1780	内部+外部
跪	2185	1781	内部+外部
阮	1960		内部
扇	1961	1918	内部+外部
丛	2356	1783	内部+外部
浇	1962	2819	内部+外部
遂	1964	1814	内部+外部
鉴	1968	1788	内部+外部
楠	1967		内部
翁	1970	2077	内部+外部
芯	1971	2650	内部+外部
邮	1972	1819	内部+外部
宠	1974	2263	内部+外部
悬	2025	1795	内部+外部
拦	2469	1796	内部+外部
遣	2736	1797	内部+外部
龟	1977	2332	内部+外部
捉	2569	1798	内部+外部
拓	1980	2185	内部+外部
趁	2172	1801	内部+外部
碑	1982	2301	内部+外部
仆	3061	1802	内部+外部
舌	1983	1986	内部+外部
椒	1984	3147	内部
穴	1985	1970	内部+外部
贪	2272	1805	内部+外部
削	2325	1806	内部+外部
弦	1987	2307	内部+外部
砂	1988	2684	内部+外部
娶	1989	2337	内部+外部
婷	1991		内部
瞬	2647	1810	内部+外部
趟	1992	2227	内部+外部
逾	1993	2565	内部+外部
琪	1995		内部
闷	2168	1816	内部+外部
芒	1998	2074	内部+外部
雕	2101	1817	内部+外部
夸	1999	1901	内部+外部
唇	2000	1889	内部+外部
狐	2001	1964	内部+外部
乾	2589	1820	内部+外部
螺	2003	2482	内部+外部
誉	2222	1821	内部+外部
勾	2004	1841	内部+外部
阔	2227	1822	内部+外部
缸	2005	2850	内部+外部
押	2246	1823	内部+外部
讷	2007		内部
祸	2561	1825	内部+外部
梯	2221	1826	内部+外部
歇	2360	1828	内部+外部
篮	2012	2376	内部+外部
坪	2015	2761	内部+外部
抑	2203	1833	内部+外部
贞	2017	2361	内部+外部
浙	2018	2195	内部+外部
契	2097	1835	内部+外部
坂	2019		内部
粤	2020	3049	内部
循	2156	1837	内部+外部
坛	2024	1849	内部+外部
址	2026	2066	内部+外部
渔	2286	1842	内部+外部
丙	2027	2599	内部+外部
渠	2029	2352	内部+外部
吼	2550	1845	内部+外部
呗	2030		内部
赋	2242	1846	内部+外部
惟	2306	1847	内部+外部
蝶	2032	2294	内部+外部
徽	2033	2374	内部+外部
磊	2034	3232	内部
勺	2035	3146	内部
械	2575	1851	内部+外部
莹	2037	2613	内部+外部
堪	2388	1852	内部+外部
虹	2038	2175	内部+外部
帽	2081	1853	内部+外部
厦	2039	2423	内部+外部
浸	2040	2380	内部+外部
傲	2510	1855	内部+外部
钓	2041	2356	内部+外部
蹲	2043	2369	内部+外部
窄	2045	2353	内部+外部
伞	2046	2314	内部+外部
筋	2047	2238	内部+外部
姿	2135	1861	内部+外部
闯	2336	1862	内部+外部
肿	2049	1975	内部+外部
愚	2739	1863	内部+外部
杉	2050	2780	内部+外部
痕	2468	1864	内部+外部
甩	2052	2370	内部+外部
牺	3627	1866	外部
赌	2123	1867	内部+外部
菇	2054	3210	内部
扁	2226	1869	内部+外部
咯	2056		内部
溜	2057	1917	内部+外部
拐	2058	2121	内部+外部
哩	2570	1871	内部+外部
舱	2059	1943	内部+外部
亨	2060		内部
玻	2456	1873	内部+外部
宴	2065	2110	内部+外部
峡	2470	1878	内部+外部
舟	2066	2246	内部+外部
寨	2067	2103	内部+外部
亩	2068	2405	内部+外部
睿	2069		内部
妥	2607	1881	内部+外部
圳	2071		内部
郁	2080	1883	内部+外部
枫	2072	2928	内部+外部
氢	2073	2763	内部+外部
卧	2074	1906	内部+外部
囊	2075	2125	内部+外部
谦	2076	2265	内部+外部
彬	2077	2731	内部+外部
桐	2079	2661	内部+外部
秩	2870	1890	内部+外部
苹	2082	2535	内部+外部
羞	2987	1893	内部+外部
帆	2086	2488	内部+外部
淑	2087	2569	内部+外部
糯	2088	3456	内部
蚊	2089	2855	内部+外部
惹	2091	2008	内部+外部
廉	2092	1959	内部+外部
喘	2789	1903	内部+外部
邹	2094		内部
愁	2095	2000	内部+外部
滋	2096	1912	内部+外部
槽	2098	2967	内部+外部
疏	2195	1908	内部+外部
斥	3075	1909	内部+外部
募	2100	2702	内部+外部
惩	3028	1910	内部+外部
哒	2102		内部
谨	2483	1911	内部+外部
吻	2103	2031	内部+外部
蘸	2104		内部
捐	2106	2315	内部+外部
漠	3027	1915	内部+外部
悔	2687	1916	内部+外部
腔	2108	2060	内部+外部
瓷	2109	2354	内部+外部
涮	2110	3485	内部
挨	2547	1919	内部+外部
敷	2112	2701	内部+外部
雇	2811	1920	内部+外部
勿	2114	2449	内部+外部
瞎	2116	2245	内部+外部
仕	2117		内部
硫	2118	2790	内部+外部
汝	2119	2430	内部+外部
歼	2639	1928	内部+外部
麟	2121		内部
糟	2303	1929	内部+外部
稻	2124	2547	内部+外部
骏	2125	2999	内部+外部
勋	2126	2404	内部+外部
屠	2788	1933	内部+外部
坝	2128	2853	内部+外部
勉	2935	1935	内部+外部
厄	2129		内部
蜂	2130	1983	内部+外部
蓉	2131	2720	内部+外部
掏	2132	2095	内部+外部
赐	2327	1939	内部+外部
捏	2133	2236	内部+外部
帖	2134	2685	内部+外部
裹	2136	2350	内部+外部
磁	2201	1944	内部+外部
雯	2139		内部
钦	2140	2109	内部+外部
茫	3324	1946	外部
咨	2141	2528	内部+外部
栖	2142	2501	内部+外部
嘿	2650	1948	内部+外部
珊	2144	2518	内部+外部
橙	2145	3281	内部
卵	2147	2165	内部+外部
粹	3254	1953	内部+外部
逗	2149	2491	内部+外部
吩	5296	1955	外部
妃	2151	2138	内部+外部
醇	2152	2633	内部+外部
履	2489	1957	内部+外部
煞	2526	1958	内部+外部
伐	2154	1960	内部+外部
灌	2158	2063	内部+外部
儒	2288	1962	内部+外部
邵	2159		内部
馨	2160	2668	内部+外部
鳍	2161	2923	内部+外部
姊	3528	1965	外部
矮	2189	1966	内部+外部
盲	2163	2181	内部+外部
缠	2425	1967	内部+外部
潭	2164	2649	内部+外部
壹	2165	3490	内部
辐	2166	2574	内部+外部
琼	2167	2202	内部+外部
叠	2169	2331	内部+外部
斩	2183	1972	内部+外部
茅	2171	2262	内部+外部
铃	2173	2046	内部+外部
芽	2174	2813	内部+外部
溶	2175	2401	内部+外部
芙	2176	2619	内部+外部
巫	2495	1979	内部+外部
嚼	2177	2707	内部+外部
衫	2178	2101	内部+外部
罩	2461	1981	内部+外部
溢	2180	2477	内部+外部
柄	2612	1982	内部+外部
禾	2181	3246	内部
颁	2182	2379	内部+外部
狄	2186		内部
悠	2307	1988	内部+外部
裔	2187		内部
隶	2772	1989	内部+外部
耕	2484	1990	内部+外部
斋	2190	2457	内部+外部
爵	2584	1991	内部+外部
洒	2191	2198	内部+外部
奸	2921	1992	内部+外部
藩	2192		内部
辨	2410	1993	内部+外部
绳	2275	1994	内部+外部
棵	2194	2142	内部+外部
溃	2894	1996	内部+外部
钾	2196	3421	内部
丫	2477	1997	内部+外部
怖	3009	1998	内部+外部
婴	2342	1999	内部+外部
翅	2199	2107	内部+外部
咽	2200	2032	内部+外部
泄	2389	2002	内部+外部
娅	2204		内部
疫	2606	2004	内部+外部
娟	2205	2593	内部+外部
株	2206	2419	内部+外部
禅	2207	2041	内部+外部
锌	2209	3341	内部
匀	2210	2751	内部+外部
翰	2370	2011	内部+外部
詹	2213		内部
昊	2214		内部
劈	2902	2013	内部+外部
淮	2215	2114	内部+外部
於	2217		内部
卑	2659	2016	内部+外部
耍	2218	2230	内部+外部
矣	2310	2017	内部+外部
罕	2219	2225	内部+外部
剥	2602	2018	内部+外部
卤	2220	3351	内部
袍	3064	2019	内部+外部
炫	2224	3013	内部
吟	2752	2022	内部+外部
蓬	2225	2192	内部+外部
宰	2439	2023	内部+外部
鞭	2831	2024	内部+外部
滩	2228	2205	内部+外部
脖	3213	2026	内部+外部
愉	2229	2051	内部+外部
俘	3715	2027	外部
啃	2230	3065	内部
辱	3094	2028	内部+外部
痒	2232	2643	内部+外部
俞	2233		内部
滕	2234		内部
歪	2235	2173	内部+外部
驴	2237	2470	内部+外部
疆	2436	2034	内部+外部
浆	2238	2692	内部+外部
愣	2948	2035	内部+外部
珀	2240		内部
畏	2875	2039	内部+外部
堤	2243	2539	内部+外部
骤	2796	2040	内部+外部
扮	2245	2059	内部+外部
雁	2247	2427	内部+外部
渴	2666	2044	内部+外部
颂	2249	2533	内部+外部
妨	3203	2045	内部+外部
滤	2250	3203	内部
驰	2251	2082	内部+外部
豫	2339	2047	内部+外部
屯	2252	2620	内部+外部
劣	2613	2048	内部+外部
燥	2253	2682	内部+外部
竭	3224	2049	内部+外部
胺	2254		内部
枕	2256	2557	内部+外部
濑	2257		内部
黛	2258		内部
攒	2259		内部
览	2261	2055	内部+外部
顽	3104	2056	内部+外部
瑶	2262		内部
咖	2265	2433	内部+外部
笋	2267	3279	内部
氯	2268	3063	内部
遮	2302	2062	内部+外部
薪	2269	2312	内部+外部
穗	2270	3209	内部
籽	2271	3314	内部
夕	2437	2065	内部+外部
琦	2273		内部
锤	2274	2700	内部+外部
屁	2567	2068	内部+外部
酿	2276	2746	内部+外部
噢	2277		内部
饶	2545	2070	内部+外部
虐	2278	2689	内部+外部
笨	2280	2239	内部+外部
狭	2693	2073	内部+外部
脾	2281	2134	内部+外部
瑜	2282		内部
梗	2283	2941	内部+外部
氮	2284	3318	内部
碱	2285	2952	内部+外部
倘	3696	2078	外部
讼	3089	2079	内部+外部
苯	2289		内部
霉	2290	2537	内部+外部
裸	2292	2282	内部+外部
璃	2601	2084	内部+外部
鄂	2293	2774	内部+外部
眠	2294	2150	内部+外部
匪	2963	2086	内部+外部
郝	2295		内部
炳	2296		内部
撩	2298	3036	内部
枣	2299	2820	内部+外部
纱	2300	2362	内部+外部
蓄	2527	2092	内部+外部
妄	3156	2093	内部+外部
聂	2304	2428	内部+外部
诞	2305	2135	内部+外部
枯	2836	2099	内部+外部
趴	2309	2662	内部+外部
喉	2395	2100	内部+外部
黏	2311		内部
冢	2312		内部
畜	3662	2102	外部
蜀	2314	2375	内部+外部
痴	2840	2104	内部+外部
媛	2315		内部
凸	2316	2804	内部+外部
誓	2968	2106	内部+外部
膀	3407	2108	外部
绑	2320	2363	内部+外部
窑	2321	2418	内部+外部
妍	2322		内部
纤	2609	2111	内部+外部
嗨	2324		内部
殷	2326	2237	内部+外部
葡	2328	2241	内部+外部
桩	2329	2412	内部+外部
棚	2330	2498	内部+外部
崩	2354	2119	内部+外部
蛙	2331	2963	内部+外部
呐	2332	2576	内部+外部
淳	2333	2871	内部+外部
腺	2334	2442	内部+外部
霖	2335		内部
崖	2568	2123	内部+外部
靖	2337	2499	内部+外部
浴	2338	2347	内部+外部
刹	2487	2126	内部+外部
扛	2340	2800	内部+外部
刃	2341	2520	内部+外部
膝	2343	2273	内部+外部
凄	4186	2130	外部
橘	2344	3306	内部
葬	2369	2131	内部+外部
尧	2345	2922	内部+外部
挽	2808	2132	内部+外部
倩	2346		内部
耸	3701	2133	外部
灿	2348	2578	内部+外部
磷	2349	2951	内部+外部
泵	2350	3405	内部
哄	2351	2438	内部+外部
腥	2352	2675	内部+外部
痘	2353	3450	内部
嫂	2976	2140	内部+外部
竖	2355	2378	内部+外部
甫	2357	2180	内部+外部
颠	2728	2143	内部+外部
椰	2358	3406	内部
尉	3163	2144	内部+外部
煌	2359	2435	内部+外部
陡	3191	2145	内部+外部
眨	3577	2146	外部
筒	2361	2207	内部+外部
渊	2362	2244	内部+外部
兜	2363	2463	内部+外部
陕	2453	2149	内部+外部
噪	2364	2848	内部+外部
邨	2365		内部
饲	3038	2151	内部+外部
闽	2367	3078	内部
恤	2368	3106	内部
驳	3242	2154	内部+外部
焕	2371	2808	内部+外部
爪	2408	2157	内部+外部
杏	2373	2672	内部+外部
拘	2932	2158	内部+外部
胀	2374	2270	内部+外部
腌	2376		内部
酬	2807	2160	内部+外部
喔	2377		内部
寇	2630	2161	内部+外部
蒲	2378	2304	内部+外部
裴	2379		内部
彤	2380	3383	内部
僵	2851	2164	内部+外部
铅	2381	2688	内部+外部
揉	2382	2653	内部+外部
盼	2463	2166	内部+外部
逝	2535	2167	内部+外部
雀	2387	2410	内部+外部
棍	2656	2170	内部+外部
廊	2391	2220	内部+外部
嗣	2393		内部
俯	3409	2176	外部
匙	2394	2635	内部+外部
陌	2754	2177	内部+外部
窃	2817	2178	内部+外部
矢	2396	2629	内部+外部
泳	2397	2738	内部+外部
梓	2399		内部
钩	2400	2218	内部+外部
骄	3220	2182	内部+外部
贱	2401	2476	内部+外部
姻	2798	2183	内部+外部
奕	2402		内部
倪	2403		内部
绣	2404	2300	内部+外部
栗	2405	2641	内部+外部
拱	2600	2187	内部+外部
猩	3716	2188	外部
佑	2407	2788	内部+外部
绵	2409	2210	内部+外部
啸	3018	2190	内部+外部
摧	3078	2191	内部+外部
龚	2411		内部
蹭	2412	3262	内部
菩	3311	2193	外部
稠	2413	3155	内部
萝	2414	2678	内部+外部
澄	2415	2695	内部+外部
氛	2857	2197	内部+外部
晖	2417		内部
芦	2418	2519	内部+外部
饥	3016	2199	内部+外部
钠	2419	3317	内部
筛	2420	3189	内部
泊	2540	2200	内部+外部
蔬	2423	2765	内部+外部
铸	2424	2461	内部+外部
咳	2544	2204	内部+外部
讶	4143	2206	外部
屎	2427	3089	内部
杠	2428	3016	内部
嘱	3710	2208	外部
埔	2429		内部
衍	2430	2484	内部+外部
簇	2431	2812	内部+外部
靓	2432		内部
挪	2682	2211	内部+外部
塌	2433	2487	内部+外部
棕	2434	2827	内部+外部
辟	2673	2213	内部+外部
钧	2435	2503	内部+外部
歧	2879	2215	内部+外部
薯	2440	3254	内部
谅	3273	2219	内部+外部
茹	2441		内部
焖	2442		内部
纬	2443	2775	内部+外部
吁	3538	2221	外部
彰	2444	2925	内部+外部
巾	2690	2222	内部+外部
喀	2445		内部
沫	2446	2621	内部+外部
帘	2447	2400	内部+外部
酮	2448		内部
氟	2449		内部
梳	2450	2631	内部+外部
豹	2451	2308	内部+外部
吏	2785	2229	内部+外部
巢	2452	2359	内部+外部
坠	2454	2243	内部+外部
冀	2455	2475	内部+外部
歉	3208	2232	内部+外部
躯	3566	2233	外部
翘	2457	2767	内部+外部
熏	2458	2906	内部+外部
痰	2459	3012	内部
陨	2460	3059	内部
炭	2462	2478	内部+外部
攀	2464	2385	内部+外部
匠	2603	2240	内部+外部
镁	2465		内部
搓	2466	2919	内部+外部
寡	3022	2242	内部+外部
搅	2467	2586	内部+外部
魅	2471	2555	内部+外部
冤	3033	2247	内部+外部
曦	2472		内部
祠	2473	3056	内部
汀	2474		内部
贬	2475	2546	内部+外部
蠢	2476	2261	内部+外部
钉	2513	2251	内部+外部
瞒	3006	2252	内部+外部
憋	2478	2794	内部+外部
岐	2479		内部
耻	3236	2254	内部+外部
谜	2481	2508	内部+外部
擅	2843	2256	内部+外部
陀	2482		内部
昔	2756	2257	内部+外部
阎	2713	2258	内部+外部
骇	4173	2259	外部
硅	2486	3221	内部
诡	3144	2260	内部+外部
渝	2488	3344	内部
磅	2492	2914	内部+外部
乖	2511	2266	内部+外部
厢	2493	2456	内部+外部
屡	2494	2417	内部+外部
媚	2762	2269	内部+外部
婉	2496	2462	内部+外部
夷	2497	2278	内部+外部
饺	2498	3334	内部
庸	2725	2271	内部+外部
茜	2499		内部
乞	3103	2272	内部+外部
衙	3993	2274	外部
逮	3097	2275	内部+外部
樊	2503		内部
宛	3017	2277	内部+外部
匿	2506	2849	内部+外部
撸	2507		内部
矩	2508	2329	内部+外部
骚	2610	2280	内部+外部
秉	2509	2729	内部+外部
荆	2734	2281	内部+外部
姨	2653	2283	内部+外部
酯	2512		内部
搏	2514	2296	内部+外部
嚷	3539	2286	外部
泼	2515	2358	内部+外部
哑	3098	2287	内部+外部
玮	2516		内部
恍	4050	2288	外部
咒	2553	2289	内部+外部
釉	2518		内部
葵	2519	3274	内部
惶	4372	2290	外部
鲤	2520	3075	内部
杖	2835	2291	内部+外部
屿	2521	2753	内部+外部
窜	2930	2292	内部+外部
芭	2522	3039	内部
瓣	2523	2935	内部+外部
喻	2524	2415	内部+外部
恕	2941	2295	内部+外部
兮	2525		内部
焰	2962	2297	内部+外部
祛	2528		内部
淫	2848	2299	内部+外部
耿	2530	2440	内部+外部
岚	2531		内部
侨	2532	2492	内部+外部
卸	2533	2489	内部+外部
丐	4060	2303	外部
禹	2536	2847	内部+外部
蔽	3366	2306	外部
鲸	2537	2667	内部+外部
凹	2538	2796	内部+外部
窦	2539		内部
碘	2541	3384	内部
咐	5091	2310	外部
蔚	2542	3064	内部
阐	3693	2311	外部
藕	2543	3379	内部
轿	2671	2313	内部+外部
蜡	2546	2616	内部+外部
冥	2995	2316	内部+外部
茄	2548	3113	内部
愧	3525	2317	外部
灶	2549	2722	内部+外部
衷	3021	2318	内部+外部
谎	3374	2319	外部
拽	2551	2932	内部+外部
缅	2552	2646	内部+外部
猿	2791	2320	内部+外部
皓	2554	2930	内部+外部
暑	2555	2801	内部+外部
栽	2878	2323	内部+外部
嘎	2556		内部
掀	2594	2324	内部+外部
菱	2557	2726	内部+外部
舔	2558	3071	内部
邑	2560	2927	内部+外部
嘲	3212	2328	内部+外部
椎	2562	2608	内部+外部
芸	2563		内部
璐	2564		内部
靴	2565	2958	内部+外部
喽	2566		内部
脊	2590	2333	内部+外部
谊	2891	2335	内部+外部
哨	3151	2336	内部+外部
斐	2571		内部
捂	2572	2758	内部+外部
慨	3505	2339	外部
迦	2573		内部
嗓	3578	2340	外部
舅	3401	2341	外部
寓	2820	2342	内部+外部
幢	2577	2589	内部+外部
戚	2625	2343	内部+外部
仑	2614	2344	内部+外部
锂	2579		内部
掘	2636	2346	内部+外部
垒	2582	2524	内部+外部
恳	3934	2348	外部
隋	2583	2666	内部+外部
倡	3042	2349	内部+外部
寅	2585	3236	内部
芋	2586	3469	内部
帧	2587		内部
桓	2588		内部
祈	2999	2355	内部+外部
哉	2591	2687	内部+外部
绒	2592	2739	内部+外部
拂	3146	2357	内部+外部
咏	2593	3238	内部
甸	2595	2714	内部+外部
喵	2596		内部
闵	2597		内部
藻	2598	2750	内部+外部
糙	2599	3122	内部
坟	2637	2366	内部+外部
俏	2604	2594	内部+外部
侄	3677	2368	外部
昕	2605		内部
匈	3561	2371	外部
躬	3776	2372	外部
胳	4503	2373	外部
拎	2611	3042	内部
焉	2841	2377	内部+外部
棘	2615	2866	内部+外部
梭	2616	2655	内部+外部
苔	2617	3082	内部
衬	2618	2505	内部+外部
阜	2619		内部
玫	2839	2381	内部+外部
蕴	2620	2559	内部+外部
萄	2813	2382	内部+外部
钛	2621		内部
僚	3929	2383	外部
渗	2622	2485	内部+外部
乍	2623	2660	内部+外部
撰	2828	2386	内部+外部
旬	2918	2387	内部+外部
镀	2627	3415	内部
嘻	3668	2389	外部
鸽	2628	2719	内部+外部
焗	2629		内部
媳	3479	2390	外部
滞	2631	2406	内部+外部
邢	2632		内部
愕	5007	2393	外部
滥	3029	2394	内部+外部
虞	2634		内部
讽	3614	2395	外部
揽	2635	2760	内部+外部
躁	2997	2396	内部+外部
厘	2847	2397	内部+外部
憾	3188	2398	内部+外部
襄	2640		内部
雍	2641		内部
澜	2642	2777	内部+外部
晰	2959	2402	内部+外部
沛	2643	2964	内部+外部
咪	2644	3157	内部
伽	2645		内部
镰	2646	3348	内部
舆	3037	2407	内部+外部
腕	2648	2455	内部+外部
芥	2649	3382	内部
挫	2874	2409	内部+外部
羹	2651	3243	内部
芹	2652	3300	内部
衔	2702	2411	内部+外部
礁	2654	2969	内部+外部
搁	2956	2413	内部+外部
呃	2655		内部
嵌	2657	2830	内部+外部
哗	3699	2416	外部
氨	2658	3073	内部
蚁	2660	2591	内部+外部
泻	2661	2730	内部+外部
雌	2662	2496	内部+外部
郊	2868	2420	内部+外部
莓	2663		内部
鸦	3079	2421	内部+外部
庵	2664	2877	内部+外部
卒	2701	2422	内部+外部
鳞	2665	2696	内部+外部
臀	2667	3043	内部
秃	3193	2425	内部+外部
屑	2668	2622	内部+外部
澡	2669	2723	内部+外部
奢	2670	2596	内部+外部
晟	2672		内部
铬	2674		内部
虏	3751	2431	外部
阀	2675	2747	内部+外部
肢	2925	2432	内部+外部
淹	2676	2573	内部+外部
腓	2677		内部
咕	3476	2434	外部
浊	2678	2953	内部+外部
焯	2679		内部
耽	3152	2436	内部+外部
抠	2680	3411	内部
肆	3158	2437	内部+外部
彪	2681	2444	内部+外部
弊	2746	2439	内部+外部
拧	2683	2921	内部+外部
舜	2685		内部
叮	2784	2441	内部+外部
牟	2686		内部
倦	3424	2443	外部
寮	2688		内部
渍	2689		内部
焚	3280	2445	内部+外部
尴	3482	2447	外部
冉	2692	2959	内部+外部
巩	3128	2448	内部+外部
圭	2694		内部
佰	2696		内部
鄙	3868	2451	外部
檀	2697	2954	内部+外部
瞄	2775	2452	内部+外部
槿	2698		内部
墩	2699	3244	内部
拢	3357	2454	外部
烯	2700		内部
蹄	2703	2581	内部+外部
怯	3718	2458	外部
炜	2704		内部
诈	2769	2459	内部+外部
驹	2705	3259	内部
沥	2706	3336	内部
呜	3411	2460	外部
卦	2707	2986	内部+外部
沁	2708	2888	内部+外部
垣	2710		内部
魄	3345	2464	外部
莞	2711		内部
诀	3043	2465	内部+外部
掐	2712	2985	内部+外部
绢	3547	2466	外部
擒	3207	2467	内部+外部
囚	3277	2468	内部+外部
梵	2715		内部
禀	3853	2469	外部
沐	2716	2818	内部+外部
肇	2717	3103	内部
峻	2718	2625	内部+外部
垄	3439	2471	外部
滇	2719	3176	内部
倚	2966	2472	内部+外部
啤	2720	2870	内部+外部
孚	2721		内部
舶	3804	2474	外部
沼	2722	2571	内部+外部
蹦	2723	2699	内部+外部
馋	2724	3370	内部
稽	3450	2479	外部
涩	2727	2867	内部+外部
汶	2729		内部
泣	3137	2481	内部+外部
庚	2730	2880	内部+外部
魁	2731	2507	内部+外部
嗲	2732		内部
镶	2733	2876	内部+外部
狡	4158	2486	外部
荤	2735	3441	内部
蔓	2737	2728	内部+外部
捅	2738	3023	内部
嘶	3833	2490	外部
棠	2741	2550	内部+外部
笛	2742	2563	内部+外部
昧	3458	2493	外部
翟	2743		内部
甄	2744		内部
棺	3249	2495	内部+外部
霾	2745		内部
祐	2747		内部
磕	2748	2665	内部+外部
酚	2749		内部
懿	2750		内部
皂	2751	3070	内部
啡	2802	2502	内部+外部
钰	2753		内部
贩	2985	2504	内部+外部
岑	2755		内部
咩	2757		内部
硝	2758	2966	内部+外部
闫	2759		内部
毙	3636	2509	外部
麽	2760		内部
茎	2761	2778	内部+外部
纺	2852	2510	内部+外部
掷	2945	2511	内部+外部
韧	2763	3109	内部
赣	2764	3133	内部
烛	3380	2513	外部
膨	3289	2514	内部+外部
袜	2767	3004	内部
谬	3922	2516	外部
锻	2790	2517	内部+外部
烙	2770	3161	内部
阪	2771		内部
坨	2773		内部
隙	3197	2521	内部+外部
谐	2774	2562	内部+外部
喇	2823	2523	内部+外部
祁	2776		内部
祀	2777	3057	内部
旱	3184	2525	内部+外部
侃	2778		内部
瑾	2779		内部
钥	2876	2527	内部+外部
祺	2780		内部
沸	2781	2607	内部+外部
譬	4192	2529	外部
铎	2782		内部
盏	2783	2551	内部+外部
傍	3122	2530	内部+外部
驼	3178	2532	内部+外部
冶	2786	2762	内部+外部
厝	2787		内部
佣	3171	2536	内部+外部
臻	2792		内部
畔	2793	2741	内部+外部
掰	2795	3420	内部
搂	3258	2541	内部+外部
茵	2797	2834	内部+外部
斧	2929	2543	内部+外部
砰	3908	2544	外部
闸	2799	3140	内部
谍	3247	2545	内部+外部
绮	2800		内部
妞	2803		内部
娄	2804	3225	内部
萱	2805		内部
鳝	2806		内部
札	2809		内部
黯	3898	2554	外部
栈	2810	3090	内部
捆	3008	2556	内部+外部
剿	3840	2558	外部
笃	2814		内部
痣	2815		内部
霆	2816		内部
骆	2825	2560	内部+外部
咧	3056	2561	内部+外部
颐	2818		内部
蛛	2819	2651	内部+外部
镍	2821		内部
榨	2822	3333	内部
挟	3670	2567	外部
绫	2824		内部
壤	3438	2568	外部
唑	2826		内部
钞	2827	2671	内部+外部
榕	2829	3449	内部
厕	2830	2913	内部+外部
孰	2832		内部
皖	2833	3117	内部
烘	2834	3150	内部
禽	3164	2579	内部+外部
菁	2837		内部
湛	2838		内部
绅	3106	2580	内部+外部
啪	3174	2582	内部+外部
蕨	2842		内部
枢	3046	2584	内部+外部
伺	4024	2585	外部
晾	2844	3377	内部
瘾	2845	3127	内部
羡	3026	2587	内部+外部
佬	2846		内部
凛	3306	2588	外部
剁	2849		内部
剖	2940	2590	内部+外部
莺	2850	2752	内部+外部
瞅	3365	2592	外部
卯	2853	3374	内部
碾	2854	3288	内部
绞	3135	2595	内部+外部
淀	2855	3151	内部
钵	2856		内部
膊	4246	2597	外部
藉	3102	2598	内部+外部
荫	2858	2718	内部+外部
瞻	2859	2926	内部+外部
瀚	2860		内部
谴	4341	2600	外部
棱	2861	2887	内部+外部
璇	2862		内部
窥	3229	2602	内部+外部
毓	2863		内部
蕊	2864	3045	内部
敞	3165	2604	内部+外部
祷	4012	2605	外部
桦	2866	3410	内部
凰	3124	2606	内部+外部
黔	2867	3365	内部
忒	2869		内部
婧	2871		内部
呛	2872	3096	内部
顷	3489	2611	外部
弧	2873	2902	内部+外部
绸	3244	2612	内部+外部
叩	3890	2614	外部
琛	2877		内部
侮	4385	2617	外部
捣	3024	2618	内部+外部
楷	2881	3278	内部
嵩	2882		内部
淇	2883		内部
瑛	2884		内部
笠	2885		内部
谣	2933	2623	内部+外部
驿	2886		内部
瑰	3323	2624	外部
懵	2887		内部
戊	2888	3156	内部
喧	3775	2626	外部
潇	2889	2817	内部+外部
垃	2890	2658	内部+外部
莽	3449	2628	外部
馍	2892	3423	内部
撇	2957	2630	内部+外部
栓	2895	2972	内部+外部
肋	2896	3025	内部
圾	2897	2773	内部+外部
辜	3394	2634	外部
粪	2898	2879	内部+外部
铂	2899		内部
迄	3735	2636	外部
樟	2900	3437	内部
睹	3300	2637	内部+外部
瞳	2901	3145	内部
嫉	3623	2638	外部
嗅	2961	2639	内部+外部
珂	2903		内部
峪	2904		内部
镑	3121	2640	内部+外部
铲	2905	2878	内部+外部
涡	2906	2854	内部+外部
诵	3070	2642	内部+外部
鸥	2907	3253	内部
蛤	2908	3332	内部
妒	3788	2644	外部
鲨	2909	3222	内部
颊	3314	2645	外部
揍	2910	3094	内部
羌	2911		内部
缚	3526	2647	外部
硒	2912		内部
萤	2913	3226	内部
暮	2914	2713	内部+外部
鲷	2915		内部
膳	2916		内部
剃	2917	3086	内部
凳	3189	2652	内部+外部
挠	2919	2725	内部+外部
堕	3169	2654	内部+外部
鳄	2920	3320	内部
妓	3705	2656	外部
霄	2922	2990	内部+外部
勘	3123	2657	内部+外部
鹭	2923		内部
锯	2924	3024	内部
篷	3584	2659	外部
钜	2926		内部
飙	2927		内部
扳	2928	2897	内部+外部
缕	3227	2663	内部+外部
朽	4141	2664	外部
嗜	2931	2868	内部+外部
酪	2934	3375	内部
贿	3384	2669	外部
肘	2936	2918	内部+外部
髓	2937	2857	内部+外部
憎	4191	2670	外部
褐	2938	2705	内部+外部
筱	2939		内部
蔑	4286	2673	外部
苟	3116	2674	内部+外部
戎	2942	2823	内部+外部
荟	2943		内部
饵	2944	3111	内部
昼	3252	2677	内部+外部
宸	2946		内部
碌	3461	2679	外部
柿	2947	3214	内部
垮	3045	2680	内部+外部
觅	2949	2810	内部+外部
寝	3118	2681	内部+外部
禧	2950		内部
墅	2951	2992	内部+外部
姥	3679	2683	外部
锥	2952	2949	内部+外部
蝉	2953	2793	内部+外部
掺	2954	3102	内部
沦	3422	2686	外部
睇	2955		内部
昱	2958		内部
嗡	3879	2690	外部
巍	2960	3048	内部
沮	3857	2691	外部
旷	3391	2693	外部
涯	3023	2694	内部+外部
艮	2964		内部
烹	2965	3231	内部
滔	3603	2697	外部
泌	2967	2717	内部+外部
寞	3737	2698	外部
盅	2970		内部
佟	2971		内部
擀	2972		内部
眯	3441	2703	外部
脐	2974	3407	内部
韬	2975		内部
汹	4505	2706	外部
簿	2977	2851	内部+外部
焊	2978	3444	内部
奠	3263	2708	内部+外部
曜	2979		内部
榴	3356	2709	外部
丞	2980		内部
庐	2981	2743	内部+外部
拙	3330	2710	外部
胰	2982	3188	内部
畴	3891	2711	外部
蚕	3120	2712	内部+外部
晏	2984		内部
埠	2986	3280	内部
吱	4009	2715	外部
蚀	3095	2716	内部+外部
瘫	2988	2757	内部+外部
橡	2989	2896	内部+外部
灼	2990	2768	内部+外部
廓	2991	2945	内部+外部
擎	2992	2965	内部+外部
溅	2993	2733	内部+外部
叭	3419	2721	外部
琉	2994	2781	内部+外部
玺	2996		内部
峨	3609	2724	外部
坞	2998		内部
稚	3161	2727	内部+外部
烷	3000		内部
幂	3001		内部
沧	3002	2745	内部+外部
汞	3003	3394	内部
俭	3004	2950	内部+外部
鲈	3005		内部
遏	3783	2732	外部
蓓	3007		内部
熄	3485	2734	外部
朦	4449	2736	外部
砌	3010	3087	内部
琢	3451	2737	外部
埼	3011		内部
矶	3012		内部
呦	3013		内部
锈	3014	3218	内部
凿	3167	2740	内部+外部
芮	3015		内部
敛	3431	2742	外部
惭	4575	2744	外部
亥	3019	3050	内部
婕	3020		内部
侣	3182	2748	内部+外部
拯	3243	2749	内部+外部
煜	3025		内部
岱	3030		内部
蹈	3148	2755	内部+外部
脓	3031	3223	内部
豁	3581	2756	外部
巳	3032	3091	内部
漾	3034	3347	内部
陋	3825	2759	外部
靶	3035	3062	内部
洽	3036	3030	内部
泷	3039		内部
肪	3040	3058	内部
懈	3800	2764	外部
怂	3041		内部
娥	3133	2766	内部+外部
庇	3044	2784	内部+外部
舵	3448	2769	外部
柚	3047		内部
缔	3813	2770	外部
汛	3048	3378	内部
钮	3105	2771	内部+外部
匡	3049		内部
讥	4405	2772	外部
朔	3050		内部
秤	3051	3354	内部
瀑	3052	3031	内部
灸	3053	3445	内部
歹	4134	2776	外部
槐	3054	3002	内部
翡	3055		内部
枉	3428	2779	外部
诏	3057		内部
粟	3058	2856	内部+外部
怼	3059		内部
蹬	3060	2942	内部+外部
梢	3471	2782	外部
裘	3062		内部
薰	3063		内部
跋	3491	2785	外部
毯	3322	2786	外部
熵	3065		内部
萎	3460	2787	外部
桔	3066	3172	内部
柠	3067	3471	内部
裳	3418	2789	外部
榆	3068	3100	内部
漳	3069		内部
狸	3257	2791	内部+外部
醛	3071		内部
窟	3210	2792	内部+外部
烨	3072		内部
侬	3073		内部
胤	3074		内部
绰	3503	2795	外部
汐	3076		内部
烩	3077		内部
赎	3100	2799	内部+外部
骁	3081		内部
烁	3536	2802	外部
檐	3083	3021	内部
嚣	3746	2803	外部
遛	3084		内部
朕	3085		内部
揣	3370	2805	外部
嗒	3086		内部
匕	4723	2806	外部
鞍	3087	3001	内部
怠	3826	2807	外部
趾	3088	3099	内部
孽	3861	2809	外部
吖	3090		内部
肽	3091		内部
胚	3092	2977	内部+外部
呕	3462	2811	外部
玖	3093	3495	内部
矫	3400	2814	外部
孜	3096		内部
僻	4088	2815	外部
酉	3101	3387	内部
宦	3806	2821	外部
蝇	3198	2822	内部+外部
癣	3107	3452	内部
啼	3564	2825	外部
巅	3108	3224	内部
呻	5758	2826	外部
蕉	3109	3119	内部
踹	3110		内部
伶	3379	2828	外部
璋	3111		内部
敖	3112		内部
褚	3113		内部
茗	3114		内部
暇	3742	2831	外部
祯	3117		内部
迭	3119	2947	内部+外部
炕	3786	2836	外部
驯	3483	2837	外部
弼	3125		内部
赦	3983	2841	外部
慷	4034	2842	外部
恺	3127		内部
蚂	3796	2843	外部
惕	3548	2844	外部
荔	3129	3395	内部
悍	3508	2845	外部
洼	3130	3153	内部
揪	3131	2860	内部+外部
淼	3132		内部
疮	3134	3072	内部
韶	3136		内部
颓	3914	2852	外部
庶	3138	2889	内部+外部
肛	3139	3266	内部
泾	3140		内部
蒿	3141		内部
竿	3142	2933	内部+外部
幡	3143		内部
琐	3369	2858	外部
溯	3195	2859	内部+外部
颅	3145	3014	内部
沽	3147	3271	内部
诫	3867	2861	外部
尬	3259	2862	内部+外部
馈	3149	2994	内部+外部
蝴	3869	2863	外部
蚝	3150		内部
窘	4373	2864	外部
盔	3520	2865	外部
琅	3153	3183	内部
蜥	3154		内部
麓	3155		内部
踱	5146	2869	外部
茱	3157		内部
萃	3159		内部
哺	3459	2872	外部
剔	3160	3060	内部
婶	3876	2873	外部
晌	5223	2874	外部
蛾	3162	3202	内部
唾	3874	2875	外部
刁	3166	2973	内部+外部
绥	3168		内部
扼	4045	2881	外部
泓	3170		内部
膛	3595	2882	外部
疤	3201	2883	内部+外部
隅	3172	3252	内部
聋	3465	2884	外部
芷	3173		内部
叨	3593	2885	外部
筷	3329	2886	外部
崭	3175	2991	内部+外部
菅	3176		内部
苓	3177		内部
笙	3179	3316	内部
羚	3180	3403	内部
绷	3349	2891	外部
鞠	3181	2907	内部+外部
渺	3675	2892	外部
迂	4873	2893	外部
髋	3183		内部
葫	4107	2894	外部
拣	3266	2895	内部+外部
梧	3185	3143	内部
钳	3186	3159	内部
豉	3187		内部
牡	3554	2898	外部
襟	3496	2899	外部
槛	3190	3258	内部
眷	3361	2900	外部
浏	3348	2901	外部
隧	3192	3169	内部
贮	3555	2903	外部
瘀	3194		内部
窍	3468	2904	外部
疹	3196	3179	内部
稼	3873	2908	外部
钝	3199	3068	内部
匣	3290	2909	内部+外部
杞	3200		内部
霎	5462	2910	外部
赁	3202	3128	内部
栅	3487	2911	外部
岔	3493	2912	外部
颌	3204		内部
褒	3205	3201	内部
缤	3206	3380	内部
斟	4171	2915	外部
缆	3469	2917	外部
桨	3209	2946	内部+外部
钊	3211		内部
晦	3835	2920	外部
缇	3214		内部
犀	3215	3040	内部
溴	3216		内部
帜	4079	2924	外部
靳	3217		内部
娴	3218		内部
毗	3219		内部
驭	3221		内部
吭	4290	2929	外部
羯	3222		内部
熔	3223	2975	内部+外部
嗽	3654	2931	外部
鳗	3225		内部
蕙	3226		内部
嚎	4031	2934	外部
玥	3228		内部
峭	4062	2936	外部
臧	3230		内部
汾	3231		内部
忿	4865	2938	外部
渭	3232		内部
胧	4391	2939	外部
堰	3234	3291	内部
嘀	4013	2940	外部
汰	3235	3027	内部
蝠	3237	3177	内部
夭	3848	2943	外部
壬	3238	3250	内部
淌	3644	2944	外部
瞿	3239		内部
狩	3240		内部
椿	3241	3430	内部
逞	4035	2948	外部
璧	3245	3257	内部
刨	3246	3268	内部
撮	3250	3229	内部
讳	3562	2955	外部
榄	3251	3371	内部
撼	3297	2956	内部+外部
哆	4001	2957	外部
嗖	3253		内部
廿	3255		内部
雏	3256	3245	内部
绽	3502	2960	外部
诬	4502	2961	外部
宵	3402	2962	外部
谥	3260		内部
孵	3261	3175	内部
陇	3262		内部
轧	3264	3158	内部
崛	3484	2968	外部
筐	3265	3190	内部
桢	3267		内部
腮	3530	2970	外部
垢	3268	3181	内部
哮	4040	2971	外部
唠	3269	3174	内部
淤	3270	3260	内部
吝	3271	3207	内部
蜘	4606	2974	外部
婊	3272		内部
懊	5089	2976	外部
噬	3274		内部
砚	3275	3357	内部
苛	3748	2978	外部
锰	3276	3481	内部
侥	4550	2979	外部
酵	3278	3338	内部
拇	3678	2980	外部
檬	3279	3439	内部
酌	3655	2981	外部
窒	4384	2982	外部
褪	3281	3136	内部
柬	3616	2983	外部
泸	3282		内部
悼	3517	2984	外部
苷	3283		内部
咦	3284		内部
荀	3285		内部
絮	3405	2987	外部
铮	3286		内部
缀	3295	2988	内部+外部
懋	3287		内部
锣	3444	2989	外部
戌	3288	3376	内部
浚	3291		内部
嫡	3292		内部
墟	3333	2993	外部
涧	3293	3289	内部
覃	3294		内部
涕	3553	2995	外部
矗	3894	2996	外部
彝	3296		内部
徘	4282	2997	外部
渚	3298		内部
皋	3299		内部
煽	4388	3000	外部
